model,rep,strategy,nds_mean,nds_std,baseline_r2,n_iterations,in_anova
dnn,continuous_pdv,hetero,-0.23113491420794005,,0.8685825288295745,1,True
dnn,continuous_pdv,legacy,-0.40732365948125226,,0.8672125008371141,1,True
dnn,continuous_pdv,outlier,-0.15794563916596496,,0.8685825288295745,1,True
dnn,continuous_pdv,quantile,-0.36807276221236795,,0.8685825288295745,1,True
dnn,continuous_pdv,threshold,-0.7659042561295056,,0.8685825288295745,1,True
dnn,continuous_pdv,valprop,-0.6848496101119301,,0.8685825288295745,1,True
dnn,ecfp4,hetero,-0.2412531068981296,,0.7958414480090141,1,True
dnn,ecfp4,legacy,-0.4263429695909674,,0.7899669885635376,1,True
dnn,ecfp4,outlier,-0.13052093874324447,,0.7908749222755432,1,True
dnn,ecfp4,quantile,-0.3591562845490196,,0.7891233444213868,1,True
dnn,ecfp4,threshold,-0.8291493470620627,,0.7901876032352447,1,True
dnn,ecfp4,valprop,-0.7461199368340801,,0.7873104810714722,1,True
dnn,mhggnn,hetero,-0.21161894093860284,,0.6287702023983002,1,True
dnn,mhggnn,legacy,-0.4706244354898279,,0.6978182435035706,1,True
dnn,mhggnn,outlier,-0.13958721269260752,,0.6978182435035706,1,True
dnn,mhggnn,quantile,-0.5033172981305557,,0.669192659854889,1,True
dnn,mhggnn,threshold,-0.763705418326638,,0.697547447681427,1,True
dnn,mhggnn,valprop,-0.6905819385942786,,0.611171113120185,1,True
dnn,mol2vec,hetero,-0.22733984039545402,,0.7424286868837144,1,True
dnn,mol2vec,legacy,-0.3475342367484112,,0.7388164401054382,1,True
dnn,mol2vec,outlier,-0.0975121802581853,,0.7229603197839525,1,True
dnn,mol2vec,quantile,-0.38808611485392164,,0.7258075806829665,1,True
dnn,mol2vec,threshold,-0.6819157749306933,,0.7167454447065081,1,True
dnn,mol2vec,valprop,-0.647422299143814,,0.7377048432826996,1,True
dnn,morgan,hetero,-0.2490467891548619,,0.7660813689231872,1,False
dnn,morgan,legacy,-0.43389331571983564,,0.7660813689231872,1,False
dnn,morgan,outlier,-0.14074280394448171,,0.7660813689231872,1,False
dnn,morgan,quantile,-0.3700389905409379,,0.7660813689231872,1,False
dnn,morgan,threshold,-0.8167862732001026,,0.7660813689231872,1,False
dnn,morgan,valprop,-0.7340456816283139,,0.7660813689231872,1,False
dnn,pdv,hetero,-0.20037870741251745,,0.8342476189136505,1,False
dnn,pdv,legacy,-0.3626742390069095,,0.8298896312713623,1,False
dnn,pdv,outlier,-0.13327454436909072,,0.8290776014328003,1,False
dnn,pdv,quantile,-0.32672307816418733,,0.8290776014328003,1,False
dnn,pdv,threshold,-0.6965822165662592,,0.8277819216251373,1,False
dnn,pdv,valprop,-0.6287946623082113,,0.8309212803840638,1,False
dnn,randomized_smiles,legacy,-0.4209716210268104,,0.6992551803588867,1,False
dnn,randomized_smiles,outlier,-0.13266073013796953,,0.6983747124671936,1,False
dnn,randomized_smiles,quantile,-0.35089051023577195,,0.6929030641913414,1,False
dnn,randomized_smiles,threshold,-0.8463319140853304,,0.6953794360160828,1,False
dnn,smiles,hetero,-0.23842749192257118,,0.7378226584858365,1,True
dnn,smiles,legacy,-0.4415021722966975,,0.7385965049266815,1,True
dnn,smiles,outlier,-0.14246021617542615,,0.7376427054405212,1,True
dnn,smiles,quantile,-0.3818309128284454,,0.7366508662700653,1,True
dnn,smiles,threshold,-0.875160593878139,,0.7383681416511536,1,True
dnn,smiles,valprop,-0.7689921173182399,,0.7344182252883911,1,True
dnn,sns,hetero,-0.2552070451053706,,0.8200056486659579,1,False
dnn,sns,legacy,-0.4650858754461462,,0.8204737484455109,1,False
dnn,sns,outlier,-0.16174326430667532,,0.8203011393547058,1,False
dnn,sns,quantile,-0.4314731993458488,,0.8202997088432312,1,False
dnn,sns,threshold,-0.9065206180919301,,0.8199617624282837,1,False
dnn,sns,valprop,-0.8090792005712335,,0.8211061596870423,1,False
dnn_bnn_full,continuous_pdv,hetero,-0.2123077351336527,,0.8538276016712188,1,True
dnn_bnn_full,continuous_pdv,legacy,-0.3783638592922326,,0.8538276016712188,1,True
dnn_bnn_full,continuous_pdv,outlier,-0.1492919605789763,,0.8538276016712188,1,True
dnn_bnn_full,continuous_pdv,quantile,-0.35204838833423574,,0.8538276016712188,1,True
dnn_bnn_full,continuous_pdv,threshold,-0.7151010488620912,,0.8538276016712188,1,True
dnn_bnn_full,continuous_pdv,valprop,-0.6449799369681966,,0.849374254544576,1,True
dnn_bnn_full,ecfp4,hetero,-0.21154733679511334,,0.7915623386700948,1,True
dnn_bnn_full,ecfp4,legacy,-0.3664963351355659,,0.7840717017650605,1,True
dnn_bnn_full,ecfp4,outlier,-0.12257038210377551,,0.7836282551288605,1,True
dnn_bnn_full,ecfp4,quantile,-0.33960853062494833,,0.7836282551288605,1,True
dnn_bnn_full,ecfp4,threshold,-0.68350377462127,,0.7836282551288605,1,True
dnn_bnn_full,ecfp4,valprop,-0.6157826392036497,,0.7798995971679688,1,True
dnn_bnn_full,morgan,hetero,-0.2211404602937024,,0.7586346209049225,1,False
dnn_bnn_full,morgan,legacy,-0.33231408764617615,,0.6372061431407928,1,False
dnn_bnn_full,morgan,outlier,-0.11810298236933624,,0.7586346209049225,1,False
dnn_bnn_full,morgan,quantile,-0.34738944764390134,,0.7586346209049225,1,False
dnn_bnn_full,morgan,threshold,-0.7793369622801636,,0.7586346209049225,1,False
dnn_bnn_full,morgan,valprop,-0.6908729595969423,,0.7586346209049225,1,False
dnn_bnn_full,pdv,hetero,-0.18789999165920296,,0.8145029677285088,1,False
dnn_bnn_full,pdv,legacy,-0.3398044326088645,,0.8138973116874695,1,False
dnn_bnn_full,pdv,outlier,-0.15084152492609892,,0.8135307610034943,1,False
dnn_bnn_full,pdv,quantile,-0.3010770429264416,,0.8148637652397156,1,False
dnn_bnn_full,pdv,threshold,-0.6571050855246457,,0.8148637652397156,1,False
dnn_bnn_full,pdv,valprop,-0.5891525168009478,,0.814073646068573,1,False
dnn_bnn_full,smiles,hetero,-0.20272490978240965,,0.7552856743335724,1,True
dnn_bnn_full,smiles,legacy,-0.3567619854753668,,0.7553868770599366,1,True
dnn_bnn_full,smiles,outlier,-0.12285566438328142,,0.7541690647602082,1,True
dnn_bnn_full,smiles,quantile,-0.33707750548015947,,0.7542908430099488,1,True
dnn_bnn_full,smiles,threshold,-0.6708452484824441,,0.7574119329452514,1,True
dnn_bnn_full,smiles,valprop,-0.593269860202616,,0.754777193069458,1,True
dnn_bnn_full,sns,hetero,-0.22283472033462137,,0.8258293986320495,1,False
dnn_bnn_full,sns,legacy,-0.38934557979757134,,0.8273230195045471,1,False
dnn_bnn_full,sns,outlier,-0.125842944058505,,0.8269217908382416,1,False
dnn_bnn_full,sns,quantile,-0.364197809045965,,0.8269128382205964,1,False
dnn_bnn_full,sns,threshold,-0.7471914865753868,,0.8269128382205964,1,False
dnn_bnn_full,sns,valprop,-0.6711110391400077,,0.8258293986320495,1,False
dnn_vbll,continuous_pdv,hetero,-0.21688544476273083,,0.7625107824802398,1,True
dnn_vbll,continuous_pdv,legacy,-0.3797849039236704,,0.7625107824802398,1,True
dnn_vbll,continuous_pdv,outlier,-0.156240463256836,,0.7625107824802398,1,True
dnn_vbll,continuous_pdv,quantile,-0.35001129417708426,,0.7625107824802398,1,True
dnn_vbll,continuous_pdv,threshold,-0.6767989155921069,,0.7625107824802398,1,True
dnn_vbll,continuous_pdv,valprop,-0.6018884615464644,,0.7625107824802398,1,True
dnn_vbll,ecfp4,hetero,-0.19348721522273438,,0.7217145502567291,1,True
dnn_vbll,ecfp4,legacy,-0.3565941070065354,,0.7214737931887308,1,True
dnn_vbll,ecfp4,outlier,-0.13999335007234057,,0.7217145502567291,1,True
dnn_vbll,ecfp4,quantile,-0.3357547545071804,,0.7214737931887308,1,True
dnn_vbll,ecfp4,threshold,-0.6440934885631908,,0.7214737931887308,1,True
dnn_vbll,ecfp4,valprop,-0.5746328873465759,,0.7214737931887308,1,True
dnn_vbll,pdv,hetero,-0.19674689932303,,0.7929154217243195,1,False
dnn_vbll,pdv,legacy,-0.35873245813629845,,0.7929154217243195,1,False
dnn_vbll,pdv,outlier,-0.11520381393757738,,0.7929154217243195,1,False
dnn_vbll,pdv,quantile,-0.30016303640423403,,0.7929154217243195,1,False
dnn_vbll,pdv,threshold,-0.6875648721299993,,0.7929154217243195,1,False
dnn_vbll,pdv,valprop,-0.614045169136741,,0.7929154217243195,1,False
dnn_vbll,smiles,hetero,-0.19327405673084835,,0.6571077704429626,1,True
dnn_vbll,smiles,legacy,-0.34368860559030007,,0.6569976568222046,1,True
dnn_vbll,smiles,outlier,-0.12311226779764355,,0.658834058046341,1,True
dnn_vbll,smiles,quantile,-0.31048798777840364,,0.6558875143527985,1,True
dnn_vbll,smiles,threshold,-0.6294616303660653,,0.6585036873817444,1,True
dnn_vbll,smiles,valprop,-0.5746585826681118,,0.6555796563625336,1,True
gauche,ecfp4,hetero,-0.19130868967629674,,0.8224827475156756,1,False
gauche,ecfp4,legacy,-0.3419805363042253,,0.822482747515676,1,False
gauche,ecfp4,outlier,-0.1182324545508535,,0.8224827475156756,1,False
gauche,ecfp4,quantile,-0.30014050956111105,,0.8224827475156756,1,False
gauche,ecfp4,threshold,-0.6509946539931797,,0.8224827475156756,1,False
gauche,ecfp4,valprop,-0.5833836759466985,,0.8224827475156756,1,False
gauche,mhggnn,hetero,-0.21543742698817459,,0.872407161650744,1,False
gauche,mhggnn,legacy,-0.37667327488745106,,0.8741702235175546,1,False
gauche,mhggnn,outlier,-0.12955056810256882,,0.8724101327080185,1,False
gauche,mhggnn,quantile,-0.3287854012051926,,0.872407161650744,1,False
gauche,mhggnn,threshold,-0.7017465600808067,,0.872407161650744,1,False
gauche,mhggnn,valprop,-0.6310524685498011,,0.8706395070886399,1,False
gauche,mol2vec,hetero,-0.22464470752024793,,0.8683085598598659,1,False
gauche,mol2vec,legacy,-0.38961471945238013,,0.8690779129585553,1,False
gauche,mol2vec,outlier,-0.13336156370722754,,0.8676757902126917,1,False
gauche,mol2vec,quantile,-0.3370756131984991,,0.8676757902126917,1,False
gauche,mol2vec,threshold,-0.701009547840345,,0.8676757902126917,1,False
gauche,mol2vec,valprop,-0.6352365137022958,,0.8676757902126917,1,False
gauche,morgan,hetero,-0.20357462320432232,,0.8035248193772228,1,False
gauche,morgan,legacy,-0.3551012238773001,,0.8037402758297182,1,False
gauche,morgan,outlier,-0.11952796693616494,,0.8035248193772228,1,False
gauche,morgan,quantile,-0.30914626289198,,0.8035248193772228,1,False
gauche,morgan,threshold,-0.6518996027954188,,0.8035248193772228,1,False
gauche,morgan,valprop,-0.5895940702798569,,0.8212972620996082,1,False
gauche,pdv,hetero,-0.204512898451298,,0.8655824067862865,1,False
gauche,pdv,legacy,-0.36513766101706047,,0.8655055079536235,1,False
gauche,pdv,outlier,-0.12416363631371699,,0.865505508080453,1,False
gauche,pdv,quantile,-0.3163666184214121,,0.865505508080453,1,False
gauche,pdv,threshold,-0.6909736808969553,,0.865505508080453,1,False
gauche,pdv,valprop,-0.6201544481050001,,0.865505508080453,1,False
gauche,randomized_smiles,legacy,-0.31443760145390004,,0.7219134854054922,1,False
gauche,randomized_smiles,outlier,-0.11234504758867685,,0.7219134854054922,1,False
gauche,randomized_smiles,quantile,-0.27686506736774386,,0.7219134854054922,1,False
gauche,randomized_smiles,threshold,-0.5917882911498152,,0.7192077508345901,1,False
gauche,smiles,hetero,-0.2070863264021499,,0.8061913692777616,1,False
gauche,smiles,legacy,-0.3620701989403087,,0.8061913692777617,1,False
gauche,smiles,outlier,-0.1244566194123,,0.8061913692777616,1,False
gauche,smiles,quantile,-0.3156044603438284,,0.8061913692777616,1,False
gauche,smiles,threshold,-0.6640915400416243,,0.8061913692777616,1,False
gauche,smiles,valprop,-0.5999547117720362,,0.8061913692777616,1,False
gauche,sns,hetero,-0.2074025700096987,,0.8543896434433489,1,False
gauche,sns,legacy,-0.36728824077891675,,0.8543896434433483,1,False
gauche,sns,outlier,-0.12486574184199416,,0.8543896434433489,1,False
gauche,sns,quantile,-0.3197108968172095,,0.8543896434433489,1,False
gauche,sns,threshold,-0.690160257205504,,0.8543896434433489,1,False
gauche,sns,valprop,-0.6206059886585867,,0.8543896434433489,1,False
gauche_rbf,continuous_pdv,hetero,-0.21079197957846954,,0.8881010972702555,1,False
gauche_rbf,continuous_pdv,legacy,-0.37484345394640856,,0.8881010972702555,1,False
gauche_rbf,continuous_pdv,outlier,-0.13779981185383217,,0.8881009728960465,1,False
gauche_rbf,continuous_pdv,quantile,-0.3242917023179555,,0.8889574065427739,1,False
gauche_rbf,continuous_pdv,threshold,-0.7103779010994726,,0.8889574065427739,1,False
gauche_rbf,continuous_pdv,valprop,-0.6372183015182633,,0.8881009728960465,1,False
lgb,continuous_pdv,hetero,-0.20085830716103717,,0.8904945952044013,1,True
lgb,continuous_pdv,legacy,-0.3646409126287812,,0.8904945952044013,1,True
lgb,continuous_pdv,outlier,-0.12528794664255785,,0.8904945952044013,1,True
lgb,continuous_pdv,quantile,-0.32339751122615307,,0.8904945952044013,1,True
lgb,continuous_pdv,threshold,-0.7200741743727082,,0.8904945952044013,1,True
lgb,continuous_pdv,valprop,-0.6404413128548808,,0.8904945952044013,1,True
lgb,ecfp4,hetero,-0.1777430719212117,,0.8062560064115002,1,True
lgb,ecfp4,legacy,-0.33915649974967904,,0.815851543727889,1,True
lgb,ecfp4,outlier,-0.11655794546015213,,0.8151172748286958,1,True
lgb,ecfp4,quantile,-0.30435867632842056,,0.8179967860676414,1,True
lgb,ecfp4,threshold,-0.6741922756020136,,0.8176599297340567,1,True
lgb,ecfp4,valprop,-0.595964440497683,,0.8089103516296442,1,True
lgb,mhggnn,hetero,-0.1944815991122593,,0.8442833065870868,1,True
lgb,mhggnn,legacy,-0.3552582840849045,,0.8442833065870868,1,True
lgb,mhggnn,outlier,-0.11977006036430643,,0.8442833065870868,1,True
lgb,mhggnn,quantile,-0.31152116862100654,,0.8442833065870868,1,True
lgb,mhggnn,threshold,-0.6996734686949714,,0.8442833065870868,1,True
lgb,mhggnn,valprop,-0.6227741251309669,,0.8442833065870868,1,True
lgb,mol2vec,hetero,-0.17973928807011647,,0.7851644441897734,1,True
lgb,mol2vec,legacy,-0.32686325875376565,,0.7820929748782124,1,True
lgb,mol2vec,outlier,-0.10919527517906456,,0.7826301481020912,1,True
lgb,mol2vec,quantile,-0.28688592491369497,,0.7807677779201689,1,True
lgb,mol2vec,threshold,-0.6331702158799022,,0.7840152330760103,1,True
lgb,mol2vec,valprop,-0.5678666351353523,,0.7826421268572361,1,True
lgb,morgan,hetero,-0.18446764836057492,,0.8175604850189953,1,False
lgb,morgan,legacy,-0.3390026371166213,,0.8175604850189953,1,False
lgb,morgan,outlier,-0.10943205411135269,,0.8175604850189953,1,False
lgb,morgan,quantile,-0.29815299007529894,,0.8175604850189953,1,False
lgb,morgan,threshold,-0.6731023937333208,,0.8175604850189953,1,False
lgb,morgan,valprop,-0.5976705882355432,,0.8175604850189953,1,False
lgb,pdv,hetero,-0.192344701026225,,0.8630647333904551,1,False
lgb,pdv,legacy,-0.3485553182279423,,0.8623969866416775,1,False
lgb,pdv,outlier,-0.11292807995728746,,0.8604286933137508,1,False
lgb,pdv,quantile,-0.29901276339998034,,0.8605512203380816,1,False
lgb,pdv,threshold,-0.6885349386643334,,0.8623969866416775,1,False
lgb,pdv,valprop,-0.6090432317724231,,0.8624876955824252,1,False
lgb,smiles,hetero,-0.16447846911958128,,0.7358874410380278,1,True
lgb,smiles,legacy,-0.30300167204368694,,0.7372987977830461,1,True
lgb,smiles,outlier,-0.09453562121425246,,0.7364580287522865,1,True
lgb,smiles,quantile,-0.26812739898356375,,0.7364580287522865,1,True
lgb,smiles,threshold,-0.5975785533397506,,0.7364580287522865,1,True
lgb,smiles,valprop,-0.536762294591657,,0.7377009405301866,1,True
lgb,sns,hetero,-0.18565869732210444,,0.8374112078537588,1,False
lgb,sns,legacy,-0.3338666676584365,,0.8374112078537588,1,False
lgb,sns,outlier,-0.10949291987283287,,0.8361354389653963,1,False
lgb,sns,quantile,-0.29513876901577246,,0.8379175609629272,1,False
lgb,sns,threshold,-0.6724796702896766,,0.8361354389653963,1,False
lgb,sns,valprop,-0.5947633249144448,,0.835270388559179,1,False
mlp,continuous_pdv,hetero,-0.2626945887551163,,0.8581741333007813,1,True
mlp,continuous_pdv,legacy,-0.48746727542443724,,0.8581741333007813,1,True
mlp,continuous_pdv,outlier,-0.16504490483890885,,0.8581741333007813,1,True
mlp,continuous_pdv,quantile,-0.42261123855908717,,0.8581741333007813,1,True
mlp,continuous_pdv,threshold,-0.8789227333935825,,0.8581741333007813,1,True
mlp,continuous_pdv,valprop,-0.786398104968525,,0.8607964068651199,1,True
mlp,ecfp4,hetero,-0.2605673943354626,,0.7976351454854012,1,True
mlp,ecfp4,legacy,-0.46432413892312485,,0.7906921744346619,1,True
mlp,ecfp4,outlier,-0.13383739590644841,,0.7997495591640472,1,True
mlp,ecfp4,quantile,-0.3879944499092872,,0.7930506732728746,1,True
mlp,ecfp4,threshold,-0.9183117097074337,,0.7891522943973541,1,True
mlp,ecfp4,valprop,-0.8083924289905664,,0.7919274628162384,1,True
mlp,mhggnn,hetero,-0.22544959024949507,,0.792245477437973,1,True
mlp,mhggnn,legacy,-0.4592563006010923,,0.7848595917224884,1,True
mlp,mhggnn,outlier,-0.19823787796376932,,0.7307105362415314,1,True
mlp,mhggnn,quantile,-0.474060021205382,,0.7848595917224884,1,True
mlp,mhggnn,threshold,-0.7968105500394648,,0.7893323719501495,1,True
mlp,mhggnn,valprop,-0.7199800798989305,,0.792245477437973,1,True
mlp,mol2vec,hetero,-0.1766395789655772,,0.7820070683956146,1,True
mlp,mol2vec,legacy,-0.3438251313386542,,0.7820994158585867,1,True
mlp,mol2vec,outlier,-0.12615979530594568,,0.7883146643638611,1,True
mlp,mol2vec,quantile,-0.29071449631392354,,0.7820070683956146,1,True
mlp,mol2vec,threshold,-0.6564967242154208,,0.7820070683956146,1,True
mlp,mol2vec,valprop,-0.6318677540379342,,0.7820070683956146,1,True
mlp,morgan,hetero,-0.2528621250932867,,0.7693626582622528,1,False
mlp,morgan,legacy,-0.44459322582591654,,0.7693626582622528,1,False
mlp,morgan,outlier,-0.1438474167477001,,0.7693626582622528,1,False
mlp,morgan,quantile,-0.3851437015966934,,0.7693626582622528,1,False
mlp,morgan,threshold,-0.8367887751622635,,0.7693626582622528,1,False
mlp,morgan,valprop,-0.7573300813785708,,0.7693626582622528,1,False
mlp,pdv,hetero,-0.2064068284815696,,0.8220688104629517,1,False
mlp,pdv,legacy,-0.36116503151980317,,0.8205490171909332,1,False
mlp,pdv,outlier,-0.1382343999063125,,0.8216016829013825,1,False
mlp,pdv,quantile,-0.344934772903269,,0.8194783449172973,1,False
mlp,pdv,threshold,-0.7166000989350405,,0.8197499275207519,1,False
mlp,pdv,valprop,-0.6509190031288333,,0.8227169334888458,1,False
mlp,randomized_smiles,legacy,-0.5249239684204864,,0.6658633723855019,1,False
mlp,randomized_smiles,outlier,-0.13615461792608707,,0.668518340587616,1,False
mlp,randomized_smiles,quantile,-0.409388176058278,,0.6710994442303976,1,False
mlp,randomized_smiles,threshold,-1.011723055080934,,0.667071956396103,1,False
mlp,smiles,hetero,-0.3190908715580449,,0.7233297824859619,1,True
mlp,smiles,legacy,-0.5584089376709679,,0.7210412502288819,1,True
mlp,smiles,outlier,-0.15566763010891999,,0.7217958331108093,1,True
mlp,smiles,quantile,-0.458867172761397,,0.7210526943206788,1,True
mlp,smiles,threshold,-1.1241493804888292,,0.7224957764148712,1,True
mlp,smiles,valprop,-0.9787702533331784,,0.7256958603858947,1,True
mlp,sns,hetero,-0.288738030436063,,0.8137767314910889,1,False
mlp,sns,legacy,-0.48890489394014536,,0.813349449634552,1,False
mlp,sns,outlier,-0.18408308679407287,,0.8130695581436157,1,False
mlp,sns,quantile,-0.45253696116534153,,0.8130695581436157,1,False
mlp,sns,threshold,-0.9905407461253082,,0.813349449634552,1,False
mlp,sns,valprop,-0.8734862713651224,,0.8108057578404745,1,False
mlp_bnn_full,continuous_pdv,hetero,-0.21302072237236325,,0.8682875871658325,1,True
mlp_bnn_full,continuous_pdv,legacy,-0.38181345732224103,,0.8655526861548424,1,True
mlp_bnn_full,continuous_pdv,outlier,-0.14906136152720215,,0.8682875871658325,1,True
mlp_bnn_full,continuous_pdv,quantile,-0.35501007010238345,,0.8682875871658325,1,True
mlp_bnn_full,continuous_pdv,threshold,-0.7232302622361617,,0.8682875871658325,1,True
mlp_bnn_full,continuous_pdv,valprop,-0.6500786868008701,,0.8719416194491916,1,True
mlp_bnn_full,ecfp4,hetero,-0.2172386420796616,,0.78358294069767,1,True
mlp_bnn_full,ecfp4,legacy,-0.3880637768543127,,0.7858842551708222,1,True
mlp_bnn_full,ecfp4,outlier,-0.12850156859918072,,0.7859017193317414,1,True
mlp_bnn_full,ecfp4,quantile,-0.35065010677684433,,0.7858300864696502,1,True
mlp_bnn_full,ecfp4,threshold,-0.6983552520925348,,0.7859017193317414,1,True
mlp_bnn_full,ecfp4,valprop,-0.6277715940238078,,0.7871777282820808,1,True
mlp_bnn_full,morgan,hetero,-0.2256421872461685,,0.7592713501718309,1,False
mlp_bnn_full,morgan,legacy,-0.41571420166227546,,0.7594704760445489,1,False
mlp_bnn_full,morgan,outlier,-0.12457750159682648,,0.75785993039608,1,False
mlp_bnn_full,morgan,quantile,-0.35600220428572754,,0.7609979927539825,1,False
mlp_bnn_full,morgan,threshold,-0.8161833947355097,,0.7609979927539825,1,False
mlp_bnn_full,morgan,valprop,-0.7251299439656614,,0.7609979927539825,1,False
mlp_bnn_full,pdv,hetero,-0.1924205353163709,,0.8186614182260301,1,False
mlp_bnn_full,pdv,legacy,-0.3474375686862251,,0.8194397866725922,1,False
mlp_bnn_full,pdv,outlier,-0.12105407985773958,,0.8204723536968231,1,False
mlp_bnn_full,pdv,quantile,-0.30241520838304004,,0.8194397866725922,1,False
mlp_bnn_full,pdv,threshold,-0.6587760004130278,,0.8204723536968231,1,False
mlp_bnn_full,pdv,valprop,-0.5908763396318513,,0.8216583877801895,1,False
mlp_bnn_full,smiles,hetero,-0.19867893349040636,,0.7471081197261811,1,True
mlp_bnn_full,smiles,legacy,-0.3650299738753926,,0.7456528842449188,1,True
mlp_bnn_full,smiles,outlier,-0.11694073460318831,,0.7472617268562317,1,True
mlp_bnn_full,smiles,quantile,-0.336506368897178,,0.7493725597858429,1,True
mlp_bnn_full,smiles,threshold,-0.6795568921349265,,0.7432512998580932,1,True
mlp_bnn_full,smiles,valprop,-0.6107773771791748,,0.7412827491760254,1,True
mlp_bnn_full,sns,hetero,-0.22857642095498373,,0.8196717381477356,1,False
mlp_bnn_full,sns,legacy,-0.4108478253537959,,0.8210529923439026,1,False
mlp_bnn_full,sns,outlier,-0.14183557900515467,,0.8196717381477356,1,False
mlp_bnn_full,sns,quantile,-0.3385771469636398,,0.8200617790222168,1,False
mlp_bnn_full,sns,threshold,-0.7738174519755625,,0.8196717381477356,1,False
mlp_bnn_full,sns,valprop,-0.6882767714033224,,0.823761158519321,1,False
mlp_vbll,continuous_pdv,hetero,-0.2262786041606556,,0.8280447244644165,1,True
mlp_vbll,continuous_pdv,legacy,-0.38787906934516597,,0.8280447244644165,1,True
mlp_vbll,continuous_pdv,outlier,-0.13691758730194786,,0.8280447244644165,1,True
mlp_vbll,continuous_pdv,quantile,-0.3403217275335331,,0.8280447244644165,1,True
mlp_vbll,continuous_pdv,threshold,-0.7028206430902384,,0.8280447244644165,1,True
mlp_vbll,continuous_pdv,valprop,-0.6400166820396076,,0.8280447244644165,1,True
mlp_vbll,ecfp4,hetero,-0.18859977318783006,,0.7578935861587525,1,True
mlp_vbll,ecfp4,legacy,-0.3266662196679549,,0.7573590278625488,1,True
mlp_vbll,ecfp4,outlier,-0.10811138044704086,,0.7573590278625488,1,True
mlp_vbll,ecfp4,quantile,-0.2858373386841832,,0.7557509317994118,1,True
mlp_vbll,ecfp4,threshold,-0.6462118593129246,,0.7573590278625488,1,True
mlp_vbll,ecfp4,valprop,-0.5721827857422105,,0.7573590278625488,1,True
mlp_vbll,pdv,hetero,-0.19651040001349016,,0.8132646024227143,1,False
mlp_vbll,pdv,legacy,-0.3463371309367093,,0.8132646024227143,1,False
mlp_vbll,pdv,outlier,-0.11759259676692461,,0.8132646024227143,1,False
mlp_vbll,pdv,quantile,-0.2979527377721035,,0.8132646024227143,1,False
mlp_vbll,pdv,threshold,-0.6717411594559448,,0.8132646024227143,1,False
mlp_vbll,pdv,valprop,-0.5993611335754395,,0.8132646024227143,1,False
mlp_vbll,smiles,hetero,-0.2077236067165028,,0.7173305809497833,1,True
mlp_vbll,smiles,legacy,-0.35327098857272743,,0.7170580565929413,1,True
mlp_vbll,smiles,outlier,-0.1198922309008512,,0.7195818483829498,1,True
mlp_vbll,smiles,quantile,-0.3130654564409545,,0.7195338666439056,1,True
mlp_vbll,smiles,threshold,-0.6472792317168881,,0.7163967788219452,1,True
mlp_vbll,smiles,valprop,-0.5796722731204949,,0.7173894643783569,1,True
ngboost,continuous_pdv,hetero,-0.18314579541195558,,0.836099208783358,1,True
ngboost,continuous_pdv,legacy,-0.33085131940596824,,0.836099208783358,1,True
ngboost,continuous_pdv,outlier,-0.11517705576942333,,0.836099208783358,1,True
ngboost,continuous_pdv,quantile,-0.2865230412306435,,0.836099208783358,1,True
ngboost,continuous_pdv,threshold,-0.6472795972858238,,0.836099208783358,1,True
ngboost,continuous_pdv,valprop,-0.5762105925381156,,0.836099208783358,1,True
ngboost,ecfp4,hetero,-0.14870385998151678,,0.7323129460507134,1,True
ngboost,ecfp4,legacy,-0.2859652579392426,,0.7291496102316679,1,True
ngboost,ecfp4,outlier,-0.09852693720144907,,0.7291496102316679,1,True
ngboost,ecfp4,quantile,-0.2513429216142668,,0.7278999308051242,1,True
ngboost,ecfp4,threshold,-0.5648445738870146,,0.7304597787245627,1,True
ngboost,ecfp4,valprop,-0.5019441047610721,,0.7315925946324464,1,True
ngboost,mhggnn,hetero,-0.15725576779511197,,0.7210933003278723,1,True
ngboost,mhggnn,legacy,-0.283929776847601,,0.7210933003278723,1,True
ngboost,mhggnn,outlier,-0.10341301248592784,,0.7245099314919217,1,True
ngboost,mhggnn,quantile,-0.250847386660687,,0.7214929169048242,1,True
ngboost,mhggnn,threshold,-0.5591290803751433,,0.7210933003278723,1,True
ngboost,mhggnn,valprop,-0.49542772819773856,,0.7210933003278723,1,True
ngboost,mol2vec,hetero,-0.14658808605355922,,0.6884568585616706,1,True
ngboost,mol2vec,legacy,-0.26878878274015405,,0.6871208262412991,1,True
ngboost,mol2vec,outlier,-0.09439986923775893,,0.6884568585616706,1,True
ngboost,mol2vec,quantile,-0.23276165128357304,,0.6873090638261802,1,True
ngboost,mol2vec,threshold,-0.535611730317073,,0.6884568585616706,1,True
ngboost,mol2vec,valprop,-0.47468101340637725,,0.6884568585616706,1,True
ngboost,morgan,hetero,-0.14881227491682644,,0.6756410940870615,1,False
ngboost,morgan,legacy,-0.2615023221277839,,0.6605986560065649,1,False
ngboost,morgan,outlier,-0.10237999555414612,,0.6782653614677786,1,False
ngboost,morgan,quantile,-0.23778851961983766,,0.6605986560065649,1,False
ngboost,morgan,threshold,-0.5059115834944314,,0.6756410940870615,1,False
ngboost,morgan,valprop,-0.4704247574570367,,0.6782653614677786,1,False
ngboost,pdv,hetero,-0.1706720348614133,,0.794428824446505,1,False
ngboost,pdv,legacy,-0.3100698229232225,,0.794428824446505,1,False
ngboost,pdv,outlier,-0.10079719535979946,,0.794428824446505,1,False
ngboost,pdv,quantile,-0.2698170150719286,,0.794428824446505,1,False
ngboost,pdv,threshold,-0.6107296493936397,,0.7949641584559376,1,False
ngboost,pdv,valprop,-0.5429600843790542,,0.794428824446505,1,False
ngboost,sns,legacy,-0.28381612227600744,,0.7151485427498365,1,False
ngboost,sns,outlier,-0.09562385034754861,,0.7151485427498365,1,False
ngboost,sns,quantile,-0.25616209958107916,,0.7151485427498365,1,False
ngboost,sns,threshold,-0.5507525475584892,,0.7151485427498365,1,False
qrf,continuous_pdv,hetero,-0.2009224337594972,,0.8677707627333773,1,False
qrf,continuous_pdv,legacy,-0.37210767272460865,,0.8687494541770752,1,False
qrf,continuous_pdv,outlier,-0.11023903718886863,,0.8682429673850706,1,False
qrf,continuous_pdv,quantile,-0.31211051174732,,0.8687494541770752,1,False
qrf,continuous_pdv,threshold,-0.7416144784178282,,0.8687494541770752,1,False
qrf,continuous_pdv,valprop,-0.6550180044528492,,0.8687494541770752,1,False
qrf,ecfp4,hetero,-0.18256217547951098,,0.7730522270283722,1,False
qrf,ecfp4,legacy,-0.334930912275756,,0.7730522270283722,1,False
qrf,ecfp4,outlier,-0.10329928033417668,,0.7730522270283722,1,False
qrf,ecfp4,quantile,-0.2940130450160587,,0.7730522270283722,1,False
qrf,ecfp4,threshold,-0.6651454550166674,,0.7730522270283722,1,False
qrf,ecfp4,valprop,-0.5903738746011241,,0.7730522270283722,1,False
qrf,mhggnn,hetero,-0.1949025546134599,,0.8021958963199923,1,False
qrf,mhggnn,legacy,-0.3580937961336012,,0.8033656796409832,1,False
qrf,mhggnn,outlier,-0.1068687352199061,,0.8025834591430051,1,False
qrf,mhggnn,quantile,-0.3031908437947392,,0.8025834591430051,1,False
qrf,mhggnn,threshold,-0.6942743709785689,,0.8034604340758046,1,False
qrf,mhggnn,valprop,-0.6170978090776689,,0.8025834591430051,1,False
qrf,mol2vec,hetero,-0.16812302595548856,,0.7349577672433314,1,False
qrf,mol2vec,legacy,-0.30764182068835166,,0.7349577672433314,1,False
qrf,mol2vec,outlier,-0.09558942210746599,,0.7349577672433314,1,False
qrf,mol2vec,quantile,-0.2732959745523483,,0.7349577672433314,1,False
qrf,mol2vec,threshold,-0.5996338978298488,,0.7349577672433314,1,False
qrf,mol2vec,valprop,-0.5329666567076526,,0.7349577672433314,1,False
qrf,pdv,hetero,-0.21412475373983447,,0.8359846979330005,1,False
qrf,pdv,legacy,-0.3967251191649918,,0.8359845430688004,1,False
qrf,pdv,outlier,-0.11640390185867992,,0.8342406490565323,1,False
qrf,pdv,quantile,-0.32160707790790083,,0.8359846979330005,1,False
qrf,pdv,threshold,-0.7936679091824446,,0.8359846979330005,1,False
qrf,pdv,valprop,-0.7035715795065309,,0.8359846979330005,1,False
qrf,smiles,hetero,-0.1710078118823206,,0.6767031060968225,1,False
qrf,smiles,legacy,-0.31334972651185933,,0.6780148257565988,1,False
qrf,smiles,outlier,-0.09310623758579127,,0.6776051397610378,1,False
qrf,smiles,quantile,-0.260919573030214,,0.6729767229563718,1,False
qrf,smiles,threshold,-0.6055132685057947,,0.6771935895298281,1,False
qrf,smiles,valprop,-0.5404398109682564,,0.6771131936327895,1,False
qrf,sns,legacy,-0.36352293037503536,,0.8031550389357373,1,False
qrf,sns,outlier,-0.10798520945643972,,0.8031550389357373,1,False
qrf,sns,quantile,-0.3061547996105904,,0.8031550389357373,1,False
qrf,sns,threshold,-0.7059991624181796,,0.8023609329943907,1,False
rf,continuous_pdv,hetero,-0.19575160214857468,,0.8662474758981766,1,True
rf,continuous_pdv,legacy,-0.35859244478463015,,0.8658348968520694,1,True
rf,continuous_pdv,outlier,-0.1156128925738835,,0.8662474758981766,1,True
rf,continuous_pdv,quantile,-0.3040228116533356,,0.8662474758981766,1,True
rf,continuous_pdv,threshold,-0.7101382983744733,,0.8662474758981766,1,True
rf,continuous_pdv,valprop,-0.632186711751575,,0.8662474758981766,1,True
rf,ecfp4,hetero,-0.17637146312824692,,0.7728735882770388,1,True
rf,ecfp4,legacy,-0.3213524771308486,,0.7721278605089927,1,True
rf,ecfp4,outlier,-0.10392262592978121,,0.7743287208083401,1,True
rf,ecfp4,quantile,-0.2792385352353689,,0.7725260119259713,1,True
rf,ecfp4,threshold,-0.6345488052950062,,0.7721278605089927,1,True
rf,ecfp4,valprop,-0.5663614156802314,,0.7710383272607564,1,True
rf,mhggnn,hetero,-0.18343548492717288,,0.7926408698396841,1,True
rf,mhggnn,legacy,-0.3343875700268707,,0.7945136454446593,1,True
rf,mhggnn,outlier,-0.10470113488155672,,0.792653826255378,1,True
rf,mhggnn,quantile,-0.284114223990704,,0.792653826255378,1,True
rf,mhggnn,threshold,-0.6562609110637116,,0.792653826255378,1,True
rf,mhggnn,valprop,-0.5841418792715858,,0.7926228582604953,1,True
rf,mol2vec,hetero,-0.1558433337144415,,0.7094144556070925,1,True
rf,mol2vec,legacy,-0.2857245960005614,,0.7094144556070925,1,True
rf,mol2vec,outlier,-0.0864650926441176,,0.7094144556070925,1,True
rf,mol2vec,quantile,-0.24005386309025661,,0.7094144556070925,1,True
rf,mol2vec,threshold,-0.5624445284045382,,0.7094144556070925,1,True
rf,mol2vec,valprop,-0.502498165343349,,0.7091837157679644,1,True
rf,morgan,hetero,-0.1634918762354221,,0.745128553296722,1,False
rf,morgan,legacy,-0.3065630584829781,,0.7503849670820808,1,False
rf,morgan,outlier,-0.09890888532619826,,0.7523389539499807,1,False
rf,morgan,quantile,-0.2670550728156316,,0.7503849670820808,1,False
rf,morgan,threshold,-0.6067435773226518,,0.7503849670820808,1,False
rf,morgan,valprop,-0.5395833072701386,,0.7523389539499807,1,False
rf,pdv,hetero,-0.19604432792793103,,0.8414071543345532,1,False
rf,pdv,legacy,-0.3640939315163248,,0.8414071543345532,1,False
rf,pdv,outlier,-0.11651304966928272,,0.8425309436666533,1,False
rf,pdv,quantile,-0.3125445791390491,,0.8414071543345532,1,False
rf,pdv,threshold,-0.7289409787303882,,0.8423745888882335,1,False
rf,pdv,valprop,-0.6418485130066895,,0.8414071543345532,1,False
rf,smiles,hetero,-0.15024463710552474,,0.6650251175531973,1,True
rf,smiles,legacy,-0.2761352623281092,,0.6648599351878506,1,True
rf,smiles,outlier,-0.08948364655056049,,0.66206102338895,1,True
rf,smiles,quantile,-0.24283050724136077,,0.6598903875089579,1,True
rf,smiles,threshold,-0.5537864136320431,,0.6637728782025683,1,True
rf,smiles,valprop,-0.4925376215665979,,0.6630604069750545,1,True
rf,sns,legacy,-0.3388445522547296,,0.8052619248623215,1,False
rf,sns,outlier,-0.10853782242462567,,0.806751395332578,1,False
rf,sns,quantile,-0.292796954750925,,0.8069901492165974,1,False
rf,sns,threshold,-0.6732660363240341,,0.8069901492165974,1,False
svm,continuous_pdv,hetero,-0.20190926087131084,,0.8612581092373872,1,True
svm,continuous_pdv,legacy,-0.3642260428871069,,0.8612581092373872,1,True
svm,continuous_pdv,outlier,-0.10723412559682255,,0.8612581092373872,1,True
svm,continuous_pdv,quantile,-0.2954063104504824,,0.8612581092373872,1,True
svm,continuous_pdv,threshold,-0.7092581909134179,,0.8612581092373872,1,True
svm,continuous_pdv,valprop,-0.6306479539826058,,0.8612581092373872,1,True
svm,ecfp4,hetero,-0.18519656817704375,,0.809378725425464,1,True
svm,ecfp4,legacy,-0.33915548919110805,,0.809378725425464,1,True
svm,ecfp4,outlier,-0.1043343262881888,,0.809378725425464,1,True
svm,ecfp4,quantile,-0.2809054838766023,,0.809378725425464,1,True
svm,ecfp4,threshold,-0.6661104841265499,,0.809378725425464,1,True
svm,ecfp4,valprop,-0.592622074138784,,0.809378725425464,1,True
svm,mhggnn,hetero,-0.19754053551275116,,0.8380212645459084,1,True
svm,mhggnn,legacy,-0.3552075922992485,,0.8380212645459084,1,True
svm,mhggnn,outlier,-0.1021012035075033,,0.8380212645459084,1,True
svm,mhggnn,quantile,-0.28629539258466963,,0.8380212645459084,1,True
svm,mhggnn,threshold,-0.686363217349434,,0.8380212645459084,1,True
svm,mhggnn,valprop,-0.6112321057116094,,0.8380225660714903,1,True
svm,mol2vec,hetero,-0.18277508167948772,,0.8221852971185705,1,True
svm,mol2vec,legacy,-0.33260545629721705,,0.8221852971185705,1,True
svm,mol2vec,outlier,-0.10041689983113705,,0.8221852971185705,1,True
svm,mol2vec,quantile,-0.27688067725106486,,0.8221852971185705,1,True
svm,mol2vec,threshold,-0.6553224299632956,,0.8221852971185705,1,True
svm,mol2vec,valprop,-0.5827447932891429,,0.8221852971185705,1,True
svm,morgan,hetero,-0.19049940225903805,,0.8079967431785636,1,False
svm,morgan,legacy,-0.34265132639503904,,0.8054439946744363,1,False
svm,morgan,outlier,-0.09818682440045776,,0.8079967431785636,1,False
svm,morgan,quantile,-0.2821477446896438,,0.8079967431785636,1,False
svm,morgan,threshold,-0.6706099570542221,,0.8079967431785636,1,False
svm,morgan,valprop,-0.5980087036459086,,0.8079967431785636,1,False
svm,pdv,hetero,-0.1838353733067113,,0.8297674350913156,1,False
svm,pdv,legacy,-0.33643151136494315,,0.8297674350913156,1,False
svm,pdv,outlier,-0.10144146475289358,,0.8297674350913156,1,False
svm,pdv,quantile,-0.2806798839524262,,0.8297674350913156,1,False
svm,pdv,threshold,-0.6662686465327514,,0.8297674350913156,1,False
svm,pdv,valprop,-0.5651287411560192,,0.8297674350913156,1,False
svm,smiles,hetero,-0.1905884274831806,,0.7775387763681783,1,True
svm,smiles,legacy,-0.3436477797289438,,0.7775387763681783,1,True
svm,smiles,outlier,-0.09647004173387051,,0.7775387763681783,1,True
svm,smiles,quantile,-0.26992912719965745,,0.7775387763681783,1,True
svm,smiles,threshold,-0.6672857667710399,,0.775510078320743,1,True
svm,smiles,valprop,-0.5960328137568326,,0.7775387763681783,1,True
svm,sns,legacy,-0.3556232233769808,,0.8335563118307148,1,False
svm,sns,outlier,-0.1025444249314749,,0.8335563118307148,1,False
svm,sns,quantile,-0.2879975716261067,,0.8335563118307148,1,False
svm,sns,threshold,-0.6965646100364945,,0.8335563118307148,1,False
xgboost,continuous_pdv,hetero,-0.20302409915008937,,0.8903664410114288,1,True
xgboost,continuous_pdv,legacy,-0.3674731000505313,,0.8903664410114288,1,True
xgboost,continuous_pdv,outlier,-0.13466062316990862,,0.8911091420385573,1,True
xgboost,continuous_pdv,quantile,-0.32532039049899936,,0.8903664410114288,1,True
xgboost,continuous_pdv,threshold,-0.7236123204833329,,0.8903664410114288,1,True
xgboost,continuous_pdv,valprop,-0.6465893136732506,,0.8903664410114288,1,True
xgboost,ecfp4,hetero,-0.18117181116884407,,0.8079771518707275,1,True
xgboost,ecfp4,legacy,-0.3388684875736332,,0.8069420324431525,1,True
xgboost,ecfp4,outlier,-0.12340025131148522,,0.8079771518707275,1,True
xgboost,ecfp4,quantile,-0.30498878489239045,,0.8104421049356461,1,True
xgboost,ecfp4,threshold,-0.6746127216395361,,0.8102208971977234,1,True
xgboost,ecfp4,valprop,-0.5859786037242773,,0.8079771518707275,1,True
xgboost,mhggnn,hetero,-0.1906534626628413,,0.8348482966423034,1,True
xgboost,mhggnn,legacy,-0.3524470069191672,,0.8349704682826996,1,True
xgboost,mhggnn,outlier,-0.12435443973300431,,0.8348482966423034,1,True
xgboost,mhggnn,quantile,-0.30894951085851646,,0.8348482966423034,1,True
xgboost,mhggnn,threshold,-0.6869909128757438,,0.8348482966423034,1,True
xgboost,mhggnn,valprop,-0.6094473026015542,,0.8349704682826996,1,True
xgboost,mol2vec,hetero,-0.17822220753582696,,0.7784124076366424,1,True
xgboost,mol2vec,legacy,-0.3288137789627518,,0.7803322672843933,1,True
xgboost,mol2vec,outlier,-0.11479586867069957,,0.7771067221959432,1,True
xgboost,mol2vec,quantile,-0.28966265700940275,,0.7784124076366424,1,True
xgboost,mol2vec,threshold,-0.6382560854285826,,0.7784124076366424,1,True
xgboost,mol2vec,valprop,-0.5685578190166541,,0.7793561220169067,1,True
xgboost,morgan,hetero,-0.18121185031804177,,0.8035196602344513,1,False
xgboost,morgan,legacy,-0.3317349377003583,,0.8035196602344513,1,False
xgboost,morgan,outlier,-0.11404347202994605,,0.8035196602344513,1,False
xgboost,morgan,quantile,-0.2946980281309648,,0.8035196602344513,1,False
xgboost,morgan,threshold,-0.6533397826281462,,0.8035196602344513,1,False
xgboost,morgan,valprop,-0.5843541651061087,,0.8035196602344513,1,False
xgboost,pdv,hetero,-0.19035243464238719,,0.8627369284629822,1,False
xgboost,pdv,legacy,-0.3492639380271988,,0.8607957661151886,1,False
xgboost,pdv,outlier,-0.12186422881281911,,0.8599149755069188,1,False
xgboost,pdv,quantile,-0.3079230506161247,,0.8599710663159689,1,False
xgboost,pdv,threshold,-0.6926769643548936,,0.8630061064447675,1,False
xgboost,pdv,valprop,-0.6164330173622479,,0.8627369284629822,1,False
xgboost,randomized_smiles,legacy,-0.25436221200107323,,0.6197653830051422,1,False
xgboost,randomized_smiles,outlier,-0.0868880318528818,,0.6197631299495697,1,False
xgboost,randomized_smiles,quantile,-0.22297905716631145,,0.6197631299495697,1,False
xgboost,randomized_smiles,threshold,-0.5041623487165481,,0.6197693288326264,1,False
xgboost,smiles,hetero,-0.1597210768497351,,0.7139695107936859,1,True
xgboost,smiles,legacy,-0.29407655361926915,,0.7139695107936859,1,True
xgboost,smiles,outlier,-0.10329485529600974,,0.7131007194519043,1,True
xgboost,smiles,quantile,-0.25983620972344373,,0.7139695107936859,1,True
xgboost,smiles,threshold,-0.5834440155462786,,0.7139695107936859,1,True
xgboost,smiles,valprop,-0.515327334765232,,0.7101361950238546,1,True
xgboost,sns,legacy,-0.33401021632281214,,0.8264581799507141,1,False
xgboost,sns,outlier,-0.11078306514807423,,0.8264581799507141,1,False
xgboost,sns,quantile,-0.29224592838624514,,0.8260424004660712,1,False
xgboost,sns,threshold,-0.6583517146531982,,0.8264581799507141,1,False
