model,from_rep,applied_to,noise_seed,r2,seconds,status,detail
mlp_bnn_full,pdv,pdv,0,0.8030955743275513,29.9,ok,"{""hidden_size"": 64, ""num_hidden_layers"": 4, ""dropout_rate"": 0.175, ""lr"": 0.0018679656620337437}"
mlp_bnn_full,chemberta,pdv,0,0.8270983317801971,30.6,ok,"{""hidden_size"": 64, ""num_hidden_layers"": 4, ""dropout_rate"": 0.414, ""lr"": 0.005151500958133726}"
mlp_bnn_full,ecfp4,pdv,0,0.6324609550325535,16.9,ok,"{""hidden_size"": 128, ""num_hidden_layers"": 3, ""dropout_rate"": 0.493, ""lr"": 0.0051361233116248295}"
mlp_bnn_full,avalon,pdv,0,0.7871633738262676,25.0,ok,"{""hidden_size"": 64, ""num_hidden_layers"": 2, ""dropout_rate"": 0.136, ""lr"": 0.001181874895585407}"
mlp_bnn_full,mhggnn,pdv,0,0.8700295362292262,31.6,ok,"{""hidden_size"": 64, ""num_hidden_layers"": 1, ""dropout_rate"": 0.379, ""lr"": 0.004285944143830873}"
mlp_bnn_full,sns,pdv,0,0.8022918658157621,57.9,ok,"{""hidden_size"": 128, ""num_hidden_layers"": 4, ""dropout_rate"": 0.104, ""lr"": 0.006033573786938741}"
mlp_bnn_full,DEFAULT,pdv,0,0.5935919762740968,26.7,ok,{}
mlp_bnn_full,pdv,pdv,1,0.8652429689799576,49.3,ok,"{""hidden_size"": 64, ""num_hidden_layers"": 4, ""dropout_rate"": 0.175, ""lr"": 0.0018679656620337437}"
mlp_bnn_full,chemberta,pdv,1,0.8441128021445207,27.4,ok,"{""hidden_size"": 64, ""num_hidden_layers"": 4, ""dropout_rate"": 0.414, ""lr"": 0.005151500958133726}"
mlp_bnn_full,ecfp4,pdv,1,0.774734195962379,35.7,ok,"{""hidden_size"": 128, ""num_hidden_layers"": 3, ""dropout_rate"": 0.493, ""lr"": 0.0051361233116248295}"
mlp_bnn_full,avalon,pdv,1,0.7686091193944359,24.7,ok,"{""hidden_size"": 64, ""num_hidden_layers"": 2, ""dropout_rate"": 0.136, ""lr"": 0.001181874895585407}"
mlp_bnn_full,mhggnn,pdv,1,0.8763397914090848,21.8,ok,"{""hidden_size"": 64, ""num_hidden_layers"": 1, ""dropout_rate"": 0.379, ""lr"": 0.004285944143830873}"
mlp_bnn_full,sns,pdv,1,0.7972726945855741,36.1,ok,"{""hidden_size"": 128, ""num_hidden_layers"": 4, ""dropout_rate"": 0.104, ""lr"": 0.006033573786938741}"
mlp_bnn_full,DEFAULT,pdv,1,0.6396502451526986,24.5,ok,{}
mlp_bnn_full,pdv,pdv,2,0.8444920650825278,46.9,ok,"{""hidden_size"": 64, ""num_hidden_layers"": 4, ""dropout_rate"": 0.175, ""lr"": 0.0018679656620337437}"
mlp_bnn_full,chemberta,pdv,2,0.8326671595979396,19.3,ok,"{""hidden_size"": 64, ""num_hidden_layers"": 4, ""dropout_rate"": 0.414, ""lr"": 0.005151500958133726}"
mlp_bnn_full,ecfp4,pdv,2,0.7586415394154076,23.4,ok,"{""hidden_size"": 128, ""num_hidden_layers"": 3, ""dropout_rate"": 0.493, ""lr"": 0.0051361233116248295}"
mlp_bnn_full,avalon,pdv,2,0.6346252309675913,12.4,ok,"{""hidden_size"": 64, ""num_hidden_layers"": 2, ""dropout_rate"": 0.136, ""lr"": 0.001181874895585407}"
mlp_bnn_full,mhggnn,pdv,2,0.8406076367676425,16.7,ok,"{""hidden_size"": 64, ""num_hidden_layers"": 1, ""dropout_rate"": 0.379, ""lr"": 0.004285944143830873}"
mlp_bnn_full,sns,pdv,2,0.7958164899489806,25.7,ok,"{""hidden_size"": 128, ""num_hidden_layers"": 4, ""dropout_rate"": 0.104, ""lr"": 0.006033573786938741}"
mlp_bnn_full,DEFAULT,pdv,2,0.6570434036616383,23.7,ok,{}
mlp_bnn_full,pdv,chemberta,0,0.7562120299935564,53.4,ok,"{""hidden_size"": 64, ""num_hidden_layers"": 4, ""dropout_rate"": 0.175, ""lr"": 0.0018679656620337437}"
mlp_bnn_full,chemberta,chemberta,0,0.7580196684114014,18.6,ok,"{""hidden_size"": 64, ""num_hidden_layers"": 4, ""dropout_rate"": 0.414, ""lr"": 0.005151500958133726}"
mlp_bnn_full,ecfp4,chemberta,0,0.217398134537807,22.8,ok,"{""hidden_size"": 128, ""num_hidden_layers"": 3, ""dropout_rate"": 0.493, ""lr"": 0.0051361233116248295}"
mlp_bnn_full,avalon,chemberta,0,0.7346881049603983,18.6,ok,"{""hidden_size"": 64, ""num_hidden_layers"": 2, ""dropout_rate"": 0.136, ""lr"": 0.001181874895585407}"
mlp_bnn_full,mhggnn,chemberta,0,0.8020514409511744,18.2,ok,"{""hidden_size"": 64, ""num_hidden_layers"": 1, ""dropout_rate"": 0.379, ""lr"": 0.004285944143830873}"
mlp_bnn_full,sns,chemberta,0,0.7320555022672057,38.4,ok,"{""hidden_size"": 128, ""num_hidden_layers"": 4, ""dropout_rate"": 0.104, ""lr"": 0.006033573786938741}"
mlp_bnn_full,DEFAULT,chemberta,0,0.7332569005118152,60.5,ok,{}
mlp_bnn_full,pdv,chemberta,1,0.7074002165079345,36.2,ok,"{""hidden_size"": 64, ""num_hidden_layers"": 4, ""dropout_rate"": 0.175, ""lr"": 0.0018679656620337437}"
mlp_bnn_full,chemberta,chemberta,1,0.7813547429518681,27.8,ok,"{""hidden_size"": 64, ""num_hidden_layers"": 4, ""dropout_rate"": 0.414, ""lr"": 0.005151500958133726}"
qm9,mlp_bnn_full,pdv,pdv,0,0.7398305013059553,19.0,ok,"{""hidden_size"": 64, ""num_hidden_layers"": 4, ""dropout_rate"": 0.175, ""lr"": 0.0018679656620337437}"
qm9,mlp_bnn_full,chemberta,pdv,0,0.8270983317801971,25.0,ok,"{""hidden_size"": 64, ""num_hidden_layers"": 4, ""dropout_rate"": 0.414, ""lr"": 0.005151500958133726}"
qm9,mlp_bnn_full,ecfp4,pdv,0,0.6324609550325535,16.2,ok,"{""hidden_size"": 128, ""num_hidden_layers"": 3, ""dropout_rate"": 0.493, ""lr"": 0.0051361233116248295}"
qm9,mlp_bnn_full,avalon,pdv,0,0.7871633738262676,23.8,ok,"{""hidden_size"": 64, ""num_hidden_layers"": 2, ""dropout_rate"": 0.136, ""lr"": 0.001181874895585407}"
qm9,mlp_bnn_full,mhggnn,pdv,0,0.8700295362292262,24.2,ok,"{""hidden_size"": 64, ""num_hidden_layers"": 1, ""dropout_rate"": 0.379, ""lr"": 0.004285944143830873}"
qm9,mlp_bnn_full,sns,pdv,0,0.8022918658157621,46.4,ok,"{""hidden_size"": 128, ""num_hidden_layers"": 4, ""dropout_rate"": 0.104, ""lr"": 0.006033573786938741}"
qm9,mlp_bnn_full,DEFAULT,pdv,0,0.5935919762740968,21.6,ok,{}
qm9,mlp_bnn_full,pdv,chemberta,0,0.7562120299935564,51.3,ok,"{""hidden_size"": 64, ""num_hidden_layers"": 4, ""dropout_rate"": 0.175, ""lr"": 0.0018679656620337437}"
qm9,mlp_bnn_full,chemberta,chemberta,0,0.7580196684114014,22.8,ok,"{""hidden_size"": 64, ""num_hidden_layers"": 4, ""dropout_rate"": 0.414, ""lr"": 0.005151500958133726}"
qm9,mlp_bnn_full,ecfp4,chemberta,0,0.217398134537807,29.7,ok,"{""hidden_size"": 128, ""num_hidden_layers"": 3, ""dropout_rate"": 0.493, ""lr"": 0.0051361233116248295}"
qm9,mlp_bnn_full,avalon,chemberta,0,0.7346881049603983,27.8,ok,"{""hidden_size"": 64, ""num_hidden_layers"": 2, ""dropout_rate"": 0.136, ""lr"": 0.001181874895585407}"
qm9,mlp_bnn_full,mhggnn,chemberta,0,0.8020514409511744,28.6,ok,"{""hidden_size"": 64, ""num_hidden_layers"": 1, ""dropout_rate"": 0.379, ""lr"": 0.004285944143830873}"
qm9,mlp_bnn_full,sns,chemberta,0,0.7320555022672057,63.5,ok,"{""hidden_size"": 128, ""num_hidden_layers"": 4, ""dropout_rate"": 0.104, ""lr"": 0.006033573786938741}"
qm9,mlp_bnn_full,DEFAULT,chemberta,0,0.7332569005118152,103.8,ok,{}
qm9,mlp_bnn_full,pdv,ecfp4,0,0.644120265198184,74.0,ok,"{""hidden_size"": 64, ""num_hidden_layers"": 4, ""dropout_rate"": 0.175, ""lr"": 0.0018679656620337437}"
qm9,mlp_bnn_full,chemberta,ecfp4,0,0.6723102834628505,61.3,ok,"{""hidden_size"": 64, ""num_hidden_layers"": 4, ""dropout_rate"": 0.414, ""lr"": 0.005151500958133726}"
qm9,mlp_bnn_full,ecfp4,ecfp4,0,0.7155635586734717,147.0,ok,"{""hidden_size"": 128, ""num_hidden_layers"": 3, ""dropout_rate"": 0.493, ""lr"": 0.0051361233116248295}"
qm9,mlp_bnn_full,avalon,ecfp4,0,0.2913968637546813,37.9,ok,"{""hidden_size"": 64, ""num_hidden_layers"": 2, ""dropout_rate"": 0.136, ""lr"": 0.001181874895585407}"
qm9,mlp_bnn_full,mhggnn,ecfp4,0,0.48662900880730076,82.8,ok,"{""hidden_size"": 64, ""num_hidden_layers"": 1, ""dropout_rate"": 0.379, ""lr"": 0.004285944143830873}"
qm9,mlp_bnn_full,sns,ecfp4,0,0.682427012933501,69.1,ok,"{""hidden_size"": 128, ""num_hidden_layers"": 4, ""dropout_rate"": 0.104, ""lr"": 0.006033573786938741}"
qm9,mlp_bnn_full,DEFAULT,ecfp4,0,0.11674275326104211,36.6,ok,{}
qm9,mlp_bnn_full,pdv,avalon,0,0.768371087150608,67.3,ok,"{""hidden_size"": 64, ""num_hidden_layers"": 4, ""dropout_rate"": 0.175, ""lr"": 0.0018679656620337437}"
qm9,mlp_bnn_full,chemberta,avalon,0,0.7551355504918216,102.9,ok,"{""hidden_size"": 64, ""num_hidden_layers"": 4, ""dropout_rate"": 0.414, ""lr"": 0.005151500958133726}"
qm9,mlp_bnn_full,ecfp4,avalon,0,0.7733245919935108,106.4,ok,"{""hidden_size"": 128, ""num_hidden_layers"": 3, ""dropout_rate"": 0.493, ""lr"": 0.0051361233116248295}"
qm9,mlp_bnn_full,avalon,avalon,0,0.692308199100909,49.9,ok,"{""hidden_size"": 64, ""num_hidden_layers"": 2, ""dropout_rate"": 0.136, ""lr"": 0.001181874895585407}"
qm9,mlp_bnn_full,mhggnn,avalon,0,0.43919535045012514,27.0,ok,"{""hidden_size"": 64, ""num_hidden_layers"": 1, ""dropout_rate"": 0.379, ""lr"": 0.004285944143830873}"
qm9,mlp_bnn_full,sns,avalon,0,0.7673290628293858,161.3,ok,"{""hidden_size"": 128, ""num_hidden_layers"": 4, ""dropout_rate"": 0.104, ""lr"": 0.006033573786938741}"
