sigma,iteration,model,rep,sample_size,mae,mse,rmse,r2,pearson_corr,params_source,loss_function,spec_version,spec_hash,gp_fit_method,gp_collapsed,noise_type,level_units,delivered_dose,file_no
0.0,0,rf,ecfp4,500,0.5057126983165741,0.4007527880249514,0.6330503834806132,0.6641627358422457,0.8169007703646697,default,mse,1.3.0,7b7c3372d7be,,,,,,
0.0,0,rf,continuous_pdv,500,0.3896321872711182,0.23218963524516795,0.4818605973154144,0.8054213615061137,0.9011589121961486,default,mse,1.3.0,7b7c3372d7be,,,,,,
0.0,0,svm,ecfp4,500,0.5328472877931617,0.39875358255846727,0.6314693837063419,0.6658381020890088,0.8296205359258242,default,mse,1.3.0,7b7c3372d7be,,,,,,
0.0,0,svm,continuous_pdv,500,0.4667162701332257,0.3217515241255178,0.5672314555148699,0.7303670621146774,0.8608837857011769,default,mse,1.3.0,7b7c3372d7be,,,,,,
0.0,0,xgboost,ecfp4,500,0.50678736,0.39926308,0.63187265,0.6654111428364342,0.8271105,default,mse,1.3.0,7b7c3372d7be,,,,,,
0.0,0,lgb,ecfp4,500,0.5853512097062746,0.5446401732715641,0.7379974073610043,0.5435827991531299,0.7580964944637799,default,mse,1.3.0,7b7c3372d7be,,,,,,
0.0,0,ngboost,ecfp4,500,0.5147884338882005,0.38828401729666956,0.6231243995356541,0.6746117657028583,0.8222911479471573,default,mse,1.3.0,7b7c3372d7be,,,,,,
0.0,0,ngboost,ecfp4,500,0.5147884338882005,0.38828401729666956,0.6231243995356541,0.6746117657028583,0.8222911479471573,default,mse,1.3.0,7b7c3372d7be,,,,,,
0.0,0,dnn,ecfp4,500,0.81701416,1.0150896,1.0075166,0.1493385762805015,0.6115314,default,mse,1.3.0,7b7c3372d7be,,,,,,
0.0,0,mlp,ecfp4,500,0.83189607,1.1028175,1.0501512,0.07582119529756637,0.58348286,default,mse,1.3.0,7b7c3372d7be,,,,,,
0.0,0,bnn_full,ecfp4,500,1.0953175,2.0922358,1.4464563,-0.753327199583647,0.5623032,default,mse,1.3.0,7b7c3372d7be,,,,,,
0.0,0,bnn_full_variational,ecfp4,500,0.7721497,0.8951615,0.94612974,0.24984030207112773,0.61782926,default,mse,1.3.0,7b7c3372d7be,,,,,,
0.0,0,mlp_bnn_full_variational,ecfp4,500,0.7184183,0.97018516,0.98497975,0.18696921504897068,0.536048,default,mse,1.3.0,7b7c3372d7be,,,,,,
0.0,0,gauche_rbf,ecfp4,500,0.49871759439079,0.37249623932218895,0.6103246999116035,0.6878421768703271,0.8311443099289181,default,mse,1.3.0,7b7c3372d7be,adam_fallback,0,,,,
0.0,0,gauche,ecfp4,500,0.5229124608574822,0.38447167922083536,0.6200578031287368,0.6778065661576286,0.8274621262044584,default,mse,1.3.0,7b7c3372d7be,adam_fallback,0,,,,
0.0,0,rf,ecfp4,10000,0.36599354564547537,0.2609733455385497,0.5108555035805621,0.8180675029730041,0.9051786395468989,default,mse,1.3.0,7b7c3372d7be,,,,,,
0.0,0,rf,ecfp4,10000,0.36599354564547537,0.2609733455385497,0.5108555035805621,0.8180675029730041,0.9051786395468989,default,mse,1.3.0,7b7c3372d7be,,,,,,
0.0,0,rf,continuous_pdv,10000,0.29418702848434447,0.15923224322081195,0.39903914998507595,0.8889943355840031,0.943488050477239,default,mse,1.3.0,7b7c3372d7be,,,,,,
0.0,0,rf,mhggnn,10000,0.3210950688731671,0.1784412339680581,0.4224230509430778,0.8756031609228394,0.9365591313762287,default,mse,1.3.0,7b7c3372d7be,,,,,,
0.0,0,rf,avalon,10000,0.2964601135430336,0.16903716811443925,0.4111412994512218,0.882159022707975,0.9394827974812018,default,mse,1.3.0,7b7c3372d7be,,,,,,
0.0,0,rf,chemberta,10000,0.4236420985805988,0.3190889249352399,0.5648795667531619,0.7775533560052684,0.8890976146634082,default,mse,1.3.0,7b7c3372d7be,,,,,,
0.0,0,rf,sns,10000,0.3113998787747224,0.18451382758575818,0.4295507276047361,0.8713697702751528,0.9335100984600518,default,mse,1.3.0,7b7c3372d7be,,,,,,
0.0,0,xgboost,ecfp4,10000,0.3672382,0.24676006,0.4967495,0.8279760217279781,0.9109669,default,mse,1.3.0,7b7c3372d7be,,,,,,
0.0,0,xgboost,continuous_pdv,10000,0.29914278,0.16349319,0.40434292,0.8860239078661488,0.94165164,default,mse,1.3.0,7b7c3372d7be,,,,,,
0.0,0,xgboost,mhggnn,10000,0.3068165,0.16384986,0.40478373,0.8857752659088313,0.94121337,default,mse,1.3.0,7b7c3372d7be,,,,,,
0.0,0,xgboost,avalon,10000,0.2994472,0.17372055,0.41679797,0.8788940923874006,0.9376779,default,mse,1.3.0,7b7c3372d7be,,,,,,
0.0,0,xgboost,chemberta,10000,0.40555152,0.2790214,0.52822477,0.8054856364940504,0.89939857,default,mse,1.3.0,7b7c3372d7be,,,,,,
0.0,0,xgboost,sns,10000,0.31918147,0.1820554,0.4266795,0.873083607273955,0.93502825,default,mse,1.3.0,7b7c3372d7be,,,,,,
0.0,0,lgb,ecfp4,10000,0.3660308815799699,0.23930389342898786,0.48918697185124205,0.8331739404651699,0.9129461747117662,default,mse,1.3.0,7b7c3372d7be,,,,,,
0.0,0,lgb,continuous_pdv,10000,0.2920856803143856,0.15251263552633593,0.39052866159391675,0.8936787795235749,0.9456116240282235,default,mse,1.3.0,7b7c3372d7be,,,,,,
0.0,0,lgb,mhggnn,10000,0.30865255843859585,0.15953923420095037,0.39942362749460675,0.8887803227871556,0.9428704579950886,default,mse,1.3.0,7b7c3372d7be,,,,,,
0.0,0,lgb,avalon,10000,0.2933559044695948,0.16686721303975482,0.4084938347634574,0.8836717647252069,0.9402108715558205,default,mse,1.3.0,7b7c3372d7be,,,,,,
0.0,0,lgb,chemberta,10000,0.4030120838528568,0.2788342880723205,0.5280476191332752,0.8056160939307554,0.8990398626939347,default,mse,1.3.0,7b7c3372d7be,,,,,,
0.0,0,lgb,sns,10000,0.30480346211925835,0.16489536325823528,0.406073100879922,0.885046401486573,0.9409892706203005,default,mse,1.3.0,7b7c3372d7be,,,,,,
0.0,0,svm,ecfp4,10000,0.3645594556154032,0.2392119657157483,0.4890930031351382,0.8332380260842631,0.9132821477144853,default,mse,1.3.0,7b7c3372d7be,,,,,,
0.0,0,svm,continuous_pdv,10000,0.2920812046818593,0.16953298422827096,0.4117438332607678,0.8818133741381202,0.9391340873657498,default,mse,1.3.0,7b7c3372d7be,,,,,,
0.0,0,svm,mhggnn,10000,0.3086396000037065,0.17776208131457852,0.42161840722930793,0.8760766189990082,0.9361691445348629,default,mse,1.3.0,7b7c3372d7be,,,,,,
0.0,0,svm,avalon,10000,0.3118276568829645,0.18377766447106586,0.42869297226694286,0.8718829720866204,0.9339488278608067,default,mse,1.3.0,7b7c3372d7be,,,,,,
0.0,0,svm,chemberta,10000,0.34498724687535887,0.217734038596082,0.46661980090442157,0.8482109456511294,0.9216229005947647,default,mse,1.3.0,7b7c3372d7be,,,,,,
0.0,0,svm,sns,10000,0.3075347759694145,0.1699452316710749,0.41224414085718053,0.8815259838435001,0.9389813176688959,default,mse,1.3.0,7b7c3372d7be,,,,,,
0.0,0,ngboost,ecfp4,10000,0.4968236051000399,0.41978134890088914,0.6479053548944391,0.7073575891311933,0.8477588862676753,default,mse,1.3.0,7b7c3372d7be,,,,,,
0.0,0,ngboost,continuous_pdv,10000,0.3570264510563602,0.21912507154459304,0.4681079699648288,0.8472412140593947,0.9214081473744357,default,mse,1.3.0,7b7c3372d7be,,,,,,
0.0,0,ngboost,mhggnn,10000,0.3824433496729939,0.24922665856863074,0.49922605958486455,0.8262564775513146,0.9102467986110727,default,mse,1.3.0,7b7c3372d7be,,,,,,
0.0,0,ngboost,avalon,10000,0.40502302893663866,0.29097800723251577,0.539423773329018,0.797150336075486,0.8972271177918695,default,mse,1.3.0,7b7c3372d7be,,,,,,
0.0,0,ngboost,chemberta,10000,0.4654224143577299,0.36405969097597035,0.6033735915467053,0.7462028602597235,0.8689900969730294,default,mse,1.3.0,7b7c3372d7be,,,,,,
0.0,0,ngboost,sns,10000,0.4471568584682987,0.3359645174686838,0.5796244624484751,0.7657888645700078,0.8820814187569352,default,mse,1.3.0,7b7c3372d7be,,,,,,
0.0,0,dnn,ecfp4,10000,0.42065284,0.2903996,0.5388874,0.7975535470744384,0.8961223,default,mse,1.3.0,7b7c3372d7be,,,,,,
0.0,0,dnn,continuous_pdv,10000,0.32491037,0.18409663,0.42906484,0.8716606071604169,0.93501216,default,mse,1.3.0,7b7c3372d7be,,,,,,
0.0,0,dnn,mhggnn,10000,0.37205446,0.22591092,0.47530088,0.8425105877944173,0.9225563,default,mse,1.3.0,7b7c3372d7be,,,,,,
0.0,0,dnn,avalon,10000,0.29538286,0.1630705,0.4038199,0.8863185708935428,0.9415996,default,mse,1.3.0,7b7c3372d7be,,,,,,
0.0,0,dnn,chemberta,10000,0.37604374,0.2311224,0.4807519,0.8388775043469237,0.9220381,default,mse,1.3.0,7b7c3372d7be,,,,,,
0.0,0,dnn,sns,10000,0.2943598,0.14962728,0.38681686,0.8956902431647816,0.94667345,default,mse,1.3.0,7b7c3372d7be,,,,,,
0.0,0,mlp,ecfp4,10000,0.42481595,0.29948288,0.5472503,0.7912213151497747,0.8927284,default,mse,1.3.0,7b7c3372d7be,,,,,,
0.0,0,mlp,continuous_pdv,10000,0.3178919,0.17540799,0.41881737,0.8777177224272025,0.9407605,default,mse,1.3.0,7b7c3372d7be,,,,,,
0.0,0,mlp,mhggnn,10000,0.34746918,0.20432141,0.45201927,0.8575612971470841,0.9302689,default,mse,1.3.0,7b7c3372d7be,,,,,,
0.0,0,mlp,avalon,10000,0.34869152,0.21399294,0.4625937,0.8508189809688358,0.9269717,default,mse,1.3.0,7b7c3372d7be,,,,,,
0.0,0,mlp,chemberta,10000,0.37620294,0.23798218,0.4878342,0.8340953619691172,0.9160003,default,mse,1.3.0,7b7c3372d7be,,,,,,
0.0,0,mlp,sns,10000,0.37936428,0.23458493,0.48433968,0.8364636692451861,0.920127,default,mse,1.3.0,7b7c3372d7be,,,,,,
0.0,0,bnn_full,ecfp4,10000,0.5225322,0.43602696,0.6603234,0.696032284261527,0.8508718,default,mse,1.3.0,7b7c3372d7be,,,,,,
0.0,0,bnn_full,continuous_pdv,10000,0.34578747,0.20436175,0.4520639,0.8575331760495613,0.9274676,default,mse,1.3.0,7b7c3372d7be,,,,,,
0.0,0,bnn_full,mhggnn,10000,0.47204253,0.35386407,0.5948647,0.7533105372338672,0.9210049,default,mse,1.3.0,7b7c3372d7be,,,,,,
