dataset,rep,strategy,sigma,rho_vs_clean,snr_drop,mean_drop
ChEMBL-hERG-Ki,ECFP4,hetero,0.0,1.0,,0.0
ChEMBL-hERG-Ki,ECFP4,hetero,0.1,0.9790209790209792,0.22553872119491003,0.0018737282029974382
ChEMBL-hERG-Ki,ECFP4,hetero,0.2,0.9580419580419581,0.5163675002231921,-0.002394060524927136
ChEMBL-hERG-Ki,ECFP4,hetero,0.3,0.8951048951048951,0.4882731820505658,0.007832811519931421
ChEMBL-hERG-Ki,ECFP4,hetero,0.4,0.8461538461538463,0.5935048496143969,0.020240389771749998
ChEMBL-hERG-Ki,ECFP4,hetero,0.5,0.8881118881118882,0.7398565818363395,0.02165762744379728
ChEMBL-hERG-Ki,ECFP4,hetero,0.6,0.7482517482517484,0.42472462716665194,0.03667108035194809
ChEMBL-hERG-Ki,ECFP4,hetero,0.7,0.9090909090909092,0.5379985679615651,0.04378832354949804
ChEMBL-hERG-Ki,ECFP4,hetero,0.8,0.7762237762237763,0.7253794793372949,0.051761546177170124
ChEMBL-hERG-Ki,ECFP4,hetero,0.9,0.7692307692307694,0.7794820203286198,0.08320823987724997
ChEMBL-hERG-Ki,ECFP4,hetero,1.0,0.7062937062937064,0.8336026861828436,0.07283574504022568
ChEMBL-hERG-Ki,ECFP4,legacy,0.0,1.0,,0.0
ChEMBL-hERG-Ki,ECFP4,legacy,0.1,0.9090909090909092,0.2800169272007293,0.004929947062034891
ChEMBL-hERG-Ki,ECFP4,legacy,0.2,0.8671328671328673,0.544319921698276,0.013242882528433092
ChEMBL-hERG-Ki,ECFP4,legacy,0.3,0.8881118881118882,0.6714853871219145,0.022626365727662894
ChEMBL-hERG-Ki,ECFP4,legacy,0.4,0.8461538461538463,0.4776796301535677,0.05147510662867774
ChEMBL-hERG-Ki,ECFP4,legacy,0.5,0.7972027972027973,0.49305557549869705,0.057255111100458
ChEMBL-hERG-Ki,ECFP4,legacy,0.6,0.7202797202797203,0.8164891429286996,0.07205595132388493
ChEMBL-hERG-Ki,ECFP4,legacy,0.7,0.49650349650349657,0.9697182482777911,0.10988963815481656
ChEMBL-hERG-Ki,ECFP4,legacy,0.8,0.39860139860139865,1.518144954781311,0.1302092684874747
ChEMBL-hERG-Ki,ECFP4,legacy,0.9,0.39860139860139865,1.6663504366752635,0.1800107911363336
ChEMBL-hERG-Ki,ECFP4,legacy,1.0,0.2027972027972028,1.6362601057230575,0.18252789018728247
ChEMBL-hERG-Ki,ECFP4,outlier,0.0,1.0,,0.0
ChEMBL-hERG-Ki,ECFP4,outlier,0.1,0.9300699300699302,0.44262380684030755,0.0017398626393497832
ChEMBL-hERG-Ki,ECFP4,outlier,0.2,0.9160839160839163,0.26973218917914593,0.015879158618449293
ChEMBL-hERG-Ki,ECFP4,outlier,0.3,0.9300699300699302,0.3550248088256986,0.009310656138392747
ChEMBL-hERG-Ki,ECFP4,outlier,0.4,0.9230769230769231,0.33586720679559096,0.020630349569884996
ChEMBL-hERG-Ki,ECFP4,outlier,0.5,0.8811188811188813,0.6363400199046715,0.018499136553002865
ChEMBL-hERG-Ki,ECFP4,outlier,0.6,0.8811188811188813,0.4769659816054479,0.05287449184848558
ChEMBL-hERG-Ki,ECFP4,outlier,0.7,0.8041958041958043,0.5565205711494933,0.05774422067486942
ChEMBL-hERG-Ki,ECFP4,outlier,0.8,0.41958041958041964,0.525402378879754,0.10394253501023244
ChEMBL-hERG-Ki,ECFP4,outlier,0.9,0.7132867132867133,0.7498956589304194,0.11935256214876816
ChEMBL-hERG-Ki,ECFP4,outlier,1.0,0.34965034965034975,0.8832460495188972,0.13856542577324257
ChEMBL-hERG-Ki,ECFP4,quantile,0.0,1.0,,0.0
ChEMBL-hERG-Ki,ECFP4,quantile,0.1,0.9860139860139862,0.29360029446360114,0.0002134233304928409
ChEMBL-hERG-Ki,ECFP4,quantile,0.2,0.8741258741258742,0.5952675893717148,0.001446474255695199
ChEMBL-hERG-Ki,ECFP4,quantile,0.3,0.8741258741258742,0.4644513142649931,0.024827132484217862
ChEMBL-hERG-Ki,ECFP4,quantile,0.4,0.8391608391608393,0.7752445494334277,0.04209048689311098
ChEMBL-hERG-Ki,ECFP4,quantile,0.5,0.7062937062937064,0.6828687133646545,0.03949041503576445
ChEMBL-hERG-Ki,ECFP4,quantile,0.6,0.7132867132867133,0.9467668066693392,0.07107267323164884
ChEMBL-hERG-Ki,ECFP4,quantile,0.7,0.6083916083916086,0.905179934726752,0.08836862736306207
ChEMBL-hERG-Ki,ECFP4,quantile,0.8,0.16783216783216784,0.9202773996974606,0.14357478467456006
ChEMBL-hERG-Ki,ECFP4,quantile,0.9,0.4545454545454546,1.299470526420567,0.1666329563151283
ChEMBL-hERG-Ki,ECFP4,quantile,1.0,0.16083916083916086,1.5419551404978178,0.20527263254043815
ChEMBL-hERG-Ki,ECFP4,threshold,0.0,1.0,,0.0
ChEMBL-hERG-Ki,ECFP4,threshold,0.1,0.9720279720279721,0.5717684266166031,0.02323963460131671
ChEMBL-hERG-Ki,ECFP4,threshold,0.2,0.8181818181818183,0.8452709432630331,0.045597759334008954
ChEMBL-hERG-Ki,ECFP4,threshold,0.3,0.6783216783216784,0.799850771832752,0.07494336094077596
ChEMBL-hERG-Ki,ECFP4,threshold,0.4,0.4685314685314686,1.0770714958832723,0.14727231625978518
ChEMBL-hERG-Ki,ECFP4,threshold,0.5,0.22377622377622378,1.3156333061851346,0.18435385592224862
ChEMBL-hERG-Ki,ECFP4,threshold,0.6,0.20979020979020982,1.581766179509875,0.2478408928688237
ChEMBL-hERG-Ki,ECFP4,threshold,0.7,-0.034965034965034975,2.3201751060061016,0.33183731433998703
ChEMBL-hERG-Ki,ECFP4,threshold,0.8,-0.2657342657342658,2.7378897208588437,0.4759128196433788
ChEMBL-hERG-Ki,ECFP4,threshold,0.9,-0.11188811188811189,3.2156153098697025,0.585572710006485
ChEMBL-hERG-Ki,ECFP4,threshold,1.0,-0.23076923076923078,3.453375179467588,0.5842248095900834
ChEMBL-hERG-Ki,ECFP4,valprop,0.0,1.0,,0.0
ChEMBL-hERG-Ki,ECFP4,valprop,0.1,0.7902097902097903,0.7421233009620499,0.09284942518628214
ChEMBL-hERG-Ki,ECFP4,valprop,0.2,0.6573426573426573,1.034556135214968,0.12344054297960698
ChEMBL-hERG-Ki,ECFP4,valprop,0.3,0.2797202797202798,0.9933189874255247,0.15114683292276046
ChEMBL-hERG-Ki,ECFP4,valprop,0.4,0.41958041958041964,1.4298959367626936,0.21330154517114808
ChEMBL-hERG-Ki,ECFP4,valprop,0.5,0.3356643356643357,1.6145474061370253,0.21812049814542164
ChEMBL-hERG-Ki,ECFP4,valprop,0.6,0.3216783216783217,1.4477244604869708,0.23893272329817852
ChEMBL-hERG-Ki,ECFP4,valprop,0.7,0.23076923076923078,2.22939357760027,0.2838983727878282
ChEMBL-hERG-Ki,ECFP4,valprop,0.8,0.034965034965034975,2.1211545692191307,0.3641069302823931
ChEMBL-hERG-Ki,ECFP4,valprop,0.9,0.06293706293706294,2.8394701530265523,0.4135157877202029
ChEMBL-hERG-Ki,ECFP4,valprop,1.0,-0.06993006993006995,2.727890381262292,0.39625961989657227
ChEMBL-hERG-Ki,MHG-GNN-pretrained,hetero,0.0,1.0,,0.0
ChEMBL-hERG-Ki,MHG-GNN-pretrained,hetero,0.1,0.965034965034965,0.2561868231032293,0.04533926581165585
ChEMBL-hERG-Ki,MHG-GNN-pretrained,hetero,0.2,0.9790209790209792,0.433846305180629,0.042584868673633765
ChEMBL-hERG-Ki,MHG-GNN-pretrained,hetero,0.3,0.9790209790209792,0.1976021963648737,0.004229638607091757
ChEMBL-hERG-Ki,MHG-GNN-pretrained,hetero,0.4,0.9790209790209792,0.32721478349768596,0.08557246973040468
ChEMBL-hERG-Ki,MHG-GNN-pretrained,hetero,0.5,0.9510489510489512,0.7311577924520254,0.08208149504234548
ChEMBL-hERG-Ki,MHG-GNN-pretrained,hetero,0.6,0.9230769230769231,0.569574651128789,0.10166895831166327
ChEMBL-hERG-Ki,MHG-GNN-pretrained,hetero,0.7,0.8811188811188813,0.6161456470684665,0.07556338650945287
ChEMBL-hERG-Ki,MHG-GNN-pretrained,hetero,0.8,0.965034965034965,0.252156548422138,0.06399759688687764
ChEMBL-hERG-Ki,MHG-GNN-pretrained,hetero,0.9,0.965034965034965,0.1314838109732015,0.08712747014415838
ChEMBL-hERG-Ki,MHG-GNN-pretrained,hetero,1.0,0.8601398601398602,0.5627322773466509,0.11000606564387753
ChEMBL-hERG-Ki,MHG-GNN-pretrained,legacy,0.0,1.0,,0.0
ChEMBL-hERG-Ki,MHG-GNN-pretrained,legacy,0.1,0.9440559440559443,0.3582353106757559,-0.013221767999658886
ChEMBL-hERG-Ki,MHG-GNN-pretrained,legacy,0.2,0.9580419580419581,0.4660922081956535,-0.017962949294304028
ChEMBL-hERG-Ki,MHG-GNN-pretrained,legacy,0.3,0.9440559440559443,0.269160567501368,0.024458993002159164
ChEMBL-hERG-Ki,MHG-GNN-pretrained,legacy,0.4,0.9580419580419581,0.3861583147546657,0.11644631614643507
ChEMBL-hERG-Ki,MHG-GNN-pretrained,legacy,0.5,0.9370629370629372,0.2803636597469367,0.07486952128184363
ChEMBL-hERG-Ki,MHG-GNN-pretrained,legacy,0.6,0.9160839160839163,0.51881762139234,0.09452771639742029
ChEMBL-hERG-Ki,MHG-GNN-pretrained,legacy,0.7,0.9230769230769231,0.34159622501419346,0.03424977980731746
ChEMBL-hERG-Ki,MHG-GNN-pretrained,legacy,0.8,0.8111888111888113,0.5828385596246565,0.08620497272252148
ChEMBL-hERG-Ki,MHG-GNN-pretrained,legacy,0.9,0.9020979020979022,0.6732003845976203,0.2196912408802475
ChEMBL-hERG-Ki,MHG-GNN-pretrained,legacy,1.0,0.9300699300699302,0.423148604242701,0.21030283139887626
ChEMBL-hERG-Ki,MHG-GNN-pretrained,outlier,0.0,1.0,,0.0
ChEMBL-hERG-Ki,MHG-GNN-pretrained,outlier,0.1,0.9580419580419581,0.37667939093650377,-0.046387518323231854
ChEMBL-hERG-Ki,MHG-GNN-pretrained,outlier,0.2,0.965034965034965,0.25034406326409375,-0.017637112592546685
ChEMBL-hERG-Ki,MHG-GNN-pretrained,outlier,0.3,0.9580419580419581,0.3328350576971823,-0.08903830857931261
ChEMBL-hERG-Ki,MHG-GNN-pretrained,outlier,0.4,0.965034965034965,0.4212785093031538,-0.03961724988887461
ChEMBL-hERG-Ki,MHG-GNN-pretrained,outlier,0.5,0.9510489510489512,0.6086330512653709,0.053416317157808126
ChEMBL-hERG-Ki,MHG-GNN-pretrained,outlier,0.6,0.9580419580419581,0.4526760416180389,-0.005611386629356444
ChEMBL-hERG-Ki,MHG-GNN-pretrained,outlier,0.7,0.9720279720279721,0.4172435988234693,0.06322937971664654
ChEMBL-hERG-Ki,MHG-GNN-pretrained,outlier,0.8,0.9510489510489512,0.45463274379292345,0.08564188230453344
ChEMBL-hERG-Ki,MHG-GNN-pretrained,outlier,0.9,0.9020979020979022,0.4098490023116459,0.06365767142310427
ChEMBL-hERG-Ki,MHG-GNN-pretrained,outlier,1.0,0.7132867132867133,0.501489303510204,0.10739559687012164
ChEMBL-hERG-Ki,MHG-GNN-pretrained,quantile,0.0,1.0,,0.0
ChEMBL-hERG-Ki,MHG-GNN-pretrained,quantile,0.1,0.9230769230769231,0.6810944166069864,0.02085908090424968
ChEMBL-hERG-Ki,MHG-GNN-pretrained,quantile,0.2,0.965034965034965,0.49824851319720265,0.06309784727861367
ChEMBL-hERG-Ki,MHG-GNN-pretrained,quantile,0.3,0.9230769230769231,0.34018924919216403,0.04086243831586176
ChEMBL-hERG-Ki,MHG-GNN-pretrained,quantile,0.4,0.9300699300699302,0.4549318963800972,0.13329689403184233
ChEMBL-hERG-Ki,MHG-GNN-pretrained,quantile,0.5,0.9230769230769231,0.595644477100223,0.1032487201612522
ChEMBL-hERG-Ki,MHG-GNN-pretrained,quantile,0.6,0.9510489510489512,0.4830379912208924,0.07804350589007424
ChEMBL-hERG-Ki,MHG-GNN-pretrained,quantile,0.7,0.9160839160839163,0.3823234012428282,0.11053182288947487
ChEMBL-hERG-Ki,MHG-GNN-pretrained,quantile,0.8,0.7902097902097903,0.7725413297742938,0.1463617286718795
ChEMBL-hERG-Ki,MHG-GNN-pretrained,quantile,0.9,0.9020979020979022,0.7167878785477902,0.17344725334618058
ChEMBL-hERG-Ki,MHG-GNN-pretrained,quantile,1.0,0.6853146853146854,0.5020604891764119,0.21992008304457591
ChEMBL-hERG-Ki,MHG-GNN-pretrained,threshold,0.0,1.0,,0.0
ChEMBL-hERG-Ki,MHG-GNN-pretrained,threshold,0.1,0.9510489510489512,0.3582488381849434,0.026751840035806846
ChEMBL-hERG-Ki,MHG-GNN-pretrained,threshold,0.2,0.9790209790209792,0.17971135350436496,0.0037368907694912625
ChEMBL-hERG-Ki,MHG-GNN-pretrained,threshold,0.3,0.9020979020979022,0.33024286817675724,0.08379876267462971
ChEMBL-hERG-Ki,MHG-GNN-pretrained,threshold,0.4,0.9300699300699302,0.15182424572127387,0.1374968909831729
ChEMBL-hERG-Ki,MHG-GNN-pretrained,threshold,0.5,0.9300699300699302,0.5084399510041201,0.24223133485624915
ChEMBL-hERG-Ki,MHG-GNN-pretrained,threshold,0.6,0.7692307692307694,0.5493444823965101,0.2044303113929827
ChEMBL-hERG-Ki,MHG-GNN-pretrained,threshold,0.7,0.6993006993006995,0.7145766896303332,0.27198120603736226
ChEMBL-hERG-Ki,MHG-GNN-pretrained,threshold,0.8,0.7062937062937064,0.6134984774678035,0.4191906212734077
ChEMBL-hERG-Ki,MHG-GNN-pretrained,threshold,0.9,0.3846153846153847,1.0203769517890973,0.4480157479704348
ChEMBL-hERG-Ki,MHG-GNN-pretrained,threshold,1.0,0.4685314685314686,0.8068020457029028,0.5385023942396888
ChEMBL-hERG-Ki,MHG-GNN-pretrained,valprop,0.0,1.0,,0.0
ChEMBL-hERG-Ki,MHG-GNN-pretrained,valprop,0.1,0.9440559440559443,0.7914932456694806,0.1656332706257079
ChEMBL-hERG-Ki,MHG-GNN-pretrained,valprop,0.2,0.9440559440559443,0.32198548327252907,0.11376692729770484
ChEMBL-hERG-Ki,MHG-GNN-pretrained,valprop,0.3,0.8881118881118882,0.3445394854386405,0.1746423444838152
ChEMBL-hERG-Ki,MHG-GNN-pretrained,valprop,0.4,0.8461538461538463,0.674743795378372,0.27407948870889914
ChEMBL-hERG-Ki,MHG-GNN-pretrained,valprop,0.5,0.9370629370629372,0.3989170388683053,0.295598378164805
ChEMBL-hERG-Ki,MHG-GNN-pretrained,valprop,0.6,0.7622377622377624,0.4485910494945481,0.22979797773817465
ChEMBL-hERG-Ki,MHG-GNN-pretrained,valprop,0.7,0.8251748251748254,0.3486503504814509,0.2838380456829949
ChEMBL-hERG-Ki,MHG-GNN-pretrained,valprop,0.8,0.6783216783216784,1.3842930668589364,0.38448518160261846
ChEMBL-hERG-Ki,MHG-GNN-pretrained,valprop,0.9,0.7342657342657343,0.6038918876445829,0.42252142293939965
ChEMBL-hERG-Ki,MHG-GNN-pretrained,valprop,1.0,0.4825174825174825,0.7758971100391833,0.4345861183755544
ChEMBL-hERG-Ki,PDV,hetero,0.0,1.0,,0.0
ChEMBL-hERG-Ki,PDV,hetero,0.1,0.9560439560439561,0.5567382066182065,0.026038542579985648
ChEMBL-hERG-Ki,PDV,hetero,0.2,0.8846153846153846,0.4340587489815405,0.11562202002572987
ChEMBL-hERG-Ki,PDV,hetero,0.3,0.9395604395604396,0.3618691067471651,0.03275053468043346
ChEMBL-hERG-Ki,PDV,hetero,0.4,0.945054945054945,0.3498203829751747,0.07458068733883855
ChEMBL-hERG-Ki,PDV,hetero,0.5,0.901098901098901,0.4890057946773548,0.05543640886050662
ChEMBL-hERG-Ki,PDV,hetero,0.6,0.9835164835164836,0.4296020998373052,0.061324104592961344
ChEMBL-hERG-Ki,PDV,hetero,0.7,0.9120879120879121,0.3093693285855091,0.12044790799569215
ChEMBL-hERG-Ki,PDV,hetero,0.8,0.8571428571428571,0.529606190157458,0.09448379377370977
ChEMBL-hERG-Ki,PDV,hetero,0.9,0.9175824175824175,0.4525979707611241,0.14792871263680857
ChEMBL-hERG-Ki,PDV,hetero,1.0,0.7857142857142857,0.47208507639680175,0.11555607060279965
ChEMBL-hERG-Ki,PDV,legacy,0.0,1.0,,0.0
ChEMBL-hERG-Ki,PDV,legacy,0.1,0.9725274725274725,0.17415578009501786,-0.022807253703999494
ChEMBL-hERG-Ki,PDV,legacy,0.2,0.9285714285714285,0.44532317633260404,-0.011961910805995863
ChEMBL-hERG-Ki,PDV,legacy,0.3,0.901098901098901,0.5763798024087136,-0.014151740382718499
ChEMBL-hERG-Ki,PDV,legacy,0.4,0.9285714285714285,0.48581423603664387,-0.0423446199492034
ChEMBL-hERG-Ki,PDV,legacy,0.5,0.9340659340659341,0.39786958975852316,-0.029478372587075734
ChEMBL-hERG-Ki,PDV,legacy,0.6,0.9835164835164836,0.25809081851952576,0.01298749270467292
ChEMBL-hERG-Ki,PDV,legacy,0.7,0.8736263736263737,0.3760949513627355,0.06951804135619934
ChEMBL-hERG-Ki,PDV,legacy,0.8,0.8076923076923077,0.5988143581949148,0.02094668563799571
ChEMBL-hERG-Ki,PDV,legacy,0.9,0.8791208791208791,0.6630803601999258,0.04807161880406721
ChEMBL-hERG-Ki,PDV,legacy,1.0,0.8956043956043955,0.5557600068797092,0.06618378025166018
ChEMBL-hERG-Ki,PDV,outlier,0.0,1.0,,0.0
ChEMBL-hERG-Ki,PDV,outlier,0.1,0.9120879120879121,0.2924501128766655,0.0518644282343232
ChEMBL-hERG-Ki,PDV,outlier,0.2,0.8681318681318682,0.5223299872349497,0.05138298983471898
ChEMBL-hERG-Ki,PDV,outlier,0.3,0.901098901098901,0.5517914560115608,0.06597382751604526
ChEMBL-hERG-Ki,PDV,outlier,0.4,0.9395604395604396,0.3641005729159338,0.07801000929391758
ChEMBL-hERG-Ki,PDV,outlier,0.5,0.945054945054945,0.44856148791545575,0.09695856765085754
ChEMBL-hERG-Ki,PDV,outlier,0.6,0.9175824175824175,0.5034419162251241,0.09666736489400121
ChEMBL-hERG-Ki,PDV,outlier,0.7,0.8296703296703297,0.4335751113440111,0.10938043077000906
ChEMBL-hERG-Ki,PDV,outlier,0.8,0.8516483516483516,0.5563594231778027,0.1816597785846484
ChEMBL-hERG-Ki,PDV,outlier,0.9,0.7582417582417583,0.3954729080751752,0.10144207488538837
ChEMBL-hERG-Ki,PDV,outlier,1.0,0.7362637362637362,0.4836299666486114,0.18637940588853327
ChEMBL-hERG-Ki,PDV,quantile,0.0,1.0,,0.0
ChEMBL-hERG-Ki,PDV,quantile,0.1,0.8901098901098902,0.352547427284868,0.04224841198617898
ChEMBL-hERG-Ki,PDV,quantile,0.2,0.8956043956043955,0.6668128330541001,0.01251291553560328
ChEMBL-hERG-Ki,PDV,quantile,0.3,0.9065934065934067,0.5826258593376537,0.10234411293846758
ChEMBL-hERG-Ki,PDV,quantile,0.4,0.8571428571428571,0.506265032439233,0.07289916992029843
ChEMBL-hERG-Ki,PDV,quantile,0.5,0.8406593406593407,0.38579213906550947,0.05800271337860589
ChEMBL-hERG-Ki,PDV,quantile,0.6,0.9065934065934067,0.609384756699376,0.06206818370824518
ChEMBL-hERG-Ki,PDV,quantile,0.7,0.9230769230769231,0.4068484196723805,0.08219451824863376
ChEMBL-hERG-Ki,PDV,quantile,0.8,0.8956043956043955,0.3286621821463811,0.17314722022706347
ChEMBL-hERG-Ki,PDV,quantile,0.9,0.8241758241758241,0.6381954675960825,0.12369617432956002
ChEMBL-hERG-Ki,PDV,quantile,1.0,0.8186813186813187,0.6211463246497174,0.18999182885234706
ChEMBL-hERG-Ki,PDV,threshold,0.0,1.0,,0.0
ChEMBL-hERG-Ki,PDV,threshold,0.1,0.8571428571428571,0.3240618256211896,-0.024599287106583663
ChEMBL-hERG-Ki,PDV,threshold,0.2,0.8901098901098902,0.43947318442606154,-0.04496418800251077
ChEMBL-hERG-Ki,PDV,threshold,0.3,0.8956043956043955,0.2902162118602189,0.07119928344937064
ChEMBL-hERG-Ki,PDV,threshold,0.4,0.8791208791208791,0.26922055174631854,0.05182134937464647
ChEMBL-hERG-Ki,PDV,threshold,0.5,0.8736263736263737,0.35039490102085746,0.09906281877517689
ChEMBL-hERG-Ki,PDV,threshold,0.6,0.8461538461538461,0.509965836954831,0.09444707198109417
ChEMBL-hERG-Ki,PDV,threshold,0.7,0.8021978021978022,0.6230011139071571,0.2223603500964133
ChEMBL-hERG-Ki,PDV,threshold,0.8,0.7857142857142857,0.6923330246934037,0.3389867290761068
ChEMBL-hERG-Ki,PDV,threshold,0.9,0.38461538461538464,1.0053108786198284,0.36286834364967174
ChEMBL-hERG-Ki,PDV,threshold,1.0,0.5384615384615384,1.0627067992733756,0.37800477346103306
ChEMBL-hERG-Ki,PDV,valprop,0.0,1.0,,0.0
ChEMBL-hERG-Ki,PDV,valprop,0.1,0.901098901098901,0.4045621002966781,0.01674784408652126
ChEMBL-hERG-Ki,PDV,valprop,0.2,0.8681318681318682,0.4487162210860342,0.04014459067553767
ChEMBL-hERG-Ki,PDV,valprop,0.3,0.8241758241758241,0.39106059126446985,0.10883213953982973
ChEMBL-hERG-Ki,PDV,valprop,0.4,0.9120879120879121,0.44085926586165647,0.1250700962224456
ChEMBL-hERG-Ki,PDV,valprop,0.5,0.8406593406593407,0.3378779197636538,0.12334797957160024
ChEMBL-hERG-Ki,PDV,valprop,0.6,0.8296703296703297,0.5240161133178588,0.128239006899438
ChEMBL-hERG-Ki,PDV,valprop,0.7,0.8516483516483516,0.5258214614967615,0.17748526841467596
ChEMBL-hERG-Ki,PDV,valprop,0.8,0.8296703296703297,0.5489713299579105,0.21785525077829263
ChEMBL-hERG-Ki,PDV,valprop,0.9,0.7857142857142857,0.7283125062691014,0.2815685559916349
ChEMBL-hERG-Ki,PDV,valprop,1.0,0.7692307692307693,1.0337418750750234,0.23653491767087037
ChEMBL-hERG-Ki,SNS,hetero,0.0,1.0,,0.0
ChEMBL-hERG-Ki,SNS,hetero,0.1,0.965034965034965,0.23071983688045614,-0.004516028123709025
ChEMBL-hERG-Ki,SNS,hetero,0.2,0.9580419580419581,0.3250656060014491,0.00378190133511194
ChEMBL-hERG-Ki,SNS,hetero,0.3,0.9230769230769231,0.3968413196284849,-0.001512574389566098
ChEMBL-hERG-Ki,SNS,hetero,0.4,0.8461538461538463,0.6340486630013299,0.003476269433384185
ChEMBL-hERG-Ki,SNS,hetero,0.5,0.965034965034965,0.4887052214986112,0.026959503834540665
ChEMBL-hERG-Ki,SNS,hetero,0.6,0.9090909090909092,0.4394427091144105,0.030557188894066573
ChEMBL-hERG-Ki,SNS,hetero,0.7,0.6433566433566434,0.5688265140011293,0.029073217148064313
ChEMBL-hERG-Ki,SNS,hetero,0.8,0.7412587412587414,0.5441649680384737,0.05923147613565057
ChEMBL-hERG-Ki,SNS,hetero,0.9,0.6433566433566434,0.9819047953256541,0.07176239540189942
ChEMBL-hERG-Ki,SNS,hetero,1.0,0.5174825174825175,0.6867271618319689,0.06134755136473139
ChEMBL-hERG-Ki,SNS,legacy,0.0,1.0,,0.0
ChEMBL-hERG-Ki,SNS,legacy,0.1,0.9510489510489512,0.5775013232529695,-0.003835517936466226
ChEMBL-hERG-Ki,SNS,legacy,0.2,0.9160839160839163,0.6416294851713619,0.006718279233562419
ChEMBL-hERG-Ki,SNS,legacy,0.3,0.9510489510489512,0.37503803321876117,0.02365939468138464
ChEMBL-hERG-Ki,SNS,legacy,0.4,0.9160839160839163,0.5552946199341503,0.040063254362470775
ChEMBL-hERG-Ki,SNS,legacy,0.5,0.7342657342657343,0.49068808747532117,0.052367067894266324
ChEMBL-hERG-Ki,SNS,legacy,0.6,0.6083916083916086,0.8131240093167269,0.08690616053014581
ChEMBL-hERG-Ki,SNS,legacy,0.7,0.4265734265734266,0.9096759744013488,0.09999756237648096
ChEMBL-hERG-Ki,SNS,legacy,0.8,0.23076923076923078,0.7741932076208761,0.15935530607469908
ChEMBL-hERG-Ki,SNS,legacy,0.9,0.0979020979020979,1.5500310265026205,0.16733188424118192
ChEMBL-hERG-Ki,SNS,legacy,1.0,-0.08391608391608392,1.3718222194725695,0.19111366639068164
ChEMBL-hERG-Ki,SNS,outlier,0.0,1.0,,0.0
ChEMBL-hERG-Ki,SNS,outlier,0.1,0.9790209790209792,0.09509096860798553,-0.005075750757197216
ChEMBL-hERG-Ki,SNS,outlier,0.2,0.9440559440559443,0.2577336335646739,-0.001630238607033769
ChEMBL-hERG-Ki,SNS,outlier,0.3,0.9020979020979022,0.2056955057570112,-0.006980838457218713
ChEMBL-hERG-Ki,SNS,outlier,0.4,0.9300699300699302,0.19674173437716605,0.0025906659701956155
ChEMBL-hERG-Ki,SNS,outlier,0.5,0.8601398601398602,0.3021465731390053,0.009833314031270435
ChEMBL-hERG-Ki,SNS,outlier,0.6,0.8811188811188813,0.524039144374897,0.0369755230341062
ChEMBL-hERG-Ki,SNS,outlier,0.7,0.7482517482517484,0.509663466418452,0.03994400155020502
ChEMBL-hERG-Ki,SNS,outlier,0.8,0.5664335664335665,0.5639440686846348,0.06830641080201952
ChEMBL-hERG-Ki,SNS,outlier,0.9,0.4125874125874127,0.5058760663389015,0.13155171357950382
ChEMBL-hERG-Ki,SNS,outlier,1.0,0.4265734265734266,1.0533506111635331,0.14841928947157398
ChEMBL-hERG-Ki,SNS,quantile,0.0,1.0,,0.0
ChEMBL-hERG-Ki,SNS,quantile,0.1,0.9440559440559443,0.27647097076927146,-0.0011218469665810796
ChEMBL-hERG-Ki,SNS,quantile,0.2,0.9720279720279721,0.25999286029565344,0.008186971974353086
ChEMBL-hERG-Ki,SNS,quantile,0.3,0.9720279720279721,0.2513003643152279,0.016219447208850126
ChEMBL-hERG-Ki,SNS,quantile,0.4,0.7902097902097903,0.567858069551539,0.018335022675686253
ChEMBL-hERG-Ki,SNS,quantile,0.5,0.8181818181818183,0.5165541259091851,0.047011914328169147
ChEMBL-hERG-Ki,SNS,quantile,0.6,0.5734265734265735,0.8268009498447458,0.06473208142315556
ChEMBL-hERG-Ki,SNS,quantile,0.7,0.6573426573426573,0.6253120340879533,0.1123613682099759
ChEMBL-hERG-Ki,SNS,quantile,0.8,0.2937062937062937,0.7533178257119045,0.15676345854007567
ChEMBL-hERG-Ki,SNS,quantile,0.9,0.23076923076923078,0.817215442440824,0.1854920923476918
ChEMBL-hERG-Ki,SNS,quantile,1.0,-0.0979020979020979,1.4198215572484902,0.1928097940302506
ChEMBL-hERG-Ki,SNS,threshold,0.0,1.0,,0.0
ChEMBL-hERG-Ki,SNS,threshold,0.1,0.9090909090909092,0.6800613716870226,0.010724951119704626
ChEMBL-hERG-Ki,SNS,threshold,0.2,0.8111888111888113,0.6011572811774373,0.05063924731316724
ChEMBL-hERG-Ki,SNS,threshold,0.3,0.5734265734265735,0.4656680453611516,0.0798518101959513
ChEMBL-hERG-Ki,SNS,threshold,0.4,0.15384615384615385,1.1362725199307582,0.13810108231243393
ChEMBL-hERG-Ki,SNS,threshold,0.5,0.21678321678321683,1.0598993013714506,0.19592751730810884
ChEMBL-hERG-Ki,SNS,threshold,0.6,-0.09090909090909093,1.05321788281054,0.2625373023524199
ChEMBL-hERG-Ki,SNS,threshold,0.7,-0.2447552447552448,1.6817894785730827,0.31141050845220614
ChEMBL-hERG-Ki,SNS,threshold,0.8,-0.5734265734265735,3.17320558894499,0.4844827986720183
ChEMBL-hERG-Ki,SNS,threshold,0.9,-0.4055944055944056,3.91531932487767,0.5492632157524936
ChEMBL-hERG-Ki,SNS,threshold,1.0,-0.5034965034965035,2.6360415896205183,0.5841600455630058
ChEMBL-hERG-Ki,SNS,valprop,0.0,1.0,,0.0
ChEMBL-hERG-Ki,SNS,valprop,0.1,0.5174825174825175,0.7499731936416041,0.07814696005450798
ChEMBL-hERG-Ki,SNS,valprop,0.2,0.41958041958041964,1.4081627008681623,0.12164845055351063
ChEMBL-hERG-Ki,SNS,valprop,0.3,0.10489510489510491,1.0830442777749034,0.136482675661756
ChEMBL-hERG-Ki,SNS,valprop,0.4,-0.1328671328671329,1.4337063759065147,0.18015270513747303
ChEMBL-hERG-Ki,SNS,valprop,0.5,0.027972027972027972,1.3737155686128872,0.20846772111655673
ChEMBL-hERG-Ki,SNS,valprop,0.6,0.013986013986013986,1.0913431708197574,0.2625551537171038
ChEMBL-hERG-Ki,SNS,valprop,0.7,-0.15384615384615385,1.6323531922911592,0.2765200449676784
ChEMBL-hERG-Ki,SNS,valprop,0.8,-0.3706293706293707,2.1299243761300803,0.364967932314433
ChEMBL-hERG-Ki,SNS,valprop,0.9,-0.22377622377622378,2.46986541591547,0.3988334309428993
ChEMBL-hERG-Ki,SNS,valprop,1.0,-0.46153846153846156,2.5542311364091885,0.38896286411567876
OpenADMET-Caco2_Efflux,ECFP4,hetero,0.0,1.0,,0.0
OpenADMET-Caco2_Efflux,ECFP4,hetero,0.1,0.9860139860139862,0.27644632352393367,0.00045332947089258803
OpenADMET-Caco2_Efflux,ECFP4,hetero,0.2,0.9580419580419581,0.30925416070429756,0.012728831741998223
OpenADMET-Caco2_Efflux,ECFP4,hetero,0.3,0.9440559440559443,0.2949426134406182,0.016336913018925158
OpenADMET-Caco2_Efflux,ECFP4,hetero,0.4,0.9860139860139862,0.250579433595882,0.018376958375167313
OpenADMET-Caco2_Efflux,ECFP4,hetero,0.5,0.9720279720279721,0.35915548802705693,0.024584263350791054
OpenADMET-Caco2_Efflux,ECFP4,hetero,0.6,0.9090909090909092,0.35120830247943147,0.0479957122647179
OpenADMET-Caco2_Efflux,ECFP4,hetero,0.7,0.9090909090909092,0.6175276264825553,0.05671591060000351
OpenADMET-Caco2_Efflux,ECFP4,hetero,0.8,0.9230769230769231,0.36817364155205196,0.05760344694237901
OpenADMET-Caco2_Efflux,ECFP4,hetero,0.9,0.7972027972027973,0.7409726857433366,0.07752488648436744
OpenADMET-Caco2_Efflux,ECFP4,hetero,1.0,0.7762237762237763,0.6042215687430581,0.10106640227055756
OpenADMET-Caco2_Efflux,ECFP4,legacy,0.0,1.0,,0.0
OpenADMET-Caco2_Efflux,ECFP4,legacy,0.1,0.9790209790209792,0.2446798947216285,0.00960701431805522
OpenADMET-Caco2_Efflux,ECFP4,legacy,0.2,0.8951048951048951,0.3932710441760507,0.030274301588250303
OpenADMET-Caco2_Efflux,ECFP4,legacy,0.3,0.7272727272727274,0.5348618183611685,0.07538606661870018
OpenADMET-Caco2_Efflux,ECFP4,legacy,0.4,0.7272727272727274,0.9087532075424091,0.10060084036807149
OpenADMET-Caco2_Efflux,ECFP4,legacy,0.5,0.25874125874125875,1.3408098079100566,0.18386514911106866
OpenADMET-Caco2_Efflux,ECFP4,legacy,0.6,0.034965034965034975,1.692771359102249,0.2523916946906596
OpenADMET-Caco2_Efflux,ECFP4,legacy,0.7,-0.0979020979020979,2.1567082795614483,0.30295408901700743
OpenADMET-Caco2_Efflux,ECFP4,legacy,0.8,-0.2517482517482518,1.8294976063716084,0.3424711635752189
OpenADMET-Caco2_Efflux,ECFP4,legacy,0.9,-0.4545454545454546,2.3627632272600985,0.45005876216432616
OpenADMET-Caco2_Efflux,ECFP4,legacy,1.0,-0.5034965034965035,2.812499595894542,0.5505883800521553
OpenADMET-Caco2_Efflux,ECFP4,outlier,0.0,1.0,,0.0
OpenADMET-Caco2_Efflux,ECFP4,outlier,0.1,0.9930069930069931,0.30892516782026996,-0.0011180801460687298
OpenADMET-Caco2_Efflux,ECFP4,outlier,0.2,0.9230769230769231,0.34334580208028104,0.019482365903072896
OpenADMET-Caco2_Efflux,ECFP4,outlier,0.3,0.7692307692307694,0.6534549126478203,0.06789904280303433
OpenADMET-Caco2_Efflux,ECFP4,outlier,0.4,0.6013986013986015,0.7970307341850175,0.08037533263959491
OpenADMET-Caco2_Efflux,ECFP4,outlier,0.5,0.2797202797202798,0.7947902384426015,0.15138346714149553
OpenADMET-Caco2_Efflux,ECFP4,outlier,0.6,0.2377622377622378,1.4425489040263835,0.22802784068903847
OpenADMET-Caco2_Efflux,ECFP4,outlier,0.7,0.07692307692307693,1.6405580551016337,0.23635719511594874
OpenADMET-Caco2_Efflux,ECFP4,outlier,0.8,-0.1328671328671329,1.8512953998431825,0.30636177297837247
OpenADMET-Caco2_Efflux,ECFP4,outlier,0.9,-0.3846153846153847,1.4213263675209042,0.3857661314939711
OpenADMET-Caco2_Efflux,ECFP4,outlier,1.0,-0.3636363636363637,1.7151104177355034,0.5203534135225246
OpenADMET-Caco2_Efflux,ECFP4,quantile,0.0,1.0,,0.0
OpenADMET-Caco2_Efflux,ECFP4,quantile,0.1,0.9720279720279721,0.5471231795874092,0.008056399500735778
OpenADMET-Caco2_Efflux,ECFP4,quantile,0.2,0.9510489510489512,0.3989855415967916,0.030733119337608864
OpenADMET-Caco2_Efflux,ECFP4,quantile,0.3,0.8251748251748254,0.4419913137882682,0.08394950587219395
OpenADMET-Caco2_Efflux,ECFP4,quantile,0.4,0.6853146853146854,0.6771587356992886,0.10134390909720475
OpenADMET-Caco2_Efflux,ECFP4,quantile,0.5,0.20979020979020982,1.2069475223058987,0.17973829943880515
OpenADMET-Caco2_Efflux,ECFP4,quantile,0.6,-0.06993006993006995,2.055878137212605,0.25441214585486777
OpenADMET-Caco2_Efflux,ECFP4,quantile,0.7,-0.055944055944055944,1.881783999742242,0.28048110400108195
OpenADMET-Caco2_Efflux,ECFP4,quantile,0.8,-0.2517482517482518,1.7718454605069087,0.3525435720236878
OpenADMET-Caco2_Efflux,ECFP4,quantile,0.9,-0.44755244755244755,2.2112633186066204,0.47171167250564133
OpenADMET-Caco2_Efflux,ECFP4,quantile,1.0,-0.4545454545454546,1.9743808088753587,0.5380506597448386
OpenADMET-Caco2_Efflux,ECFP4,threshold,0.0,1.0,,0.0
OpenADMET-Caco2_Efflux,ECFP4,threshold,0.1,0.9440559440559443,0.5926518432041569,0.0129947639171891
OpenADMET-Caco2_Efflux,ECFP4,threshold,0.2,0.9790209790209792,0.6820302273603225,0.01728896398578619
OpenADMET-Caco2_Efflux,ECFP4,threshold,0.3,0.9090909090909092,0.4552076055959775,0.060623015048606906
OpenADMET-Caco2_Efflux,ECFP4,threshold,0.4,0.8741258741258742,0.46716447919269505,0.06639066569324134
OpenADMET-Caco2_Efflux,ECFP4,threshold,0.5,0.7202797202797203,0.780030438233172,0.09860309551572495
OpenADMET-Caco2_Efflux,ECFP4,threshold,0.6,0.27272727272727276,1.4414287368034329,0.17919742896631383
OpenADMET-Caco2_Efflux,ECFP4,threshold,0.7,0.3216783216783217,1.5347828126467775,0.17138528504725278
OpenADMET-Caco2_Efflux,ECFP4,threshold,0.8,0.20979020979020982,1.336466887683481,0.21175372759537706
OpenADMET-Caco2_Efflux,ECFP4,threshold,0.9,-0.0979020979020979,1.3518698152638557,0.30770196837470337
OpenADMET-Caco2_Efflux,ECFP4,threshold,1.0,-0.23076923076923078,1.591591088781555,0.354938533983117
OpenADMET-Caco2_Efflux,ECFP4,valprop,0.0,1.0,,0.0
OpenADMET-Caco2_Efflux,ECFP4,valprop,0.1,0.9510489510489512,0.5794036167933297,0.01434712149985929
OpenADMET-Caco2_Efflux,ECFP4,valprop,0.2,0.9510489510489512,0.5584757571667668,0.040176717023704206
OpenADMET-Caco2_Efflux,ECFP4,valprop,0.3,0.7412587412587414,0.6885495590564109,0.09669354324762493
OpenADMET-Caco2_Efflux,ECFP4,valprop,0.4,0.6713286713286714,0.9562218183081256,0.1245935044201954
OpenADMET-Caco2_Efflux,ECFP4,valprop,0.5,0.2517482517482518,1.496148829353814,0.20760556288006407
OpenADMET-Caco2_Efflux,ECFP4,valprop,0.6,-0.11188811188811189,1.708545811545197,0.28784924839970955
OpenADMET-Caco2_Efflux,ECFP4,valprop,0.7,-0.3356643356643357,2.079839273393044,0.3271483809389569
OpenADMET-Caco2_Efflux,ECFP4,valprop,0.8,-0.2867132867132868,1.9899584358841522,0.36728176982039157
OpenADMET-Caco2_Efflux,ECFP4,valprop,0.9,-0.43356643356643365,2.6898213461688343,0.46555790549064513
OpenADMET-Caco2_Efflux,ECFP4,valprop,1.0,-0.4545454545454546,2.9877857318071066,0.5766354772044886
OpenADMET-Caco2_Efflux,MHG-GNN-pretrained,hetero,0.0,1.0,,0.0
OpenADMET-Caco2_Efflux,MHG-GNN-pretrained,hetero,0.1,0.8531468531468532,0.6887259660686015,0.02904870515064072
OpenADMET-Caco2_Efflux,MHG-GNN-pretrained,hetero,0.2,0.8741258741258742,0.4031004556924686,0.030726840232377192
OpenADMET-Caco2_Efflux,MHG-GNN-pretrained,hetero,0.3,0.8951048951048951,0.5741830932968265,0.04829204050235855
OpenADMET-Caco2_Efflux,MHG-GNN-pretrained,hetero,0.4,0.8951048951048951,0.6415107696056989,-0.015928488563887677
OpenADMET-Caco2_Efflux,MHG-GNN-pretrained,hetero,0.5,0.8531468531468532,0.5948551546844241,0.061325007338048854
OpenADMET-Caco2_Efflux,MHG-GNN-pretrained,hetero,0.6,0.8671328671328673,0.6819554127547625,0.04582726800734497
OpenADMET-Caco2_Efflux,MHG-GNN-pretrained,hetero,0.7,0.8811188811188813,0.4628460167317998,0.09021422982590317
OpenADMET-Caco2_Efflux,MHG-GNN-pretrained,hetero,0.8,0.7810870121972561,0.9406173564250941,0.15895284770565862
OpenADMET-Caco2_Efflux,MHG-GNN-pretrained,hetero,0.9,0.8321678321678322,0.40871740183988775,0.10719821474419143
OpenADMET-Caco2_Efflux,MHG-GNN-pretrained,hetero,1.0,0.8461538461538463,0.5205603505674766,0.10790880310071005
OpenADMET-Caco2_Efflux,MHG-GNN-pretrained,legacy,0.0,1.0,,0.0
OpenADMET-Caco2_Efflux,MHG-GNN-pretrained,legacy,0.1,0.9790209790209792,0.2176423505869491,0.052685510426603466
OpenADMET-Caco2_Efflux,MHG-GNN-pretrained,legacy,0.2,0.9440559440559443,0.6407239160367154,0.055414783634317344
OpenADMET-Caco2_Efflux,MHG-GNN-pretrained,legacy,0.3,0.7762237762237763,0.6172489471354127,0.10318808184543475
OpenADMET-Caco2_Efflux,MHG-GNN-pretrained,legacy,0.4,0.8671328671328673,0.553746836908014,0.08648667969500529
OpenADMET-Caco2_Efflux,MHG-GNN-pretrained,legacy,0.5,0.8161133356141735,0.671983157140456,0.24556780380446197
OpenADMET-Caco2_Efflux,MHG-GNN-pretrained,legacy,0.6,0.7902097902097903,0.7165896426993119,0.2890134635307106
OpenADMET-Caco2_Efflux,MHG-GNN-pretrained,legacy,0.7,0.8169216656366385,0.7265746183298298,0.3771491301553576
OpenADMET-Caco2_Efflux,MHG-GNN-pretrained,legacy,0.8,0.7390554240969553,0.8533341081396627,0.38512158971798893
OpenADMET-Caco2_Efflux,MHG-GNN-pretrained,legacy,0.9,0.8231186002975569,0.9419593180906424,0.49500518474380967
OpenADMET-Caco2_Efflux,MHG-GNN-pretrained,legacy,1.0,0.7692307692307694,0.93649695812018,0.5596171752617187
OpenADMET-Caco2_Efflux,MHG-GNN-pretrained,outlier,0.0,1.0,,0.0
OpenADMET-Caco2_Efflux,MHG-GNN-pretrained,outlier,0.1,0.9510489510489512,0.3767886278683355,-0.011191681357543164
OpenADMET-Caco2_Efflux,MHG-GNN-pretrained,outlier,0.2,0.9020979020979022,0.4596746020659415,0.017045173257564862
OpenADMET-Caco2_Efflux,MHG-GNN-pretrained,outlier,0.3,0.9090909090909092,0.4793180789339191,0.06880117135798826
OpenADMET-Caco2_Efflux,MHG-GNN-pretrained,outlier,0.4,0.9160839160839163,0.3184445843128406,0.0682483582897506
OpenADMET-Caco2_Efflux,MHG-GNN-pretrained,outlier,0.5,0.8041958041958043,0.4984856422741485,0.12922394568552445
OpenADMET-Caco2_Efflux,MHG-GNN-pretrained,outlier,0.6,0.9510489510489512,0.3790133785586409,0.20801463234539963
OpenADMET-Caco2_Efflux,MHG-GNN-pretrained,outlier,0.7,0.8741258741258742,0.5290446050303148,0.19185721863881633
OpenADMET-Caco2_Efflux,MHG-GNN-pretrained,outlier,0.8,0.8616475560561659,0.7104323934453678,0.24383253662730167
OpenADMET-Caco2_Efflux,MHG-GNN-pretrained,outlier,0.9,0.8601398601398602,0.6830117208806139,0.38985759373917356
OpenADMET-Caco2_Efflux,MHG-GNN-pretrained,outlier,1.0,0.8181818181818183,0.7889716853078039,0.40830181099233775
OpenADMET-Caco2_Efflux,MHG-GNN-pretrained,quantile,0.0,1.0,,0.0
OpenADMET-Caco2_Efflux,MHG-GNN-pretrained,quantile,0.1,0.9300699300699302,0.619035037868494,-0.10528534282097014
OpenADMET-Caco2_Efflux,MHG-GNN-pretrained,quantile,0.2,0.8881118881118882,0.4657806094429324,0.07311330519241921
OpenADMET-Caco2_Efflux,MHG-GNN-pretrained,quantile,0.3,0.7692307692307694,0.39566232180375177,0.038346796418805174
OpenADMET-Caco2_Efflux,MHG-GNN-pretrained,quantile,0.4,0.8181818181818183,0.3975692907805111,0.13255258317157123
OpenADMET-Caco2_Efflux,MHG-GNN-pretrained,quantile,0.5,0.8951048951048951,0.21153124396169035,0.1675409395992085
OpenADMET-Caco2_Efflux,MHG-GNN-pretrained,quantile,0.6,0.8406317620060155,0.5482557375463875,0.2272363512683583
OpenADMET-Caco2_Efflux,MHG-GNN-pretrained,quantile,0.7,0.8741258741258742,0.5397407513218492,0.2090046513319492
OpenADMET-Caco2_Efflux,MHG-GNN-pretrained,quantile,0.8,0.8951048951048951,0.48453751824804214,0.2679037152953108
OpenADMET-Caco2_Efflux,MHG-GNN-pretrained,quantile,0.9,0.847637026689399,0.7554080451007464,0.43793628297626275
OpenADMET-Caco2_Efflux,MHG-GNN-pretrained,quantile,1.0,0.7062937062937064,0.9170236530834973,0.4394667881044429
OpenADMET-Caco2_Efflux,MHG-GNN-pretrained,threshold,0.0,1.0,,0.0
OpenADMET-Caco2_Efflux,MHG-GNN-pretrained,threshold,0.1,0.9720279720279721,0.48586973881268264,-0.10461120886425336
OpenADMET-Caco2_Efflux,MHG-GNN-pretrained,threshold,0.2,0.9510489510489512,0.44509823997744224,0.03845544457204037
OpenADMET-Caco2_Efflux,MHG-GNN-pretrained,threshold,0.3,0.9562186292818428,0.21673340069052238,0.052895400555531345
OpenADMET-Caco2_Efflux,MHG-GNN-pretrained,threshold,0.4,0.8951048951048951,0.5450567306598642,-0.022314424569222474
OpenADMET-Caco2_Efflux,MHG-GNN-pretrained,threshold,0.5,0.9230769230769231,0.418145740358009,0.05820146119998284
OpenADMET-Caco2_Efflux,MHG-GNN-pretrained,threshold,0.6,0.9370629370629372,0.6032097277382108,0.036418481089581206
OpenADMET-Caco2_Efflux,MHG-GNN-pretrained,threshold,0.7,0.9090909090909092,0.37022068716538553,0.12591601092086172
OpenADMET-Caco2_Efflux,MHG-GNN-pretrained,threshold,0.8,0.8811188811188813,0.6146081139150031,0.1264795294861735
OpenADMET-Caco2_Efflux,MHG-GNN-pretrained,threshold,0.9,0.8041958041958043,0.8678050998383137,0.22887020063462718
OpenADMET-Caco2_Efflux,MHG-GNN-pretrained,threshold,1.0,0.8601398601398602,0.6778842847138271,0.34501755813022233
OpenADMET-Caco2_Efflux,MHG-GNN-pretrained,valprop,0.0,1.0,,0.0
OpenADMET-Caco2_Efflux,MHG-GNN-pretrained,valprop,0.1,0.8811188811188813,0.6191657269282499,0.028136472373221363
OpenADMET-Caco2_Efflux,MHG-GNN-pretrained,valprop,0.2,0.9020979020979022,0.3158185198991074,0.11127262275198067
OpenADMET-Caco2_Efflux,MHG-GNN-pretrained,valprop,0.3,0.8321678321678322,0.6071869619098984,0.12120732067796607
OpenADMET-Caco2_Efflux,MHG-GNN-pretrained,valprop,0.4,0.8391608391608393,0.4554322153521929,0.13746857569673498
OpenADMET-Caco2_Efflux,MHG-GNN-pretrained,valprop,0.5,0.8391608391608393,0.5922756290138376,0.2516568617286701
OpenADMET-Caco2_Efflux,MHG-GNN-pretrained,valprop,0.6,0.7530659534637223,0.904778494990517,0.3387393638131637
OpenADMET-Caco2_Efflux,MHG-GNN-pretrained,valprop,0.7,0.7320501594135719,0.9309840823380504,0.3036269681980724
OpenADMET-Caco2_Efflux,MHG-GNN-pretrained,valprop,0.8,0.8251748251748254,0.8633234486582259,0.3695907821712389
OpenADMET-Caco2_Efflux,MHG-GNN-pretrained,valprop,0.9,0.6153846153846154,1.0568229689110222,0.47131829282058463
OpenADMET-Caco2_Efflux,MHG-GNN-pretrained,valprop,1.0,0.5534159099872935,1.183538819957792,0.5195836657850981
OpenADMET-Caco2_Efflux,PDV,hetero,0.0,1.0,,0.0
OpenADMET-Caco2_Efflux,PDV,hetero,0.1,0.9505494505494506,0.4266829420776154,-0.0023114929625946854
OpenADMET-Caco2_Efflux,PDV,hetero,0.2,0.989010989010989,0.46327514814425175,-0.00014810363117073586
OpenADMET-Caco2_Efflux,PDV,hetero,0.3,0.9780219780219779,0.7941704101941479,0.00757745059364087
OpenADMET-Caco2_Efflux,PDV,hetero,0.4,0.9505494505494506,0.4949449643892751,0.005081433092149788
OpenADMET-Caco2_Efflux,PDV,hetero,0.5,0.901098901098901,0.6179844302613549,0.0213790763872833
OpenADMET-Caco2_Efflux,PDV,hetero,0.6,0.9120879120879121,0.377888332104118,0.0375657570211841
OpenADMET-Caco2_Efflux,PDV,hetero,0.7,0.7912087912087913,0.5862024059475963,0.043414865352580316
OpenADMET-Caco2_Efflux,PDV,hetero,0.8,0.9120879120879121,0.4743672760790696,0.04194121028933109
OpenADMET-Caco2_Efflux,PDV,hetero,0.9,0.8791208791208791,0.6206111531001022,0.059055903799084236
OpenADMET-Caco2_Efflux,PDV,hetero,1.0,0.6868131868131868,1.0914616979052838,0.0839609573137746
OpenADMET-Caco2_Efflux,PDV,legacy,0.0,1.0,,0.0
OpenADMET-Caco2_Efflux,PDV,legacy,0.1,0.989010989010989,0.30425472712935514,0.005551685499993042
OpenADMET-Caco2_Efflux,PDV,legacy,0.2,0.8956043956043955,0.5672221648596218,0.026722375765422187
OpenADMET-Caco2_Efflux,PDV,legacy,0.3,0.7747252747252747,1.111776745842804,0.06452073502285981
OpenADMET-Caco2_Efflux,PDV,legacy,0.4,0.6648351648351648,1.1031358213495197,0.08679916507331752
OpenADMET-Caco2_Efflux,PDV,legacy,0.5,0.5989010989010989,1.308080472177034,0.15379198643634517
OpenADMET-Caco2_Efflux,PDV,legacy,0.6,0.521978021978022,2.3944697963708013,0.22890860072339178
OpenADMET-Caco2_Efflux,PDV,legacy,0.7,0.32417582417582413,2.2355019572391233,0.24460715094643887
OpenADMET-Caco2_Efflux,PDV,legacy,0.8,0.34615384615384615,2.7669302703734444,0.2953755351680112
OpenADMET-Caco2_Efflux,PDV,legacy,0.9,0.40659340659340654,3.621767367461131,0.3826990719972345
OpenADMET-Caco2_Efflux,PDV,legacy,1.0,0.16483516483516483,3.520324958949917,0.45271637777502416
OpenADMET-Caco2_Efflux,PDV,outlier,0.0,1.0,,0.0
OpenADMET-Caco2_Efflux,PDV,outlier,0.1,0.9725274725274725,0.20129189966777125,0.005235278420171881
OpenADMET-Caco2_Efflux,PDV,outlier,0.2,0.945054945054945,0.2735137089700004,0.017040728059569528
OpenADMET-Caco2_Efflux,PDV,outlier,0.3,0.9065934065934067,0.4377903745769943,0.05684028477897637
OpenADMET-Caco2_Efflux,PDV,outlier,0.4,0.6208791208791209,0.592721552479365,0.09045774887494505
OpenADMET-Caco2_Efflux,PDV,outlier,0.5,0.7087912087912087,0.6750342924737498,0.11541393792762625
OpenADMET-Caco2_Efflux,PDV,outlier,0.6,0.5879120879120878,1.086619180604969,0.19345694810107872
OpenADMET-Caco2_Efflux,PDV,outlier,0.7,0.4505494505494505,1.7160060959687684,0.2347830710292494
OpenADMET-Caco2_Efflux,PDV,outlier,0.8,0.34065934065934067,1.0416739278647924,0.2758844733042257
OpenADMET-Caco2_Efflux,PDV,outlier,0.9,0.532967032967033,1.433856451390811,0.3491246482756836
OpenADMET-Caco2_Efflux,PDV,outlier,1.0,0.3626373626373627,1.4656180357514645,0.41773439329335726
OpenADMET-Caco2_Efflux,PDV,quantile,0.0,1.0,,0.0
OpenADMET-Caco2_Efflux,PDV,quantile,0.1,0.967032967032967,0.4426794529938993,0.0016856634245550532
OpenADMET-Caco2_Efflux,PDV,quantile,0.2,0.9505494505494506,0.6307182485328783,0.017935252092746976
OpenADMET-Caco2_Efflux,PDV,quantile,0.3,0.7692307692307693,0.7122788183635025,0.05629117351525738
OpenADMET-Caco2_Efflux,PDV,quantile,0.4,0.7252747252747254,1.1659642511652917,0.08266086917725375
OpenADMET-Caco2_Efflux,PDV,quantile,0.5,0.6318681318681317,1.228182307387945,0.12066609886478287
OpenADMET-Caco2_Efflux,PDV,quantile,0.6,0.6208791208791209,1.7573879046545784,0.20146140746840124
OpenADMET-Caco2_Efflux,PDV,quantile,0.7,0.510989010989011,1.8394868917475298,0.2170994116760025
OpenADMET-Caco2_Efflux,PDV,quantile,0.8,0.48901098901098894,1.5264915149631562,0.2740077761385776
OpenADMET-Caco2_Efflux,PDV,quantile,0.9,0.45604395604395603,2.289917705076475,0.36498570937081976
OpenADMET-Caco2_Efflux,PDV,quantile,1.0,0.46703296703296704,2.2020192826774347,0.3851076893129148
OpenADMET-Caco2_Efflux,PDV,threshold,0.0,1.0,,0.0
OpenADMET-Caco2_Efflux,PDV,threshold,0.1,0.9835164835164836,0.17034166357032618,0.00022895083872180908
OpenADMET-Caco2_Efflux,PDV,threshold,0.2,0.967032967032967,0.6433228607551466,0.0010810067014459161
OpenADMET-Caco2_Efflux,PDV,threshold,0.3,0.9120879120879121,0.385897530931383,0.040305766265536586
OpenADMET-Caco2_Efflux,PDV,threshold,0.4,0.9340659340659341,0.3856907780279358,0.05497440680877804
OpenADMET-Caco2_Efflux,PDV,threshold,0.5,0.8241758241758241,0.5374098993541762,0.07152557913745829
OpenADMET-Caco2_Efflux,PDV,threshold,0.6,0.6703296703296703,0.8440170127930093,0.13081710896334503
OpenADMET-Caco2_Efflux,PDV,threshold,0.7,0.5549450549450549,0.8775744161849177,0.14889926714409463
OpenADMET-Caco2_Efflux,PDV,threshold,0.8,0.6153846153846153,0.8494032442941221,0.1948918651392906
OpenADMET-Caco2_Efflux,PDV,threshold,0.9,0.6098901098901099,1.1217261401993663,0.26555113998370466
OpenADMET-Caco2_Efflux,PDV,threshold,1.0,0.45604395604395603,1.3276969572693247,0.2509216289681496
OpenADMET-Caco2_Efflux,PDV,valprop,0.0,1.0,,0.0
OpenADMET-Caco2_Efflux,PDV,valprop,0.1,0.8791208791208791,0.3998037519895586,0.015838310145721613
OpenADMET-Caco2_Efflux,PDV,valprop,0.2,0.8516483516483516,0.6426772690718009,0.03464260652732497
OpenADMET-Caco2_Efflux,PDV,valprop,0.3,0.6208791208791209,0.9546009809717925,0.08273188470443425
OpenADMET-Caco2_Efflux,PDV,valprop,0.4,0.6593406593406593,1.1443736782817326,0.10086101263731642
OpenADMET-Caco2_Efflux,PDV,valprop,0.5,0.5384615384615384,1.6888205634803504,0.17042017750244082
OpenADMET-Caco2_Efflux,PDV,valprop,0.6,0.4945054945054945,2.6649116926144307,0.24841828132666716
OpenADMET-Caco2_Efflux,PDV,valprop,0.7,0.5494505494505494,2.834215667704195,0.2571812590357707
OpenADMET-Caco2_Efflux,PDV,valprop,0.8,0.46153846153846156,2.5320038365243414,0.32041000119038926
OpenADMET-Caco2_Efflux,PDV,valprop,0.9,0.32967032967032966,3.5793943661613516,0.4029314288825424
OpenADMET-Caco2_Efflux,PDV,valprop,1.0,0.34065934065934067,3.8455853050385036,0.4747112252927725
OpenADMET-Caco2_Efflux,SNS,hetero,0.0,1.0,,0.0
OpenADMET-Caco2_Efflux,SNS,hetero,0.1,0.9510489510489512,0.2607553865405832,-0.00206633789059082
OpenADMET-Caco2_Efflux,SNS,hetero,0.2,0.9930069930069931,0.1751162915269042,0.004811308001353619
OpenADMET-Caco2_Efflux,SNS,hetero,0.3,0.7972027972027973,0.9372444157528345,0.01464970344587975
OpenADMET-Caco2_Efflux,SNS,hetero,0.4,0.9790209790209792,0.562845490439823,0.015231805737200134
OpenADMET-Caco2_Efflux,SNS,hetero,0.5,0.8811188811188813,0.4573263810762502,0.0310558867145313
OpenADMET-Caco2_Efflux,SNS,hetero,0.6,0.7272727272727274,0.7088822627935004,0.04415937122169634
OpenADMET-Caco2_Efflux,SNS,hetero,0.7,0.9300699300699302,0.5300385187145129,0.05464724635137979
OpenADMET-Caco2_Efflux,SNS,hetero,0.8,0.6853146853146854,0.9629098585450686,0.07394313948797941
OpenADMET-Caco2_Efflux,SNS,hetero,0.9,0.7062937062937064,0.7410046176589972,0.07059866601968477
OpenADMET-Caco2_Efflux,SNS,hetero,1.0,0.6923076923076924,0.8470415090375549,0.09767047942730717
OpenADMET-Caco2_Efflux,SNS,legacy,0.0,1.0,,0.0
OpenADMET-Caco2_Efflux,SNS,legacy,0.1,0.9860139860139862,0.326292382569764,0.016230482996696823
OpenADMET-Caco2_Efflux,SNS,legacy,0.2,0.9090909090909092,0.636189969610396,0.05210833630591819
OpenADMET-Caco2_Efflux,SNS,legacy,0.3,0.6643356643356644,0.8812266084468109,0.1001092957568379
OpenADMET-Caco2_Efflux,SNS,legacy,0.4,0.4825174825174825,1.3084997377045595,0.1263649166043161
OpenADMET-Caco2_Efflux,SNS,legacy,0.5,0.5314685314685316,1.273952689661004,0.19509878872351427
OpenADMET-Caco2_Efflux,SNS,legacy,0.6,-0.055944055944055944,1.8224616030388796,0.2903457757530359
OpenADMET-Caco2_Efflux,SNS,legacy,0.7,-0.006993006993006993,2.0811997171682473,0.33792307308394093
OpenADMET-Caco2_Efflux,SNS,legacy,0.8,-0.2867132867132868,2.063298763772954,0.40481519731251375
OpenADMET-Caco2_Efflux,SNS,legacy,0.9,-0.2027972027972028,2.61056583012699,0.4720079294184803
OpenADMET-Caco2_Efflux,SNS,legacy,1.0,-0.43356643356643365,2.13274771865804,0.5941910473622413
OpenADMET-Caco2_Efflux,SNS,outlier,0.0,1.0,,0.0
OpenADMET-Caco2_Efflux,SNS,outlier,0.1,0.9510489510489512,0.44078318248133613,0.016230139543349033
OpenADMET-Caco2_Efflux,SNS,outlier,0.2,0.9440559440559443,0.48229680090489163,0.035002157044026594
OpenADMET-Caco2_Efflux,SNS,outlier,0.3,0.5664335664335665,0.6117789208090552,0.10166813761642347
OpenADMET-Caco2_Efflux,SNS,outlier,0.4,0.4545454545454546,0.8263230989372313,0.12058113764921968
OpenADMET-Caco2_Efflux,SNS,outlier,0.5,0.32867132867132864,0.9250918568533728,0.148698596674411
OpenADMET-Caco2_Efflux,SNS,outlier,0.6,0.2447552447552448,1.5519966785134052,0.2877722623392824
OpenADMET-Caco2_Efflux,SNS,outlier,0.7,0.09090909090909093,1.3430531249905724,0.24982645093470976
OpenADMET-Caco2_Efflux,SNS,outlier,0.8,-0.02097902097902098,1.1837188541575354,0.3581641199586241
OpenADMET-Caco2_Efflux,SNS,outlier,0.9,-0.3846153846153847,1.484136874746578,0.4328253305860848
OpenADMET-Caco2_Efflux,SNS,outlier,1.0,-0.37762237762237766,1.3049272807176207,0.4195660455707364
OpenADMET-Caco2_Efflux,SNS,quantile,0.0,1.0,,0.0
OpenADMET-Caco2_Efflux,SNS,quantile,0.1,0.9580419580419581,0.2207561248833398,0.010847308275827966
OpenADMET-Caco2_Efflux,SNS,quantile,0.2,0.9930069930069931,0.43089854611674766,0.03573464018876652
OpenADMET-Caco2_Efflux,SNS,quantile,0.3,0.6783216783216784,0.8099342124838885,0.10165900826525665
OpenADMET-Caco2_Efflux,SNS,quantile,0.4,0.43356643356643365,0.8843048455261096,0.1260852792989033
OpenADMET-Caco2_Efflux,SNS,quantile,0.5,0.3706293706293707,1.338042518418223,0.1695160054576151
OpenADMET-Caco2_Efflux,SNS,quantile,0.6,0.04195804195804196,2.266628313314153,0.27560778590531965
OpenADMET-Caco2_Efflux,SNS,quantile,0.7,-0.16083916083916086,1.4541720857021387,0.2873034705809015
OpenADMET-Caco2_Efflux,SNS,quantile,0.8,-0.2447552447552448,1.494723576168558,0.36976406805265993
OpenADMET-Caco2_Efflux,SNS,quantile,0.9,-0.34965034965034975,2.3722512397507285,0.49714391067659686
OpenADMET-Caco2_Efflux,SNS,quantile,1.0,-0.4685314685314686,1.7402571388636048,0.526466904676434
OpenADMET-Caco2_Efflux,SNS,threshold,0.0,1.0,,0.0
OpenADMET-Caco2_Efflux,SNS,threshold,0.1,0.9790209790209792,0.3138124119612561,0.005149019985285327
OpenADMET-Caco2_Efflux,SNS,threshold,0.2,0.9580419580419581,0.7096623629102117,0.01170552198765345
OpenADMET-Caco2_Efflux,SNS,threshold,0.3,0.6433566433566434,0.5870771642734686,0.068147300520572
OpenADMET-Caco2_Efflux,SNS,threshold,0.4,0.6573426573426573,0.684406348279027,0.07012034579646186
OpenADMET-Caco2_Efflux,SNS,threshold,0.5,0.7482517482517484,0.5999464704162772,0.08672617739956777
OpenADMET-Caco2_Efflux,SNS,threshold,0.6,0.46153846153846156,1.054299617419442,0.1935285089428699
OpenADMET-Caco2_Efflux,SNS,threshold,0.7,0.35664335664335667,0.8625616443835172,0.15887963422923945
OpenADMET-Caco2_Efflux,SNS,threshold,0.8,0.17482517482517487,0.9090202938756408,0.2281410999198844
OpenADMET-Caco2_Efflux,SNS,threshold,0.9,-0.1258741258741259,1.7551328528461296,0.29811027647563765
OpenADMET-Caco2_Efflux,SNS,threshold,1.0,-0.1258741258741259,1.4475889966477382,0.29068215844275175
OpenADMET-Caco2_Efflux,SNS,valprop,0.0,1.0,,0.0
OpenADMET-Caco2_Efflux,SNS,valprop,0.1,0.9230769230769231,0.5670132796980526,0.024849807970674802
OpenADMET-Caco2_Efflux,SNS,valprop,0.2,0.8811188811188813,0.5452715601460442,0.043972805718626516
OpenADMET-Caco2_Efflux,SNS,valprop,0.3,0.5454545454545455,0.9082728166854576,0.11289076139663168
OpenADMET-Caco2_Efflux,SNS,valprop,0.4,0.5594405594405596,1.2159674587565585,0.14221286654680965
OpenADMET-Caco2_Efflux,SNS,valprop,0.5,0.006993006993006993,1.5500162375981243,0.2059170682823238
OpenADMET-Caco2_Efflux,SNS,valprop,0.6,-0.15384615384615385,2.2584921960173645,0.3185657176806503
OpenADMET-Caco2_Efflux,SNS,valprop,0.7,-0.09090909090909093,2.109751059074571,0.3559344660876653
OpenADMET-Caco2_Efflux,SNS,valprop,0.8,-0.23076923076923078,2.268979963281656,0.42047045130411737
OpenADMET-Caco2_Efflux,SNS,valprop,0.9,-0.4545454545454546,2.9348116432499167,0.5010200075472954
OpenADMET-Caco2_Efflux,SNS,valprop,1.0,-0.4755244755244756,2.6108053377230984,0.5936127717351757
OpenADMET-LogD,ECFP4,hetero,0.0,1.0,,0.0
OpenADMET-LogD,ECFP4,hetero,0.1,0.9790209790209792,0.9389225071637084,0.02406413820292508
OpenADMET-LogD,ECFP4,hetero,0.2,0.9860139860139862,0.5749673521205452,0.022796346909908834
OpenADMET-LogD,ECFP4,hetero,0.3,0.9790209790209792,1.5422174596053677,0.02942541483855179
OpenADMET-LogD,ECFP4,hetero,0.4,0.9790209790209792,0.8415212603810922,0.024252838264260664
OpenADMET-LogD,ECFP4,hetero,0.5,0.9790209790209792,0.5498727058356812,0.030053044684964572
OpenADMET-LogD,ECFP4,hetero,0.6,0.9790209790209792,0.4625731305430674,0.01873782991713417
OpenADMET-LogD,ECFP4,hetero,0.7,0.9790209790209792,0.8823543554017104,0.034455357278449374
OpenADMET-LogD,ECFP4,hetero,0.8,0.9720279720279721,0.6360705273709496,0.042954676208610404
OpenADMET-LogD,ECFP4,hetero,0.9,0.9720279720279721,0.5148008221589554,0.04547568347237404
OpenADMET-LogD,ECFP4,hetero,1.0,0.9860139860139862,0.1698507094126044,0.029361799053244157
OpenADMET-LogD,ECFP4,legacy,0.0,1.0,,0.0
OpenADMET-LogD,ECFP4,legacy,0.1,0.9790209790209792,0.3825434758513972,0.015781170850849565
OpenADMET-LogD,ECFP4,legacy,0.2,0.9930069930069931,0.2488496695137297,0.011016688302051282
OpenADMET-LogD,ECFP4,legacy,0.3,1.0,0.8567691321596924,0.02867922787795077
OpenADMET-LogD,ECFP4,legacy,0.4,0.9930069930069931,0.19621307444131178,0.02507047582533597
OpenADMET-LogD,ECFP4,legacy,0.5,0.9860139860139862,0.26766962323342486,0.03702679717137704
OpenADMET-LogD,ECFP4,legacy,0.6,0.9930069930069931,0.258629669611156,0.05631217150153183
OpenADMET-LogD,ECFP4,legacy,0.7,0.9440559440559443,0.31045086917083103,0.0794858871938604
OpenADMET-LogD,ECFP4,legacy,0.8,0.9300699300699302,0.8845465726772792,0.10287765461620756
OpenADMET-LogD,ECFP4,legacy,0.9,0.9160839160839163,0.8887810523342295,0.11168243383215819
OpenADMET-LogD,ECFP4,legacy,1.0,0.8881118881118882,0.6630815600895209,0.12490956406444537
OpenADMET-LogD,ECFP4,outlier,0.0,1.0,,0.0
OpenADMET-LogD,ECFP4,outlier,0.1,0.9860139860139862,0.19274247909209513,0.005308544537951809
OpenADMET-LogD,ECFP4,outlier,0.2,0.9860139860139862,0.4700176133219445,-0.006108319975997233
OpenADMET-LogD,ECFP4,outlier,0.3,0.9790209790209792,0.19631570141918334,0.015730051426189173
OpenADMET-LogD,ECFP4,outlier,0.4,0.9790209790209792,0.31031763797847095,0.020897994845677614
OpenADMET-LogD,ECFP4,outlier,0.5,0.9860139860139862,0.1732080475904751,0.028265317862931644
OpenADMET-LogD,ECFP4,outlier,0.6,0.9720279720279721,0.4960761293053776,0.043389312031070625
OpenADMET-LogD,ECFP4,outlier,0.7,0.9860139860139862,0.8058322941919845,0.05039609977639912
OpenADMET-LogD,ECFP4,outlier,0.8,0.9790209790209792,0.6407936758681062,0.06149046699248443
OpenADMET-LogD,ECFP4,outlier,0.9,0.9230769230769231,0.3454012874603702,0.06861751044534305
OpenADMET-LogD,ECFP4,outlier,1.0,0.9510489510489512,0.6894060412384275,0.09193954097677005
OpenADMET-LogD,ECFP4,quantile,0.0,1.0,,0.0
OpenADMET-LogD,ECFP4,quantile,0.1,0.9790209790209792,0.6717194444336952,-0.022273342063792306
OpenADMET-LogD,ECFP4,quantile,0.2,0.9790209790209792,0.7738227522844718,-0.010036532417651347
OpenADMET-LogD,ECFP4,quantile,0.3,0.9860139860139862,0.2935402789694105,0.01418211309250387
OpenADMET-LogD,ECFP4,quantile,0.4,0.9930069930069931,0.204967314153393,0.011721987032763772
OpenADMET-LogD,ECFP4,quantile,0.5,1.0,0.1782703700655551,0.034456751857006356
OpenADMET-LogD,ECFP4,quantile,0.6,0.9720279720279721,0.35440490765723565,0.03897140717422451
OpenADMET-LogD,ECFP4,quantile,0.7,0.9930069930069931,0.28941649795380986,0.062258913348338434
OpenADMET-LogD,ECFP4,quantile,0.8,0.9790209790209792,0.3109986239947239,0.07575011269467227
OpenADMET-LogD,ECFP4,quantile,0.9,0.9370629370629372,0.5900511550771429,0.08522036374923288
OpenADMET-LogD,ECFP4,quantile,1.0,0.8251748251748254,0.5531708134283204,0.10810866172267582
OpenADMET-LogD,ECFP4,threshold,0.0,1.0,,0.0
OpenADMET-LogD,ECFP4,threshold,0.1,0.965034965034965,0.4432195769040738,0.022552857758319392
OpenADMET-LogD,ECFP4,threshold,0.2,0.965034965034965,0.6865037560870921,0.05328463153460356
OpenADMET-LogD,ECFP4,threshold,0.3,0.9720279720279721,0.4433093612852236,0.06508986955415136
OpenADMET-LogD,ECFP4,threshold,0.4,0.8601398601398602,0.9987120812296572,0.09891720783422576
OpenADMET-LogD,ECFP4,threshold,0.5,0.8741258741258742,1.0382540526203983,0.13283981274841733
OpenADMET-LogD,ECFP4,threshold,0.6,0.5804195804195805,0.9579401236363189,0.15749400298387237
OpenADMET-LogD,ECFP4,threshold,0.7,0.6433566433566434,0.9736412272221705,0.19720826768149824
OpenADMET-LogD,ECFP4,threshold,0.8,0.4825174825174825,1.0669859492463218,0.22673298291925184
OpenADMET-LogD,ECFP4,threshold,0.9,0.3706293706293707,1.322178173964528,0.25895449876339366
OpenADMET-LogD,ECFP4,threshold,1.0,0.3426573426573427,1.5054597616121639,0.30733007238020177
OpenADMET-LogD,ECFP4,valprop,0.0,1.0,,0.0
OpenADMET-LogD,ECFP4,valprop,0.1,0.9930069930069931,0.3436699041947269,0.009554158107499018
OpenADMET-LogD,ECFP4,valprop,0.2,0.9790209790209792,0.21710537800303267,0.03835679516219511
OpenADMET-LogD,ECFP4,valprop,0.3,0.9580419580419581,0.41633319458402046,0.055678251206616465
OpenADMET-LogD,ECFP4,valprop,0.4,0.9510489510489512,0.32287048373006494,0.05435967215933502
OpenADMET-LogD,ECFP4,valprop,0.5,0.8951048951048951,0.3059290360284426,0.07767088025307374
OpenADMET-LogD,ECFP4,valprop,0.6,0.8671328671328673,0.3630040980527654,0.09191475446738416
OpenADMET-LogD,ECFP4,valprop,0.7,0.8741258741258742,0.5357938582954652,0.1118098985726576
OpenADMET-LogD,ECFP4,valprop,0.8,0.8741258741258742,0.4872559474105935,0.12436910746338181
OpenADMET-LogD,ECFP4,valprop,0.9,0.7692307692307694,0.8867557988230779,0.1405996080232689
OpenADMET-LogD,ECFP4,valprop,1.0,0.6503496503496504,0.8032219286375222,0.1634810277133837
OpenADMET-LogD,MHG-GNN-pretrained,hetero,0.0,1.0,,0.0
OpenADMET-LogD,MHG-GNN-pretrained,hetero,0.1,0.9790209790209792,0.3716230456614947,0.04646859722863508
OpenADMET-LogD,MHG-GNN-pretrained,hetero,0.2,0.965034965034965,0.266340714527513,0.06449570611319065
OpenADMET-LogD,MHG-GNN-pretrained,hetero,0.3,0.9370629370629372,0.34019202341557,0.018856289726983517
OpenADMET-LogD,MHG-GNN-pretrained,hetero,0.4,0.9300699300699302,0.5730347191481918,0.0755424267774868
OpenADMET-LogD,MHG-GNN-pretrained,hetero,0.5,0.9580419580419581,0.5182118642070569,0.1650702736259048
OpenADMET-LogD,MHG-GNN-pretrained,hetero,0.6,0.9300699300699302,0.5133051673237814,0.14254254904947813
OpenADMET-LogD,MHG-GNN-pretrained,hetero,0.7,0.9720279720279721,0.3776764960805854,0.1695194722434119
OpenADMET-LogD,MHG-GNN-pretrained,hetero,0.8,0.9440559440559443,0.49395537043227017,0.07990517185860845
OpenADMET-LogD,MHG-GNN-pretrained,hetero,0.9,0.9370629370629372,0.5062986214712318,0.21871814220321803
OpenADMET-LogD,MHG-GNN-pretrained,hetero,1.0,0.965034965034965,0.3452929430683952,0.1742935780435647
OpenADMET-LogD,MHG-GNN-pretrained,legacy,0.0,1.0,,0.0
OpenADMET-LogD,MHG-GNN-pretrained,legacy,0.1,0.965034965034965,0.40181523590366264,0.0026887899089459624
OpenADMET-LogD,MHG-GNN-pretrained,legacy,0.2,0.99124495269876,0.6973594912403113,0.028651373567651812
OpenADMET-LogD,MHG-GNN-pretrained,legacy,0.3,0.8741258741258742,0.4181702619146365,0.008952480837854245
OpenADMET-LogD,MHG-GNN-pretrained,legacy,0.4,0.965034965034965,0.5806041889638985,0.013604005465138706
OpenADMET-LogD,MHG-GNN-pretrained,legacy,0.5,0.9230769230769231,0.5223252386431072,0.148197295768863
OpenADMET-LogD,MHG-GNN-pretrained,legacy,0.6,0.8811188811188813,0.5631178070539805,0.2332135421823508
OpenADMET-LogD,MHG-GNN-pretrained,legacy,0.7,0.8671328671328673,0.45520559232702457,0.059596581641216555
OpenADMET-LogD,MHG-GNN-pretrained,legacy,0.8,0.8741258741258742,0.46886287118046893,0.15363399686006804
OpenADMET-LogD,MHG-GNN-pretrained,legacy,0.9,0.8461538461538463,0.5432653827471842,0.11520587456965524
OpenADMET-LogD,MHG-GNN-pretrained,legacy,1.0,0.9020979020979022,0.36538495552788375,0.20145263840170902
OpenADMET-LogD,MHG-GNN-pretrained,outlier,0.0,1.0,,0.0
OpenADMET-LogD,MHG-GNN-pretrained,outlier,0.1,0.8951048951048951,0.5379319943958025,0.0216822656510413
OpenADMET-LogD,MHG-GNN-pretrained,outlier,0.2,0.8951048951048951,0.46135186485264523,0.11145078759791173
OpenADMET-LogD,MHG-GNN-pretrained,outlier,0.3,0.9300699300699302,0.45602325551583034,0.02792271323372646
OpenADMET-LogD,MHG-GNN-pretrained,outlier,0.4,0.9720279720279721,0.3270088373112955,0.0392307218658078
OpenADMET-LogD,MHG-GNN-pretrained,outlier,0.5,0.9160839160839163,0.6671380521356455,0.0734354423911078
OpenADMET-LogD,MHG-GNN-pretrained,outlier,0.6,0.9300699300699302,0.5538253403426717,0.027916971912444518
OpenADMET-LogD,MHG-GNN-pretrained,outlier,0.7,0.9440559440559443,0.6295359745960473,0.11173625054373248
OpenADMET-LogD,MHG-GNN-pretrained,outlier,0.8,0.9370629370629372,0.7503753799194981,0.14174701693371364
OpenADMET-LogD,MHG-GNN-pretrained,outlier,0.9,0.8881118881118882,0.5365448803649426,0.054948771308492246
OpenADMET-LogD,MHG-GNN-pretrained,outlier,1.0,0.8531468531468532,0.6510083801596795,0.11117007085475254
OpenADMET-LogD,MHG-GNN-pretrained,quantile,0.0,1.0,,0.0
OpenADMET-LogD,MHG-GNN-pretrained,quantile,0.1,0.9300699300699302,0.559462288133701,-0.012683533337694739
OpenADMET-LogD,MHG-GNN-pretrained,quantile,0.2,0.9860139860139862,0.36992809982466035,0.005162751998069016
OpenADMET-LogD,MHG-GNN-pretrained,quantile,0.3,0.9510489510489512,0.4969903412038919,0.11809798899562203
OpenADMET-LogD,MHG-GNN-pretrained,quantile,0.4,0.9370629370629372,0.44964308602999326,-0.06288526269563831
OpenADMET-LogD,MHG-GNN-pretrained,quantile,0.5,0.9580419580419581,0.7005280262074733,0.0010297182874437483
OpenADMET-LogD,MHG-GNN-pretrained,quantile,0.6,0.9580419580419581,0.34916612335484604,-0.05557710797799178
OpenADMET-LogD,MHG-GNN-pretrained,quantile,0.7,0.9160839160839163,0.43320921618668856,-0.04265680742865152
OpenADMET-LogD,MHG-GNN-pretrained,quantile,0.8,0.9230769230769231,0.33588323431743644,0.03238625784295808
OpenADMET-LogD,MHG-GNN-pretrained,quantile,0.9,0.9300699300699302,0.2360799745051575,0.03573845638515961
OpenADMET-LogD,MHG-GNN-pretrained,quantile,1.0,0.9230769230769231,0.33784088232528053,0.10489196216142888
OpenADMET-LogD,MHG-GNN-pretrained,threshold,0.0,1.0,,0.0
OpenADMET-LogD,MHG-GNN-pretrained,threshold,0.1,0.9440559440559443,0.5630834974203752,-0.05644555994375796
OpenADMET-LogD,MHG-GNN-pretrained,threshold,0.2,0.9440559440559443,0.4660521125157983,0.06277224958204657
OpenADMET-LogD,MHG-GNN-pretrained,threshold,0.3,0.8881118881118882,0.5889778856573478,0.03768014337110878
OpenADMET-LogD,MHG-GNN-pretrained,threshold,0.4,0.9440559440559443,0.4591407412415733,0.12164007181816434
OpenADMET-LogD,MHG-GNN-pretrained,threshold,0.5,0.7972027972027973,0.7679173272406462,0.08517080075164019
OpenADMET-LogD,MHG-GNN-pretrained,threshold,0.6,0.7692307692307694,0.9951662075187884,0.23722071163340216
OpenADMET-LogD,MHG-GNN-pretrained,threshold,0.7,0.7552447552447553,0.6941429027059214,0.19842711473985605
OpenADMET-LogD,MHG-GNN-pretrained,threshold,0.8,0.7902097902097903,0.6947644705149838,0.16207141465416317
OpenADMET-LogD,MHG-GNN-pretrained,threshold,0.9,0.7762237762237763,0.8532272541157697,0.2365354975500437
OpenADMET-LogD,MHG-GNN-pretrained,threshold,1.0,0.7902097902097903,1.0262773299376062,0.3757522462790442
OpenADMET-LogD,MHG-GNN-pretrained,valprop,0.0,1.0,,0.0
OpenADMET-LogD,MHG-GNN-pretrained,valprop,0.1,0.9930069930069931,0.34322183031360365,-0.1003643936101374
OpenADMET-LogD,MHG-GNN-pretrained,valprop,0.2,0.9860139860139862,0.3162443760335653,0.07422717592864193
OpenADMET-LogD,MHG-GNN-pretrained,valprop,0.3,0.8601398601398602,0.6636514066069987,0.05253866801995257
OpenADMET-LogD,MHG-GNN-pretrained,valprop,0.4,0.9580419580419581,0.36918452746868985,-0.006255563174941993
OpenADMET-LogD,MHG-GNN-pretrained,valprop,0.5,0.9020979020979022,0.517753007187224,0.1240265917133886
OpenADMET-LogD,MHG-GNN-pretrained,valprop,0.6,0.8951048951048951,0.5436971684916635,0.0961119313750284
OpenADMET-LogD,MHG-GNN-pretrained,valprop,0.7,0.9160839160839163,0.399671906995127,0.06365643057132796
OpenADMET-LogD,MHG-GNN-pretrained,valprop,0.8,0.8391608391608393,0.5860695329857667,0.08374985164084735
OpenADMET-LogD,MHG-GNN-pretrained,valprop,0.9,0.8461538461538463,0.502805856613644,0.1678513742170676
OpenADMET-LogD,MHG-GNN-pretrained,valprop,1.0,0.8251748251748254,0.485095542664674,0.10439265133164587
OpenADMET-LogD,PDV,hetero,0.0,1.0,,0.0
OpenADMET-LogD,PDV,hetero,0.1,0.9615384615384615,0.45709813852403525,0.0007976482280873294
OpenADMET-LogD,PDV,hetero,0.2,0.989010989010989,0.2686092040810222,0.0018014031662517195
OpenADMET-LogD,PDV,hetero,0.3,0.9560439560439561,0.5041423987624897,0.005280133274736649
OpenADMET-LogD,PDV,hetero,0.4,0.967032967032967,0.3721051689417545,0.005334576052931138
OpenADMET-LogD,PDV,hetero,0.5,0.989010989010989,0.6361926988328898,0.014176780065206819
OpenADMET-LogD,PDV,hetero,0.6,0.9725274725274725,0.2434585275245746,0.008430334036106924
OpenADMET-LogD,PDV,hetero,0.7,0.9725274725274725,0.37870434750243254,0.014729488514355588
OpenADMET-LogD,PDV,hetero,0.8,0.9780219780219779,0.4066317231717344,0.013148538351597435
OpenADMET-LogD,PDV,hetero,0.9,0.945054945054945,0.6738644376052887,0.023578430715622493
OpenADMET-LogD,PDV,hetero,1.0,0.9560439560439561,0.48388624212731696,0.024789924695386864
OpenADMET-LogD,PDV,legacy,0.0,1.0,,0.0
OpenADMET-LogD,PDV,legacy,0.1,0.967032967032967,0.5544609740924076,0.006545799331107887
OpenADMET-LogD,PDV,legacy,0.2,0.9395604395604396,0.8026660183060186,0.009483017520077646
OpenADMET-LogD,PDV,legacy,0.3,0.9560439560439561,0.519232477818896,0.016503040886922022
OpenADMET-LogD,PDV,legacy,0.4,0.9615384615384615,1.1022818593615338,0.023859252232444846
OpenADMET-LogD,PDV,legacy,0.5,0.9505494505494506,0.5565528200305874,0.036047264646213564
OpenADMET-LogD,PDV,legacy,0.6,0.9560439560439561,1.0853097241137213,0.03714196903959339
OpenADMET-LogD,PDV,legacy,0.7,0.9230769230769231,1.062692716896232,0.0554485709681446
OpenADMET-LogD,PDV,legacy,0.8,0.901098901098901,1.3993940359460542,0.062037216680234694
OpenADMET-LogD,PDV,legacy,0.9,0.8516483516483516,1.5753521791103218,0.07715636805575292
OpenADMET-LogD,PDV,legacy,1.0,0.8406593406593407,1.6236428912111665,0.09705737004462725
OpenADMET-LogD,PDV,outlier,0.0,1.0,,0.0
OpenADMET-LogD,PDV,outlier,0.1,0.9505494505494506,0.5272744283590403,0.0077415019786122525
OpenADMET-LogD,PDV,outlier,0.2,0.9120879120879121,0.552731686566105,0.005995614707795522
OpenADMET-LogD,PDV,outlier,0.3,0.9560439560439561,0.4556238905873779,0.008767284327360837
OpenADMET-LogD,PDV,outlier,0.4,0.9395604395604396,0.4720338773368157,0.010158559494080703
OpenADMET-LogD,PDV,outlier,0.5,0.9230769230769231,0.5221781209191056,0.020241245018174647
OpenADMET-LogD,PDV,outlier,0.6,0.9395604395604396,0.7104517712671956,0.021623151000652478
OpenADMET-LogD,PDV,outlier,0.7,0.9615384615384615,0.39709789634988035,0.02710665030675766
OpenADMET-LogD,PDV,outlier,0.8,0.9340659340659341,0.49449151175063,0.03985552018202401
OpenADMET-LogD,PDV,outlier,0.9,0.8956043956043955,0.7492077356411407,0.053629000594728575
OpenADMET-LogD,PDV,outlier,1.0,0.8956043956043955,0.6254975225174315,0.058209073909947576
OpenADMET-LogD,PDV,quantile,0.0,1.0,,0.0
OpenADMET-LogD,PDV,quantile,0.1,0.9395604395604396,0.4263195677680705,-0.003019013126794302
OpenADMET-LogD,PDV,quantile,0.2,0.989010989010989,0.5897677904060888,-0.002275621410636486
OpenADMET-LogD,PDV,quantile,0.3,0.9780219780219779,0.6214776838697088,0.00904472517308639
OpenADMET-LogD,PDV,quantile,0.4,0.9780219780219779,0.5650978545169403,0.010950433046128983
OpenADMET-LogD,PDV,quantile,0.5,0.967032967032967,0.42365690406905154,0.026810305373712248
OpenADMET-LogD,PDV,quantile,0.6,0.967032967032967,0.5977606403293926,0.02971989280723677
OpenADMET-LogD,PDV,quantile,0.7,0.901098901098901,0.8253784622438723,0.04160749023176603
OpenADMET-LogD,PDV,quantile,0.8,0.8571428571428571,0.7005847642590803,0.04843305143808145
OpenADMET-LogD,PDV,quantile,0.9,0.7747252747252747,1.0679207981669618,0.07036176595444397
OpenADMET-LogD,PDV,quantile,1.0,0.7527472527472527,1.5041610523714366,0.07947436050846675
OpenADMET-LogD,PDV,threshold,0.0,1.0,,0.0
OpenADMET-LogD,PDV,threshold,0.1,0.967032967032967,0.3331258423539561,0.004590943275538776
OpenADMET-LogD,PDV,threshold,0.2,0.9780219780219779,0.30187541900284937,0.017162421300363218
OpenADMET-LogD,PDV,threshold,0.3,0.9340659340659341,0.6319243951068817,0.03752563420587959
OpenADMET-LogD,PDV,threshold,0.4,0.8736263736263737,0.8052583302290268,0.0622698695186544
OpenADMET-LogD,PDV,threshold,0.5,0.7637362637362637,1.9041044962717995,0.08419725989507754
OpenADMET-LogD,PDV,threshold,0.6,0.6978021978021978,1.865289258391575,0.10096986876124811
OpenADMET-LogD,PDV,threshold,0.7,0.6703296703296703,2.9266191995494757,0.14384926326075323
OpenADMET-LogD,PDV,threshold,0.8,0.6153846153846153,2.3475205610137344,0.157108968304869
OpenADMET-LogD,PDV,threshold,0.9,0.5604395604395606,3.5690982598142984,0.20538310796480766
OpenADMET-LogD,PDV,threshold,1.0,0.48901098901098894,3.576992493443305,0.23800495038384303
OpenADMET-LogD,PDV,valprop,0.0,1.0,,0.0
OpenADMET-LogD,PDV,valprop,0.1,0.967032967032967,0.5732007219498635,0.00689552346461105
OpenADMET-LogD,PDV,valprop,0.2,0.9340659340659341,0.5598691928685485,0.023883378314101884
OpenADMET-LogD,PDV,valprop,0.3,0.9505494505494506,0.5491736513355974,0.03359316564085541
OpenADMET-LogD,PDV,valprop,0.4,0.8736263736263737,0.9439082486127098,0.03768778334137787
OpenADMET-LogD,PDV,valprop,0.5,0.8736263736263737,1.0127606756916165,0.05297404354153353
OpenADMET-LogD,PDV,valprop,0.6,0.8571428571428571,1.5600164745123175,0.062134835902261584
OpenADMET-LogD,PDV,valprop,0.7,0.8021978021978022,1.0799800030039168,0.07735888320037324
OpenADMET-LogD,PDV,valprop,0.8,0.7747252747252747,1.2587626119514899,0.08801350026838721
OpenADMET-LogD,PDV,valprop,0.9,0.7582417582417583,1.779396596620758,0.11272229597240521
OpenADMET-LogD,PDV,valprop,1.0,0.6593406593406593,1.6706250712519104,0.12352165425295322
OpenADMET-LogD,SNS,hetero,0.0,1.0,,0.0
OpenADMET-LogD,SNS,hetero,0.1,0.9790209790209792,0.3021560505158174,-0.01087627105078346
OpenADMET-LogD,SNS,hetero,0.2,0.965034965034965,0.45354652907124415,-0.0028614869087584924
OpenADMET-LogD,SNS,hetero,0.3,0.9790209790209792,0.4640793718831711,-0.004040624611408424
OpenADMET-LogD,SNS,hetero,0.4,0.9720279720279721,0.34128428189580734,-0.000254012570129748
OpenADMET-LogD,SNS,hetero,0.5,0.965034965034965,0.6166055292092383,-0.002342807992734002
OpenADMET-LogD,SNS,hetero,0.6,0.965034965034965,0.7949349867669079,-0.0016247885288242518
OpenADMET-LogD,SNS,hetero,0.7,0.9790209790209792,0.2038241451089068,0.006701085429507679
OpenADMET-LogD,SNS,hetero,0.8,0.9860139860139862,0.726567516975845,0.006295257700811311
OpenADMET-LogD,SNS,hetero,0.9,0.9790209790209792,0.39387670095728805,0.016327058485861728
OpenADMET-LogD,SNS,hetero,1.0,0.9580419580419581,0.5162204144438717,0.025347567028127207
OpenADMET-LogD,SNS,legacy,0.0,1.0,,0.0
OpenADMET-LogD,SNS,legacy,0.1,0.9790209790209792,0.36081474665563634,0.0036265849509331365
OpenADMET-LogD,SNS,legacy,0.2,0.9860139860139862,0.30028290463783547,0.01422371485061896
OpenADMET-LogD,SNS,legacy,0.3,0.9720279720279721,0.2847186350959266,0.020562182415721855
OpenADMET-LogD,SNS,legacy,0.4,0.9580419580419581,0.6481916489947692,0.029624452669812007
OpenADMET-LogD,SNS,legacy,0.5,0.9300699300699302,0.91007855491794,0.02754275325068305
OpenADMET-LogD,SNS,legacy,0.6,0.9510489510489512,0.8929203621496586,0.06380304409429514
OpenADMET-LogD,SNS,legacy,0.7,0.8881118881118882,1.216984005891954,0.06192403815428618
OpenADMET-LogD,SNS,legacy,0.8,0.8671328671328673,1.163642835403825,0.07957013762742093
OpenADMET-LogD,SNS,legacy,0.9,0.8671328671328673,0.6855835604669825,0.11191892432724408
OpenADMET-LogD,SNS,legacy,1.0,0.8251748251748254,0.7837952292366754,0.13338136762357375
OpenADMET-LogD,SNS,outlier,0.0,1.0,,0.0
OpenADMET-LogD,SNS,outlier,0.1,0.9790209790209792,0.22146812272528785,0.001687301515357096
OpenADMET-LogD,SNS,outlier,0.2,0.9440559440559443,0.6248528576161072,0.01633686654787352
OpenADMET-LogD,SNS,outlier,0.3,0.965034965034965,0.8957212574141828,0.024080795422064965
OpenADMET-LogD,SNS,outlier,0.4,0.9720279720279721,0.357188587209547,0.020938074563624967
OpenADMET-LogD,SNS,outlier,0.5,0.965034965034965,0.3902956957100082,0.03134847490645031
OpenADMET-LogD,SNS,outlier,0.6,0.9720279720279721,0.6741245124671464,0.03438262172289679
OpenADMET-LogD,SNS,outlier,0.7,0.9720279720279721,0.5621529457828788,0.05018549803942934
OpenADMET-LogD,SNS,outlier,0.8,0.965034965034965,0.46397053711307223,0.05980907971388045
OpenADMET-LogD,SNS,outlier,0.9,0.9300699300699302,0.6163840838298391,0.08144238264231841
OpenADMET-LogD,SNS,outlier,1.0,0.9370629370629372,1.3551460449515822,0.09108063324772218
OpenADMET-LogD,SNS,quantile,0.0,1.0,,0.0
OpenADMET-LogD,SNS,quantile,0.1,0.965034965034965,1.0099737085835323,0.00672516772707889
OpenADMET-LogD,SNS,quantile,0.2,0.9580419580419581,0.9080099333181878,0.015411058872558317
OpenADMET-LogD,SNS,quantile,0.3,0.9580419580419581,0.44883027331816594,0.013147274063333346
OpenADMET-LogD,SNS,quantile,0.4,0.965034965034965,0.42397276927958993,0.02392261733558343
OpenADMET-LogD,SNS,quantile,0.5,0.9720279720279721,0.41964960028855297,0.03537883533347934
OpenADMET-LogD,SNS,quantile,0.6,0.965034965034965,1.1462021461045904,0.05782458609218106
OpenADMET-LogD,SNS,quantile,0.7,0.965034965034965,0.5791909693093373,0.056512874574241784
OpenADMET-LogD,SNS,quantile,0.8,0.8951048951048951,1.051900833655953,0.08833610736450248
OpenADMET-LogD,SNS,quantile,0.9,0.8461538461538463,0.9081233536722169,0.11592629753751642
OpenADMET-LogD,SNS,quantile,1.0,0.7482517482517484,1.477214964107555,0.1365286946030804
OpenADMET-LogD,SNS,threshold,0.0,1.0,,0.0
OpenADMET-LogD,SNS,threshold,0.1,0.9860139860139862,0.4623956923856144,0.002035933031407384
OpenADMET-LogD,SNS,threshold,0.2,0.965034965034965,0.6771228393386386,0.0248119468424533
OpenADMET-LogD,SNS,threshold,0.3,0.9230769230769231,1.0846704264001126,0.041962200662358666
OpenADMET-LogD,SNS,threshold,0.4,0.8951048951048951,0.7148844018976611,0.06718553368696267
OpenADMET-LogD,SNS,threshold,0.5,0.8531468531468532,1.1976078925707443,0.11944923203935202
OpenADMET-LogD,SNS,threshold,0.6,0.5314685314685316,1.2404635447852925,0.1452182966621678
OpenADMET-LogD,SNS,threshold,0.7,0.5454545454545455,1.2414931270298346,0.1956034748142291
OpenADMET-LogD,SNS,threshold,0.8,0.4755244755244756,1.479903173724262,0.21822032046003895
OpenADMET-LogD,SNS,threshold,0.9,0.4125874125874127,1.9872768795924074,0.265979012170773
OpenADMET-LogD,SNS,threshold,1.0,0.3076923076923077,2.918570122201628,0.3318004436535254
OpenADMET-LogD,SNS,valprop,0.0,1.0,,0.0
OpenADMET-LogD,SNS,valprop,0.1,0.9370629370629372,0.3675960864059295,0.025652386005280577
OpenADMET-LogD,SNS,valprop,0.2,0.8881118881118882,0.5953689803916072,0.02701473090931775
OpenADMET-LogD,SNS,valprop,0.3,0.8811188811188813,0.7557093729419351,0.03353748182304722
OpenADMET-LogD,SNS,valprop,0.4,0.8531468531468532,0.5226174879624076,0.05553410291038066
OpenADMET-LogD,SNS,valprop,0.5,0.8671328671328673,0.8324507849787177,0.06513828195878354
OpenADMET-LogD,SNS,valprop,0.6,0.8181818181818183,1.1729516227520158,0.09015594935167447
OpenADMET-LogD,SNS,valprop,0.7,0.8391608391608393,1.0756432269116027,0.10616608098739709
OpenADMET-LogD,SNS,valprop,0.8,0.9090909090909092,1.164604963906727,0.12814958939681134
OpenADMET-LogD,SNS,valprop,0.9,0.7272727272727274,1.2534893220321761,0.1459508817543864
OpenADMET-LogD,SNS,valprop,1.0,0.5944055944055945,0.8867379030893134,0.17196523331470423
