split,strategy,sigma,fold,sample_idx,y_true,y_pred,uncertainty,noise_scale,noise_pattern,injected_noise,oof_folds_ok,dataset,model,rep
test,legacy,0.0,0,0,4.440875155351001,-2.6280194236888224,1.0,0.0,1.0,0.0,,t5,GP,PDV
test,legacy,0.0,0,1,4.998931536970482,-2.551844947639871,1.0,0.0,1.0,0.0,,t5,GP,PDV
test,legacy,0.0,0,2,5.72059821910346,-2.5061402620105,1.0,0.0,1.0,0.0,,t5,GP,PDV
test,legacy,0.0,0,3,4.708701105592944,-2.429965785961549,1.0,0.0,1.0,0.0,,t5,GP,PDV
test,legacy,0.0,0,4,5.148657086344446,-2.384261100332178,1.0,0.0,1.0,0.0,,t5,GP,PDV
test,legacy,0.0,0,5,4.535432068056334,-2.3080866242832268,1.0,0.0,1.0,0.0,,t5,GP,PDV
test,legacy,0.0,0,6,3.2591855610241103,-2.2623819386538555,1.0,0.0,1.0,0.0,,t5,GP,PDV
test,legacy,0.0,0,7,4.108935769754519,-2.186207462604904,1.0,0.0,1.0,0.0,,t5,GP,PDV
test,legacy,0.0,0,8,5.642515227591309,-2.1405027769755334,1.0,0.0,1.0,0.0,,t5,GP,PDV
test,legacy,0.0,0,9,7.1193930535152,-2.064328300926582,1.0,0.0,1.0,0.0,,t5,GP,PDV
test,legacy,0.0,0,10,4.78401631849718,-2.0186236152972112,1.0,0.0,1.0,0.0,,t5,GP,PDV
test,legacy,0.0,0,11,5.459746222109015,-1.94244913924826,1.0,0.0,1.0,0.0,,t5,GP,PDV
test,legacy,0.0,0,12,4.370474456718977,-1.896744453618889,1.0,0.0,1.0,0.0,,t5,GP,PDV
test,legacy,0.0,0,13,4.841147362919783,-1.8205699775699378,1.0,0.0,1.0,0.0,,t5,GP,PDV
test,legacy,0.0,0,14,5.601948947817249,-1.774865291940567,1.0,0.0,1.0,0.0,,t5,GP,PDV
test,legacy,0.0,0,15,4.880467241726163,-1.6986908158916156,1.0,0.0,1.0,0.0,,t5,GP,PDV
test,legacy,0.0,0,16,3.9321717667751006,-1.6529861302622448,1.0,0.0,1.0,0.0,,t5,GP,PDV
test,legacy,0.0,0,17,6.7971669387171,-1.5768116542132933,1.0,0.0,1.0,0.0,,t5,GP,PDV
test,legacy,0.0,0,18,6.725887424880508,-1.5311069685839225,1.0,0.0,1.0,0.0,,t5,GP,PDV
test,legacy,0.0,0,19,4.7685734475802635,-1.4549324925349711,1.0,0.0,1.0,0.0,,t5,GP,PDV
test,legacy,0.0,0,20,6.073222765784639,-1.4092278069056003,1.0,0.0,1.0,0.0,,t5,GP,PDV
test,legacy,0.0,0,21,4.640346515206607,-1.333053330856649,1.0,0.0,1.0,0.0,,t5,GP,PDV
test,legacy,0.0,0,22,5.803301832091593,-1.2873486452272782,1.0,0.0,1.0,0.0,,t5,GP,PDV
test,legacy,0.0,0,23,4.191625775148712,-1.2111741691783269,1.0,0.0,1.0,0.0,,t5,GP,PDV
test,legacy,0.0,0,24,6.04284719510459,-1.165469483548956,1.0,0.0,1.0,0.0,,t5,GP,PDV
test,legacy,0.0,0,25,5.469854832203096,-1.0892950075000045,1.0,0.0,1.0,0.0,,t5,GP,PDV
test,legacy,0.0,0,26,4.316633275377804,-1.0435903218706337,1.0,0.0,1.0,0.0,,t5,GP,PDV
test,legacy,0.0,0,27,4.654419360175062,-0.9674158458216824,1.0,0.0,1.0,0.0,,t5,GP,PDV
test,legacy,0.0,0,28,5.679058986352887,-0.9217111601923116,1.0,0.0,1.0,0.0,,t5,GP,PDV
test,legacy,0.0,0,29,4.222273648529168,-0.8455366841433603,1.0,0.0,1.0,0.0,,t5,GP,PDV
test,legacy,0.0,0,30,3.9848928354466304,-0.7998319985139893,1.0,0.0,1.0,0.0,,t5,GP,PDV
test,legacy,0.0,0,31,5.586350499071223,-0.723657522465038,1.0,0.0,1.0,0.0,,t5,GP,PDV
test,legacy,0.0,0,32,5.340363708601748,-0.6779528368356672,1.0,0.0,1.0,0.0,,t5,GP,PDV
test,legacy,0.0,0,33,3.7064181268991536,-0.6017783607867159,1.0,0.0,1.0,0.0,,t5,GP,PDV
test,legacy,0.0,0,34,3.396175340053167,-0.556073675157345,1.0,0.0,1.0,0.0,,t5,GP,PDV
test,legacy,0.0,0,35,4.362975497690433,-0.4798991991083936,1.0,0.0,1.0,0.0,,t5,GP,PDV
test,legacy,0.0,0,36,4.382087332755547,-0.4341945134790228,1.0,0.0,1.0,0.0,,t5,GP,PDV
test,legacy,0.0,0,37,5.017386733971532,-0.35802003743007144,1.0,0.0,1.0,0.0,,t5,GP,PDV
test,legacy,0.0,0,38,5.836752931735491,-0.31231535180070064,1.0,0.0,1.0,0.0,,t5,GP,PDV
test,legacy,0.0,0,39,6.4475386329390165,-0.23614087575174925,1.0,0.0,1.0,0.0,,t5,GP,PDV
test,legacy,0.0,0,40,5.494156197339175,-0.19043619012237842,1.0,0.0,1.0,0.0,,t5,GP,PDV
test,legacy,0.0,0,41,4.1640907812096755,-0.11426171407342706,1.0,0.0,1.0,0.0,,t5,GP,PDV
test,legacy,0.0,0,42,4.025349702281913,-0.06855702844405623,1.0,0.0,1.0,0.0,,t5,GP,PDV
test,legacy,0.0,0,43,3.8716650629132703,0.007617447604895137,1.0,0.0,1.0,0.0,,t5,GP,PDV
test,legacy,0.0,0,44,5.672932606681934,0.05332213323426596,1.0,0.0,1.0,0.0,,t5,GP,PDV
test,legacy,0.0,0,45,5.36081649802749,0.12949660928321732,1.0,0.0,1.0,0.0,,t5,GP,PDV
test,legacy,0.0,0,46,2.7754329541907525,0.17520129491258815,1.0,0.0,1.0,0.0,,t5,GP,PDV
test,legacy,0.0,0,47,5.328126581517229,0.2513757709615395,1.0,0.0,1.0,0.0,,t5,GP,PDV
test,legacy,0.0,0,48,4.031122782165007,0.29708045659091037,1.0,0.0,1.0,0.0,,t5,GP,PDV
test,legacy,0.0,0,49,6.126622122750407,0.3732549326398617,1.0,0.0,1.0,0.0,,t5,GP,PDV
test,legacy,0.0,0,50,6.218017922553068,0.41895961826923256,1.0,0.0,1.0,0.0,,t5,GP,PDV
test,legacy,0.0,0,51,5.360136686876952,0.4951340943181839,1.0,0.0,1.0,0.0,,t5,GP,PDV
test,legacy,0.0,0,52,4.793380056132849,0.5408387799475547,1.0,0.0,1.0,0.0,,t5,GP,PDV
test,legacy,0.0,0,53,5.570551465777538,0.6170132559965061,1.0,0.0,1.0,0.0,,t5,GP,PDV
test,legacy,0.0,0,54,5.0470023796731,0.6627179416258769,1.0,0.0,1.0,0.0,,t5,GP,PDV
test,legacy,0.0,0,55,4.7366065945867994,0.7388924176748283,1.0,0.0,1.0,0.0,,t5,GP,PDV
test,legacy,0.0,0,56,5.027333560903023,0.7845971033041991,1.0,0.0,1.0,0.0,,t5,GP,PDV
test,legacy,0.0,0,57,4.84770902118717,0.8607715793531505,1.0,0.0,1.0,0.0,,t5,GP,PDV
test,legacy,0.0,0,58,5.116423478667517,0.9064762649825213,1.0,0.0,1.0,0.0,,t5,GP,PDV
test,legacy,0.0,0,59,4.369484336632498,0.9826507410314727,1.0,0.0,1.0,0.0,,t5,GP,PDV
test,legacy,0.0,0,60,2.7201664168611828,1.0283554266608435,1.0,0.0,1.0,0.0,,t5,GP,PDV
test,legacy,0.0,0,61,6.545844270510072,1.1045299027097948,1.0,0.0,1.0,0.0,,t5,GP,PDV
test,legacy,0.0,0,62,3.3182903963271477,1.1502345883391658,1.0,0.0,1.0,0.0,,t5,GP,PDV
test,legacy,0.0,0,63,5.072415017442203,1.2264090643881171,1.0,0.0,1.0,0.0,,t5,GP,PDV
test,legacy,0.0,0,64,3.804780909542763,1.272113750017488,1.0,0.0,1.0,0.0,,t5,GP,PDV
test,legacy,0.0,0,65,2.881471198810008,1.3482882260664393,1.0,0.0,1.0,0.0,,t5,GP,PDV
test,legacy,0.0,0,66,5.075091639616017,1.39399291169581,1.0,0.0,1.0,0.0,,t5,GP,PDV
test,legacy,0.0,0,67,4.984406634250859,1.4701673877447614,1.0,0.0,1.0,0.0,,t5,GP,PDV
test,legacy,0.0,0,68,4.131338376085203,1.5158720733741322,1.0,0.0,1.0,0.0,,t5,GP,PDV
test,legacy,0.0,0,69,2.233780071678551,1.5920465494230835,1.0,0.0,1.0,0.0,,t5,GP,PDV
test,legacy,0.0,0,70,2.45318063356077,1.6377512350524546,1.0,0.0,1.0,0.0,,t5,GP,PDV
test,legacy,0.0,0,71,5.566133310952138,1.713925711101406,1.0,0.0,1.0,0.0,,t5,GP,PDV
test,legacy,0.0,0,72,6.062864967999765,1.7596303967307767,1.0,0.0,1.0,0.0,,t5,GP,PDV
test,legacy,0.0,0,73,4.495680413831167,1.835804872779728,1.0,0.0,1.0,0.0,,t5,GP,PDV
test,legacy,0.0,0,74,5.010110719959839,1.8815095584090988,1.0,0.0,1.0,0.0,,t5,GP,PDV
train_oof,legacy,0.0,0,19,4.291076217364236,-1.3482882260664393,1.0,0.0,1.0,0.0,3.0,t5,GP,PDV
train_oof,legacy,0.0,0,42,5.026693686248673,,,0.0,1.0,0.0,3.0,t5,GP,PDV
train_oof,legacy,0.0,0,153,6.752446127505481,,,0.0,1.0,0.0,3.0,t5,GP,PDV
train_oof,legacy,0.0,0,78,5.571605240308703,,,0.0,1.0,0.0,3.0,t5,GP,PDV
train_oof,legacy,0.0,0,145,5.526205691306982,1.2111741691783269,1.0,0.0,1.0,0.0,3.0,t5,GP,PDV
train_oof,legacy,0.0,0,15,5.785646844443733,,,0.0,1.0,0.0,3.0,t5,GP,PDV
train_oof,legacy,0.0,0,24,4.985309376072268,,,0.0,1.0,0.0,3.0,t5,GP,PDV
train_oof,legacy,0.0,0,68,2.8476215098395454,-0.34278514222028117,1.0,0.0,1.0,0.0,3.0,t5,GP,PDV
train_oof,legacy,0.0,0,113,4.619761456132789,0.5713085703671352,1.0,0.0,1.0,0.0,3.0,t5,GP,PDV
train_oof,legacy,0.0,0,118,4.766142196630051,0.6779528368356672,1.0,0.0,1.0,0.0,3.0,t5,GP,PDV
train_oof,legacy,0.0,0,93,5.139871927682442,,,0.0,1.0,0.0,3.0,t5,GP,PDV
train_oof,legacy,0.0,0,159,5.5994032981891175,,,0.0,1.0,0.0,3.0,t5,GP,PDV
train_oof,legacy,0.0,0,69,4.767372419654923,,,0.0,1.0,0.0,3.0,t5,GP,PDV
train_oof,legacy,0.0,0,142,4.799660315922095,1.165469483548956,1.0,0.0,1.0,0.0,3.0,t5,GP,PDV
train_oof,legacy,0.0,0,45,4.531536222366124,,,0.0,1.0,0.0,3.0,t5,GP,PDV
train_oof,legacy,0.0,0,16,5.4986031371576125,-1.39399291169581,1.0,0.0,1.0,0.0,3.0,t5,GP,PDV
train_oof,legacy,0.0,0,51,6.1570405812696904,,,0.0,1.0,0.0,3.0,t5,GP,PDV
train_oof,legacy,0.0,0,125,4.111645230312366,0.8150668937237797,1.0,0.0,1.0,0.0,3.0,t5,GP,PDV
train_oof,legacy,0.0,0,96,4.690020400114867,,,0.0,1.0,0.0,3.0,t5,GP,PDV
train_oof,legacy,0.0,0,56,2.8010888399257086,-0.5865434655769256,1.0,0.0,1.0,0.0,3.0,t5,GP,PDV
train_oof,legacy,0.0,0,97,6.365574872112876,0.23614087575174925,1.0,0.0,1.0,0.0,3.0,t5,GP,PDV
train_oof,legacy,0.0,0,120,5.213948289927153,,,0.0,1.0,0.0,3.0,t5,GP,PDV
train_oof,legacy,0.0,0,143,4.724235280771074,1.1807043787587463,1.0,0.0,1.0,0.0,3.0,t5,GP,PDV
train_oof,legacy,0.0,0,30,3.9626120100971054,,,0.0,1.0,0.0,3.0,t5,GP,PDV
train_oof,legacy,0.0,0,9,5.130378045793676,,,0.0,1.0,0.0,3.0,t5,GP,PDV
train_oof,legacy,0.0,0,172,5.590573351009782,1.774865291940567,1.0,0.0,1.0,0.0,3.0,t5,GP,PDV
train_oof,legacy,0.0,0,60,4.1467361646517515,,,0.0,1.0,0.0,3.0,t5,GP,PDV
train_oof,legacy,0.0,0,18,4.764767225230441,,,0.0,1.0,0.0,3.0,t5,GP,PDV
train_oof,legacy,0.0,0,148,4.977072330055926,1.2873486452272782,1.0,0.0,1.0,0.0,3.0,t5,GP,PDV
train_oof,legacy,0.0,0,173,4.963389380070311,1.7901001871503572,1.0,0.0,1.0,0.0,3.0,t5,GP,PDV
train_oof,legacy,0.0,0,109,5.946205488940397,0.4798991991083936,1.0,0.0,1.0,0.0,3.0,t5,GP,PDV
train_oof,legacy,0.0,0,55,5.251666468371921,-0.6170132559965061,1.0,0.0,1.0,0.0,3.0,t5,GP,PDV
train_oof,legacy,0.0,0,140,4.294084632725232,1.119764797919585,1.0,0.0,1.0,0.0,3.0,t5,GP,PDV
train_oof,legacy,0.0,0,126,4.940393284688446,,,0.0,1.0,0.0,3.0,t5,GP,PDV
train_oof,legacy,0.0,0,66,4.662670504623898,,,0.0,1.0,0.0,3.0,t5,GP,PDV
train_oof,legacy,0.0,0,29,4.433688017439774,-1.1349996931293753,1.0,0.0,1.0,0.0,3.0,t5,GP,PDV
train_oof,legacy,0.0,0,117,4.289130088652298,,,0.0,1.0,0.0,3.0,t5,GP,PDV
train_oof,legacy,0.0,0,65,4.011847899180568,-0.4037247230594423,1.0,0.0,1.0,0.0,3.0,t5,GP,PDV
train_oof,legacy,0.0,0,67,3.1566772445450306,-0.3732549326398617,1.0,0.0,1.0,0.0,3.0,t5,GP,PDV
train_oof,legacy,0.0,0,31,5.44924441968509,-1.1045299027097948,1.0,0.0,1.0,0.0,3.0,t5,GP,PDV
test,legacy,0.0,1,0,7.028630844560427,-2.6597001723265383,1.0,0.0,1.0,0.0,,t5,GP,PDV
test,legacy,0.0,1,1,4.0532923656491135,-2.5986103033095636,1.0,0.0,1.0,0.0,,t5,GP,PDV
test,legacy,0.0,1,2,6.221189606796192,-2.5375204342925888,1.0,0.0,1.0,0.0,,t5,GP,PDV
test,legacy,0.0,1,3,5.606359249036102,-2.476430565275614,1.0,0.0,1.0,0.0,,t5,GP,PDV
test,legacy,0.0,1,4,5.6654963742702655,-2.4153406962586392,1.0,0.0,1.0,0.0,,t5,GP,PDV
test,legacy,0.0,1,5,6.9808396294237705,-2.3542508272416645,1.0,0.0,1.0,0.0,,t5,GP,PDV
test,legacy,0.0,1,6,4.945536764167224,-2.2931609582246897,1.0,0.0,1.0,0.0,,t5,GP,PDV
test,legacy,0.0,1,7,6.259275859211906,-2.232071089207715,1.0,0.0,1.0,0.0,,t5,GP,PDV
test,legacy,0.0,1,8,3.0187092927129937,-2.17098122019074,1.0,0.0,1.0,0.0,,t5,GP,PDV
test,legacy,0.0,1,9,3.554936185280321,-2.1098913511737654,1.0,0.0,1.0,0.0,,t5,GP,PDV
test,legacy,0.0,1,10,6.008879890572243,-2.0488014821567906,1.0,0.0,1.0,0.0,,t5,GP,PDV
test,legacy,0.0,1,11,2.949992956199533,-1.987711613139816,1.0,0.0,1.0,0.0,,t5,GP,PDV
test,legacy,0.0,1,12,5.323293956609464,-1.9266217441228413,1.0,0.0,1.0,0.0,,t5,GP,PDV
test,legacy,0.0,1,13,5.121720782253939,-1.8655318751058665,1.0,0.0,1.0,0.0,,t5,GP,PDV
test,legacy,0.0,1,14,3.278043840757335,-1.8044420060888917,1.0,0.0,1.0,0.0,,t5,GP,PDV
test,legacy,0.0,1,15,4.557417837862585,-1.743352137071917,1.0,0.0,1.0,0.0,,t5,GP,PDV
test,legacy,0.0,1,16,4.5398922524821845,-1.6822622680549424,1.0,0.0,1.0,0.0,,t5,GP,PDV
test,legacy,0.0,1,17,4.639767515839805,-1.6211723990379676,1.0,0.0,1.0,0.0,,t5,GP,PDV
test,legacy,0.0,1,18,5.130378045793676,-1.5600825300209928,1.0,0.0,1.0,0.0,,t5,GP,PDV
test,legacy,0.0,1,19,5.398369058586198,-1.498992661004018,1.0,0.0,1.0,0.0,,t5,GP,PDV
test,legacy,0.0,1,20,5.785646844443733,-1.4379027919870433,1.0,0.0,1.0,0.0,,t5,GP,PDV
test,legacy,0.0,1,21,4.764767225230441,-1.3768129229700685,1.0,0.0,1.0,0.0,,t5,GP,PDV
test,legacy,0.0,1,22,6.835495560071787,-1.3157230539530937,1.0,0.0,1.0,0.0,,t5,GP,PDV
test,legacy,0.0,1,23,4.985309376072268,-1.254633184936119,1.0,0.0,1.0,0.0,,t5,GP,PDV
test,legacy,0.0,1,24,7.711936383951514,-1.1935433159191442,1.0,0.0,1.0,0.0,,t5,GP,PDV
test,legacy,0.0,1,25,3.9626120100971054,-1.1324534469021694,1.0,0.0,1.0,0.0,,t5,GP,PDV
test,legacy,0.0,1,26,5.583602236690043,-1.0713635778851949,1.0,0.0,1.0,0.0,,t5,GP,PDV
test,legacy,0.0,1,27,7.0612760595922826,-1.01027370886822,1.0,0.0,1.0,0.0,,t5,GP,PDV
test,legacy,0.0,1,28,6.267137958997447,-0.9491838398512453,1.0,0.0,1.0,0.0,,t5,GP,PDV
test,legacy,0.0,1,29,5.026693686248673,-0.8880939708342706,1.0,0.0,1.0,0.0,,t5,GP,PDV
test,legacy,0.0,1,30,4.531536222366124,-0.8270041018172958,1.0,0.0,1.0,0.0,,t5,GP,PDV
test,legacy,0.0,1,31,4.909023360432899,-0.765914232800321,1.0,0.0,1.0,0.0,,t5,GP,PDV
test,legacy,0.0,1,32,6.1570405812696904,-0.7048243637833462,1.0,0.0,1.0,0.0,,t5,GP,PDV
test,legacy,0.0,1,33,4.374833197634826,-0.6437344947663716,1.0,0.0,1.0,0.0,,t5,GP,PDV
test,legacy,0.0,1,34,5.105785909518075,-0.5826446257493968,1.0,0.0,1.0,0.0,,t5,GP,PDV
test,legacy,0.0,1,35,4.1467361646517515,-0.521554756732422,1.0,0.0,1.0,0.0,,t5,GP,PDV
test,legacy,0.0,1,36,3.5077789833727815,-0.46046488771544725,1.0,0.0,1.0,0.0,,t5,GP,PDV
test,legacy,0.0,1,37,4.662670504623898,-0.39937501869847253,1.0,0.0,1.0,0.0,,t5,GP,PDV
test,legacy,0.0,1,38,4.767372419654923,-0.33828514968149775,1.0,0.0,1.0,0.0,,t5,GP,PDV
test,legacy,0.0,1,39,3.1324548237815693,-0.27719528066452304,1.0,0.0,1.0,0.0,,t5,GP,PDV
test,legacy,0.0,1,40,3.884811421872514,-0.21610541164754826,1.0,0.0,1.0,0.0,,t5,GP,PDV
test,legacy,0.0,1,41,5.571605240308703,-0.15501554263057352,1.0,0.0,1.0,0.0,,t5,GP,PDV
test,legacy,0.0,1,42,3.7149289904061553,-0.09392567361359877,1.0,0.0,1.0,0.0,,t5,GP,PDV
test,legacy,0.0,1,43,4.890822480760678,-0.03283580459662402,1.0,0.0,1.0,0.0,,t5,GP,PDV
test,legacy,0.0,1,44,6.153291756336207,0.028254064420350736,1.0,0.0,1.0,0.0,,t5,GP,PDV
test,legacy,0.0,1,45,4.425898544234521,0.08934393343732548,1.0,0.0,1.0,0.0,,t5,GP,PDV
test,legacy,0.0,1,46,5.139871927682442,0.15043380245430024,1.0,0.0,1.0,0.0,,t5,GP,PDV
test,legacy,0.0,1,47,4.690020400114867,0.211523671471275,1.0,0.0,1.0,0.0,,t5,GP,PDV
test,legacy,0.0,1,48,6.298888111667858,0.27261354048824976,1.0,0.0,1.0,0.0,,t5,GP,PDV
test,legacy,0.0,1,49,2.7071013468533653,0.3337034095052245,1.0,0.0,1.0,0.0,,t5,GP,PDV
test,legacy,0.0,1,50,2.9799237876342937,0.39479327852219925,1.0,0.0,1.0,0.0,,t5,GP,PDV
test,legacy,0.0,1,51,4.56599802480204,0.45588314753917397,1.0,0.0,1.0,0.0,,t5,GP,PDV
test,legacy,0.0,1,52,4.467627403343548,0.5169730165561487,1.0,0.0,1.0,0.0,,t5,GP,PDV
test,legacy,0.0,1,53,5.711753782171875,0.5780628855731235,1.0,0.0,1.0,0.0,,t5,GP,PDV
test,legacy,0.0,1,54,4.289130088652298,0.6391527545900982,1.0,0.0,1.0,0.0,,t5,GP,PDV
test,legacy,0.0,1,55,5.213948289927153,0.700242623607073,1.0,0.0,1.0,0.0,,t5,GP,PDV
test,legacy,0.0,1,56,3.7518427234577656,0.7613324926240478,1.0,0.0,1.0,0.0,,t5,GP,PDV
test,legacy,0.0,1,57,4.940393284688446,0.8224223616410224,1.0,0.0,1.0,0.0,,t5,GP,PDV
test,legacy,0.0,1,58,6.167711780936244,0.8835122306579972,1.0,0.0,1.0,0.0,,t5,GP,PDV
test,legacy,0.0,1,59,6.37437910216356,0.944602099674972,1.0,0.0,1.0,0.0,,t5,GP,PDV
test,legacy,0.0,1,60,4.840654957713441,1.0056919686919468,1.0,0.0,1.0,0.0,,t5,GP,PDV
test,legacy,0.0,1,61,5.88365355997816,1.0667818377089215,1.0,0.0,1.0,0.0,,t5,GP,PDV
test,legacy,0.0,1,62,4.870799511832007,1.1278717067258963,1.0,0.0,1.0,0.0,,t5,GP,PDV
test,legacy,0.0,1,63,4.777567353017936,1.188961575742871,1.0,0.0,1.0,0.0,,t5,GP,PDV
test,legacy,0.0,1,64,4.438210177218337,1.2500514447598456,1.0,0.0,1.0,0.0,,t5,GP,PDV
test,legacy,0.0,1,65,6.493570127561391,1.3111413137768204,1.0,0.0,1.0,0.0,,t5,GP,PDV
test,legacy,0.0,1,66,6.752446127505481,1.3722311827937952,1.0,0.0,1.0,0.0,,t5,GP,PDV
test,legacy,0.0,1,67,4.396109618934686,1.43332105181077,1.0,0.0,1.0,0.0,,t5,GP,PDV
test,legacy,0.0,1,68,5.5994032981891175,1.4944109208277447,1.0,0.0,1.0,0.0,,t5,GP,PDV
test,legacy,0.0,1,69,4.317852974246282,1.5555007898447195,1.0,0.0,1.0,0.0,,t5,GP,PDV
test,legacy,0.0,1,70,4.294694739260248,1.6165906588616943,1.0,0.0,1.0,0.0,,t5,GP,PDV
test,legacy,0.0,1,71,5.912791964517328,1.677680527878669,1.0,0.0,1.0,0.0,,t5,GP,PDV
test,legacy,0.0,1,72,3.390361247513024,1.7387703968956438,1.0,0.0,1.0,0.0,,t5,GP,PDV
test,legacy,0.0,1,73,6.538511150021266,1.7998602659126186,1.0,0.0,1.0,0.0,,t5,GP,PDV
test,legacy,0.0,1,74,7.205353270637749,1.8609501349295932,1.0,0.0,1.0,0.0,,t5,GP,PDV
test,legacy,0.0,2,0,5.039384196414301,-2.763745375826213,1.0,0.0,1.0,0.0,,t5,GP,PDV
test,legacy,0.0,2,1,4.2494852312398885,-2.644586318932601,1.0,0.0,1.0,0.0,,t5,GP,PDV
test,legacy,0.0,2,2,5.329351908511956,-2.525427262038989,1.0,0.0,1.0,0.0,,t5,GP,PDV
test,legacy,0.0,2,3,4.513726573486776,-2.406268205145377,1.0,0.0,1.0,0.0,,t5,GP,PDV
test,legacy,0.0,2,4,2.5227022362545894,-2.287109148251765,1.0,0.0,1.0,0.0,,t5,GP,PDV
test,legacy,0.0,2,5,5.681674264793578,-2.167950091358153,1.0,0.0,1.0,0.0,,t5,GP,PDV
test,legacy,0.0,2,6,7.2944226347983285,-2.048791034464541,1.0,0.0,1.0,0.0,,t5,GP,PDV
test,legacy,0.0,2,7,4.886269459472127,-1.929631977570929,1.0,0.0,1.0,0.0,,t5,GP,PDV
test,legacy,0.0,2,8,3.5676896932901805,-1.8104729206773171,1.0,0.0,1.0,0.0,,t5,GP,PDV
test,legacy,0.0,2,9,6.803982224500293,-1.691313863783705,1.0,0.0,1.0,0.0,,t5,GP,PDV
test,legacy,0.0,2,10,5.4986031371576125,-1.5721548068900932,1.0,0.0,1.0,0.0,,t5,GP,PDV
test,legacy,0.0,2,11,5.6584941437339955,-1.4529957499964812,1.0,0.0,1.0,0.0,,t5,GP,PDV
test,legacy,0.0,2,12,4.589459571887764,-1.3338366931028691,1.0,0.0,1.0,0.0,,t5,GP,PDV
test,legacy,0.0,2,13,6.712065387978603,-1.2146776362092573,1.0,0.0,1.0,0.0,,t5,GP,PDV
test,legacy,0.0,2,14,3.5197712675269246,-1.0955185793156452,1.0,0.0,1.0,0.0,,t5,GP,PDV
test,legacy,0.0,2,15,5.764535399374928,-0.9763595224220333,1.0,0.0,1.0,0.0,,t5,GP,PDV
test,legacy,0.0,2,16,4.259693661091433,-0.8572004655284213,1.0,0.0,1.0,0.0,,t5,GP,PDV
test,legacy,0.0,2,17,2.65762628174585,-0.7380414086348094,1.0,0.0,1.0,0.0,,t5,GP,PDV
test,legacy,0.0,2,18,4.6719406325050645,-0.6188823517411973,1.0,0.0,1.0,0.0,,t5,GP,PDV
test,legacy,0.0,2,19,6.3103265626937874,-0.4997232948475854,1.0,0.0,1.0,0.0,,t5,GP,PDV
test,legacy,0.0,2,20,7.232066806672574,-0.3805642379539734,1.0,0.0,1.0,0.0,,t5,GP,PDV
test,legacy,0.0,2,21,4.019503703805383,-0.2614051810603614,1.0,0.0,1.0,0.0,,t5,GP,PDV
test,legacy,0.0,2,22,3.410430397302523,-0.14224612416674948,1.0,0.0,1.0,0.0,,t5,GP,PDV
test,legacy,0.0,2,23,3.356168337224967,-0.023087067273137488,1.0,0.0,1.0,0.0,,t5,GP,PDV
test,legacy,0.0,2,24,2.536837390069587,0.09607198962047449,1.0,0.0,1.0,0.0,,t5,GP,PDV
test,legacy,0.0,2,25,3.2701475400338422,0.21523104651408645,1.0,0.0,1.0,0.0,,t5,GP,PDV
test,legacy,0.0,2,26,3.635435854201761,0.3343901034076984,1.0,0.0,1.0,0.0,,t5,GP,PDV
test,legacy,0.0,2,27,4.766142196630051,0.45354916030131043,1.0,0.0,1.0,0.0,,t5,GP,PDV
test,legacy,0.0,2,28,5.819394726406639,0.5727082171949224,1.0,0.0,1.0,0.0,,t5,GP,PDV
test,legacy,0.0,2,29,5.475877406891459,0.6918672740885343,1.0,0.0,1.0,0.0,,t5,GP,PDV
test,legacy,0.0,2,30,6.530434081599065,0.8110263309821464,1.0,0.0,1.0,0.0,,t5,GP,PDV
test,legacy,0.0,2,31,4.799660315922095,0.9301853878757583,1.0,0.0,1.0,0.0,,t5,GP,PDV
test,legacy,0.0,2,32,4.977072330055926,1.0493444447693703,1.0,0.0,1.0,0.0,,t5,GP,PDV
test,legacy,0.0,2,33,4.380748999829568,1.1685035016629823,1.0,0.0,1.0,0.0,,t5,GP,PDV
test,legacy,0.0,2,34,5.72555754066016,1.2876625585565942,1.0,0.0,1.0,0.0,,t5,GP,PDV
test,legacy,0.0,2,35,2.8774739599043717,1.4068216154502062,1.0,0.0,1.0,0.0,,t5,GP,PDV
test,legacy,0.0,2,36,5.590573351009782,1.525980672343818,1.0,0.0,1.0,0.0,,t5,GP,PDV
test,legacy,0.0,2,37,7.015423289121595,1.6451397292374301,1.0,0.0,1.0,0.0,,t5,GP,PDV
test,legacy,0.0,3,0,5.48901953959581,-2.7456954393237276,1.0,0.0,1.0,0.0,,t5,GP,PDV
test,legacy,0.0,3,1,4.7941420865651345,-2.6265924786915478,1.0,0.0,1.0,0.0,,t5,GP,PDV
test,legacy,0.0,3,2,3.1681705617561917,-2.5074895180593675,1.0,0.0,1.0,0.0,,t5,GP,PDV
test,legacy,0.0,3,3,2.254021877633933,-2.388386557427187,1.0,0.0,1.0,0.0,,t5,GP,PDV
test,legacy,0.0,3,4,4.20540879239983,-2.2692835967950074,1.0,0.0,1.0,0.0,,t5,GP,PDV
test,legacy,0.0,3,5,4.0965953642942425,-2.150180636162827,1.0,0.0,1.0,0.0,,t5,GP,PDV
test,legacy,0.0,3,6,5.284762215964632,-2.0310776755306468,1.0,0.0,1.0,0.0,,t5,GP,PDV
test,legacy,0.0,3,7,6.4317031068128125,-1.9119747148984667,1.0,0.0,1.0,0.0,,t5,GP,PDV
test,legacy,0.0,3,8,3.7399798267095523,-1.7928717542662866,1.0,0.0,1.0,0.0,,t5,GP,PDV
test,legacy,0.0,3,9,4.744720439578927,-1.6737687936341066,1.0,0.0,1.0,0.0,,t5,GP,PDV
test,legacy,0.0,3,10,3.8917464119441387,-1.5546658330019265,1.0,0.0,1.0,0.0,,t5,GP,PDV
test,legacy,0.0,3,11,5.811954787467063,-1.4355628723697462,1.0,0.0,1.0,0.0,,t5,GP,PDV
test,legacy,0.0,3,12,4.433688017439774,-1.3164599117375662,1.0,0.0,1.0,0.0,,t5,GP,PDV
test,legacy,0.0,3,13,5.188212780445021,-1.197356951105386,1.0,0.0,1.0,0.0,,t5,GP,PDV
test,legacy,0.0,3,14,5.21948084193772,-1.0782539904732058,1.0,0.0,1.0,0.0,,t5,GP,PDV
test,legacy,0.0,3,15,5.156747572714703,-0.9591510298410257,1.0,0.0,1.0,0.0,,t5,GP,PDV
test,legacy,0.0,3,16,4.565261325896332,-0.8400480692088457,1.0,0.0,1.0,0.0,,t5,GP,PDV
test,legacy,0.0,3,17,5.447996940580026,-0.7209451085766655,1.0,0.0,1.0,0.0,,t5,GP,PDV
test,legacy,0.0,3,18,4.011847899180568,-0.6018421479444854,1.0,0.0,1.0,0.0,,t5,GP,PDV
test,legacy,0.0,3,19,7.05725629624291,-0.48273918731230525,1.0,0.0,1.0,0.0,,t5,GP,PDV
test,legacy,0.0,3,20,3.203271629172086,-0.36363622668012513,1.0,0.0,1.0,0.0,,t5,GP,PDV
test,legacy,0.0,3,21,5.2307692385827025,-0.244533266047945,1.0,0.0,1.0,0.0,,t5,GP,PDV
test,legacy,0.0,3,22,5.798244421949254,-0.12543030541576486,1.0,0.0,1.0,0.0,,t5,GP,PDV
test,legacy,0.0,3,23,5.877385262512869,-0.006327344783584738,1.0,0.0,1.0,0.0,,t5,GP,PDV
test,legacy,0.0,3,24,7.476554661275418,0.11277561584859538,1.0,0.0,1.0,0.0,,t5,GP,PDV
test,legacy,0.0,3,25,3.38764572213144,0.2318785764807755,1.0,0.0,1.0,0.0,,t5,GP,PDV
test,legacy,0.0,3,26,4.619761456132789,0.35098153711295565,1.0,0.0,1.0,0.0,,t5,GP,PDV
test,legacy,0.0,3,27,5.7108622911217495,0.4700844977451358,1.0,0.0,1.0,0.0,,t5,GP,PDV
test,legacy,0.0,3,28,4.111645230312366,0.5891874583773159,1.0,0.0,1.0,0.0,,t5,GP,PDV
test,legacy,0.0,3,29,6.405672140252622,0.7082904190094961,1.0,0.0,1.0,0.0,,t5,GP,PDV
test,legacy,0.0,3,30,5.023233592999108,0.8273933796416761,1.0,0.0,1.0,0.0,,t5,GP,PDV
test,legacy,0.0,3,31,4.724235280771074,0.9464963402738563,1.0,0.0,1.0,0.0,,t5,GP,PDV
test,legacy,0.0,3,32,5.75404164356454,1.0655993009060365,1.0,0.0,1.0,0.0,,t5,GP,PDV
test,legacy,0.0,3,33,5.370993023231551,1.1847022615382166,1.0,0.0,1.0,0.0,,t5,GP,PDV
test,legacy,0.0,3,34,6.1232140402773325,1.3038052221703966,1.0,0.0,1.0,0.0,,t5,GP,PDV
test,legacy,0.0,3,35,4.7324598122653985,1.4229081828025767,1.0,0.0,1.0,0.0,,t5,GP,PDV
test,legacy,0.0,3,36,4.963389380070311,1.542011143434757,1.0,0.0,1.0,0.0,,t5,GP,PDV
test,legacy,0.0,3,37,4.27698726206803,1.661114104066937,1.0,0.0,1.0,0.0,,t5,GP,PDV
test,legacy,0.0,4,0,5.002478687487137,-2.5563115144285202,1.0,0.0,1.0,0.0,,t5,GP,PDV
test,legacy,0.0,4,1,2.8943308323854953,-2.5258293380752215,1.0,0.0,1.0,0.0,,t5,GP,PDV
test,legacy,0.0,4,2,4.686372301770024,-2.434382809015325,1.0,0.0,1.0,0.0,,t5,GP,PDV
test,legacy,0.0,4,3,3.2561103050110516,-2.403900632662026,1.0,0.0,1.0,0.0,,t5,GP,PDV
test,legacy,0.0,4,4,5.18520264254763,-2.3124541036021298,1.0,0.0,1.0,0.0,,t5,GP,PDV
test,legacy,0.0,4,5,7.434886664913334,-2.281971927248831,1.0,0.0,1.0,0.0,,t5,GP,PDV
test,legacy,0.0,4,6,4.500230817775978,-2.1905253981889348,1.0,0.0,1.0,0.0,,t5,GP,PDV
test,legacy,0.0,4,7,6.286964157890594,-2.160043221835636,1.0,0.0,1.0,0.0,,t5,GP,PDV
test,legacy,0.0,4,8,6.754370752656229,-2.0685966927757393,1.0,0.0,1.0,0.0,,t5,GP,PDV
test,legacy,0.0,4,9,4.604703497704322,-2.0381145164224406,1.0,0.0,1.0,0.0,,t5,GP,PDV
test,legacy,0.0,4,10,2.8362816098243107,-1.9466679873625443,1.0,0.0,1.0,0.0,,t5,GP,PDV
test,legacy,0.0,4,11,7.69711406336924,-1.9161858110092456,1.0,0.0,1.0,0.0,,t5,GP,PDV
test,legacy,0.0,4,12,5.3030932826663815,-1.824739281949349,1.0,0.0,1.0,0.0,,t5,GP,PDV
test,legacy,0.0,4,13,4.6286283912933435,-1.7942571055960503,1.0,0.0,1.0,0.0,,t5,GP,PDV
test,legacy,0.0,4,14,2.7123561457634384,-1.7028105765361539,1.0,0.0,1.0,0.0,,t5,GP,PDV
test,legacy,0.0,4,15,7.039444756096017,-1.6723284001828551,1.0,0.0,1.0,0.0,,t5,GP,PDV
test,legacy,0.0,4,16,3.584021487850154,-1.5808818711229586,1.0,0.0,1.0,0.0,,t5,GP,PDV
test,legacy,0.0,4,17,4.660837716709543,-1.5503996947696599,1.0,0.0,1.0,0.0,,t5,GP,PDV
test,legacy,0.0,4,18,5.882031901252832,-1.4589531657097636,1.0,0.0,1.0,0.0,,t5,GP,PDV
test,legacy,0.0,4,19,2.8663845764497897,-1.4284709893564647,1.0,0.0,1.0,0.0,,t5,GP,PDV
test,legacy,0.0,4,20,4.291076217364236,-1.3370244602965684,1.0,0.0,1.0,0.0,,t5,GP,PDV
test,legacy,0.0,4,21,6.556262231272007,-1.3065422839432697,1.0,0.0,1.0,0.0,,t5,GP,PDV
test,legacy,0.0,4,22,4.9092038462155205,-1.2150957548833732,1.0,0.0,1.0,0.0,,t5,GP,PDV
test,legacy,0.0,4,23,4.932959059939911,-1.1846135785300744,1.0,0.0,1.0,0.0,,t5,GP,PDV
test,legacy,0.0,4,24,5.44924441968509,-1.093167049470178,1.0,0.0,1.0,0.0,,t5,GP,PDV
test,legacy,0.0,4,25,3.2682540115988745,-1.0626848731168792,1.0,0.0,1.0,0.0,,t5,GP,PDV
test,legacy,0.0,4,26,4.4502478485367885,-0.9712383440569828,1.0,0.0,1.0,0.0,,t5,GP,PDV
test,legacy,0.0,4,27,5.35977002272388,-0.940756167703684,1.0,0.0,1.0,0.0,,t5,GP,PDV
test,legacy,0.0,4,28,4.48511768773281,-0.8493096386437876,1.0,0.0,1.0,0.0,,t5,GP,PDV
test,legacy,0.0,4,29,7.097092687218373,-0.8188274622904889,1.0,0.0,1.0,0.0,,t5,GP,PDV
test,legacy,0.0,4,30,5.9375621732605905,-0.7273809332305924,1.0,0.0,1.0,0.0,,t5,GP,PDV
test,legacy,0.0,4,31,5.434628001141311,-0.6968987568772936,1.0,0.0,1.0,0.0,,t5,GP,PDV
test,legacy,0.0,4,32,5.251666468371921,-0.6054522278173973,1.0,0.0,1.0,0.0,,t5,GP,PDV
test,legacy,0.0,4,33,2.8010888399257086,-0.5749700514640984,1.0,0.0,1.0,0.0,,t5,GP,PDV
test,legacy,0.0,4,34,5.595350506686891,-0.48352352240420204,1.0,0.0,1.0,0.0,,t5,GP,PDV
test,legacy,0.0,4,35,3.6536451341533045,-0.4530413460509033,1.0,0.0,1.0,0.0,,t5,GP,PDV
test,legacy,0.0,4,36,3.1566772445450306,-0.3615948169910069,1.0,0.0,1.0,0.0,,t5,GP,PDV
test,legacy,0.0,4,37,2.8476215098395454,-0.33111264063770807,1.0,0.0,1.0,0.0,,t5,GP,PDV
test,legacy,0.0,4,38,5.910470240665383,-0.2396661115778117,1.0,0.0,1.0,0.0,,t5,GP,PDV
test,legacy,0.0,4,39,6.17666838180556,-0.2091839352245129,1.0,0.0,1.0,0.0,,t5,GP,PDV
test,legacy,0.0,4,40,6.3347485827908985,-0.11773740616461652,1.0,0.0,1.0,0.0,,t5,GP,PDV
test,legacy,0.0,4,41,5.699564363943146,-0.08725522981131771,1.0,0.0,1.0,0.0,,t5,GP,PDV
test,legacy,0.0,4,42,6.1449382492664775,0.004191299248578671,1.0,0.0,1.0,0.0,,t5,GP,PDV
test,legacy,0.0,4,43,4.842469219889002,0.03467347560187747,1.0,0.0,1.0,0.0,,t5,GP,PDV
test,legacy,0.0,4,44,5.462463845473579,0.12612000466177387,1.0,0.0,1.0,0.0,,t5,GP,PDV
test,legacy,0.0,4,45,6.463182660762355,0.15660218101507264,1.0,0.0,1.0,0.0,,t5,GP,PDV
test,legacy,0.0,4,46,6.365574872112876,0.24804871007496904,1.0,0.0,1.0,0.0,,t5,GP,PDV
test,legacy,0.0,4,47,4.101121116865369,0.27853088642826784,1.0,0.0,1.0,0.0,,t5,GP,PDV
test,legacy,0.0,4,48,5.763695430775183,0.3699774154881642,1.0,0.0,1.0,0.0,,t5,GP,PDV
test,legacy,0.0,4,49,5.17647903572191,0.400459591841463,1.0,0.0,1.0,0.0,,t5,GP,PDV
test,legacy,0.0,4,50,5.946205488940397,0.49190612090135943,1.0,0.0,1.0,0.0,,t5,GP,PDV
test,legacy,0.0,4,51,5.972921942945022,0.5223882972546582,1.0,0.0,1.0,0.0,,t5,GP,PDV
test,legacy,0.0,4,52,4.640206335229856,0.6138348263145545,1.0,0.0,1.0,0.0,,t5,GP,PDV
test,legacy,0.0,4,53,4.312070898140577,0.6443170026678534,1.0,0.0,1.0,0.0,,t5,GP,PDV
test,legacy,0.0,4,54,7.088415554471389,0.7357635317277498,1.0,0.0,1.0,0.0,,t5,GP,PDV
test,legacy,0.0,4,55,4.727296820292439,0.7662457080810485,1.0,0.0,1.0,0.0,,t5,GP,PDV
test,legacy,0.0,4,56,5.862268112215804,0.857692237140945,1.0,0.0,1.0,0.0,,t5,GP,PDV
test,legacy,0.0,4,57,4.3770352386221285,0.8881744134942438,1.0,0.0,1.0,0.0,,t5,GP,PDV
test,legacy,0.0,4,58,4.583354981031173,0.9796209425541401,1.0,0.0,1.0,0.0,,t5,GP,PDV
test,legacy,0.0,4,59,5.341170719998558,1.010103118907439,1.0,0.0,1.0,0.0,,t5,GP,PDV
test,legacy,0.0,4,60,3.5925001228637963,1.1015496479673352,1.0,0.0,1.0,0.0,,t5,GP,PDV
test,legacy,0.0,4,61,4.294084632725232,1.1320318243206342,1.0,0.0,1.0,0.0,,t5,GP,PDV
test,legacy,0.0,4,62,5.526205691306982,1.2234783533805305,1.0,0.0,1.0,0.0,,t5,GP,PDV
test,legacy,0.0,4,63,6.170939150114098,1.2539605297338292,1.0,0.0,1.0,0.0,,t5,GP,PDV
test,legacy,0.0,4,64,5.976705722676726,1.3454070587937257,1.0,0.0,1.0,0.0,,t5,GP,PDV
test,legacy,0.0,4,65,5.452470029672259,1.3758892351470244,1.0,0.0,1.0,0.0,,t5,GP,PDV
test,legacy,0.0,4,66,5.766935799084864,1.467335764206921,1.0,0.0,1.0,0.0,,t5,GP,PDV
test,legacy,0.0,4,67,6.671600155995804,1.4978179405602197,1.0,0.0,1.0,0.0,,t5,GP,PDV
test,legacy,0.0,4,68,4.489046717005843,1.5892644696201161,1.0,0.0,1.0,0.0,,t5,GP,PDV
test,legacy,0.0,4,69,6.084087186758522,1.619746645973415,1.0,0.0,1.0,0.0,,t5,GP,PDV
test,legacy,0.0,4,70,4.893122457427971,1.7111931750333114,1.0,0.0,1.0,0.0,,t5,GP,PDV
test,legacy,0.0,4,71,3.678200447929915,1.7416753513866101,1.0,0.0,1.0,0.0,,t5,GP,PDV
test,legacy,0.0,4,72,3.8585714502947233,1.8331218804465064,1.0,0.0,1.0,0.0,,t5,GP,PDV
test,legacy,0.0,4,73,6.231645596975319,1.8636040567998053,1.0,0.0,1.0,0.0,,t5,GP,PDV
