split,record_index,canonical_smiles,y_clean_raw,epsilon_raw,noise_scale_raw,noise_pattern_raw,y_noisy_raw,y_written
train,0,COC1C(O)C1(C)OC,7.956609249e0,0.000000000e0,0.000000000e0,1.303326011e0,7.956609249e0,8.649736643e-1
train,1,CCC1CC=CC1OC,7.036864281e0,0.000000000e0,0.000000000e0,1.303326011e0,7.036864281e0,1.592830420e-1
train,2,CC(C)C12CC=CC1N2,6.342973709e0,0.000000000e0,0.000000000e0,1.303326011e0,6.342973709e0,-3.731168211e-1
train,3,C#CC1(COC)CC1,8.051848412e0,0.000000000e0,0.000000000e0,1.303326011e0,8.051848412e0,9.380476475e-1
train,4,C#CCC1C2CC(O)C12,8.364779472e0,0.000000000e0,0.000000000e0,1.303326011e0,8.364779472e0,1.178149581e0
train,5,CCC1CCOC1OC,9.208333015e0,0.000000000e0,0.000000000e0,1.303326011e0,9.208333015e0,1.825380921e0
train,6,CCC1(C2CO2)CN1,8.462740898e0,0.000000000e0,0.000000000e0,1.303326011e0,8.462740898e0,1.253312111e0
train,7,COC(C=O)C(F)(F)F,6.032763958e0,0.000000000e0,0.000000000e0,1.303326011e0,6.032763958e0,-6.111307144e-1
train,8,CC#CC1CC1(O)C#N,6.925297737e0,0.000000000e0,0.000000000e0,1.303326011e0,6.925297737e0,7.368163019e-2
train,9,C[NH+]1C2C(O)C(NO)C21,6.283109188e0,0.000000000e0,0.000000000e0,1.303326011e0,6.283109188e0,-4.190489352e-1
train,10,CCOc1cnoc1,6.119840622e0,0.000000000e0,0.000000000e0,1.303326011e0,6.119840622e0,-5.443196297e-1
train,11,C[NH2+]C(C)OC(C)(C)C,7.366122246e0,0.000000000e0,0.000000000e0,1.303326011e0,7.366122246e0,4.119120538e-1
train,12,CC(O)C1(C)CC1CO,8.732133865e0,0.000000000e0,0.000000000e0,1.303326011e0,8.732133865e0,1.460008740e0
train,13,OCC1C2C=CCC21,6.677673817e0,0.000000000e0,0.000000000e0,1.303326011e0,6.677673817e0,-1.163122132e-1
train,14,CC(=O)N1CC1C1CO1,6.892644405e0,0.000000000e0,0.000000000e0,1.303326011e0,6.892644405e0,4.862778634e-2
train,15,Nc1cc(OC=O)c[nH]1,5.752487183e0,0.000000000e0,0.000000000e0,1.303326011e0,5.752487183e0,-8.261780739e-1
train,16,CCC(C(C)=O)C(C)O,6.193311214e0,0.000000000e0,0.000000000e0,1.303326011e0,6.193311214e0,-4.879480004e-1
train,17,CC(C)CCCCO,9.317178726e0,0.000000000e0,0.000000000e0,1.303326011e0,9.317178726e0,1.908894777e0
train,18,C#CC1(C)CC1NC=O,6.985162735e0,0.000000000e0,0.000000000e0,1.303326011e0,6.985162735e0,1.196141168e-1
train,19,O=C1CC2C(CO)C12,6.209638119e0,0.000000000e0,0.000000000e0,1.303326011e0,6.209638119e0,-4.754208922e-1
train,20,CCCC1(C=O)CN1,6.079023361e0,0.000000000e0,0.000000000e0,1.303326011e0,6.079023361e0,-5.756374002e-1
train,21,COCC(C#N)NC=O,7.553880215e0,0.000000000e0,0.000000000e0,1.303326011e0,7.553880215e0,5.559726954e-1
train,22,CC(OC=O)C(O)CO,7.643678188e0,0.000000000e0,0.000000000e0,1.303326011e0,7.643678188e0,6.248717904e-1
train,23,C[NH2+]C1OC(CO)C1C,7.523947716e0,0.000000000e0,0.000000000e0,1.303326011e0,7.523947716e0,5.330064297e-1
train,24,CC12CC(C#N)=CC1N2,5.287172318e0,0.000000000e0,0.000000000e0,1.303326011e0,5.287172318e0,-1.183199167e0
train,25,COC(C(C)C)C1CO1,8.977036476e0,0.000000000e0,0.000000000e0,1.303326011e0,8.977036476e0,1.647914529e0
train,26,CCCC1C=CNC1=O,5.825957775e0,0.000000000e0,0.000000000e0,1.303326011e0,5.825957775e0,-7.698064446e-1
train,27,CC12C3C(O)C1(O)C[NH+]32,7.804225445e0,0.000000000e0,0.000000000e0,1.303326011e0,7.804225445e0,7.480545044e-1
train,28,N#CC1COC2C(O)C12,7.643678188e0,0.000000000e0,0.000000000e0,1.303326011e0,7.643678188e0,6.248717904e-1
train,29,Cc1occc(=O)c1F,5.472209930e0,0.000000000e0,0.000000000e0,1.303326011e0,5.472209930e0,-1.041225791e0
train,30,O=CC12COC1C2O,5.932082176e0,0.000000000e0,0.000000000e0,1.303326011e0,5.932082176e0,-6.883805990e-1
train,31,C#CC(O)C1C(C)C1C,7.959330082e0,0.000000000e0,0.000000000e0,1.303326011e0,7.959330082e0,8.670613170e-1
train,32,CC(O)C(CO)C(C)O,8.089944839e0,0.000000000e0,0.000000000e0,1.303326011e0,8.089944839e0,9.672777653e-1
train,33,C#CCC(C)C(C)CO,8.489952087e0,0.000000000e0,0.000000000e0,1.303326011e0,8.489952087e0,1.274190426e0
train,34,CC12OCC1C2C(N)=O,6.925297737e0,0.000000000e0,0.000000000e0,1.303326011e0,6.925297737e0,7.368163019e-2
train,35,CC(C#CC#N)[NH+]1CC1,5.888543606e0,0.000000000e0,0.000000000e0,1.303326011e0,5.888543606e0,-7.217863798e-1
train,36,CNC(C=O)(C=O)CO,5.327989578e0,0.000000000e0,0.000000000e0,1.303326011e0,5.327989578e0,-1.151881337e0
train,37,[NH-]C1=C(F)N=C(O)NO1,4.484436512e0,0.000000000e0,0.000000000e0,1.303326011e0,4.484436512e0,-1.799112439e0
train,38,CC1(O)C=CC2(CN2)C1,6.563386440e0,0.000000000e0,0.000000000e0,1.303326011e0,6.563386440e0,-2.040012330e-1
train,39,CCCCCC,1.076754570e1,0.000000000e0,0.000000000e0,1.303326011e0,1.076754570e1,3.021714449e0
train,40,C#CC1NC1CC(N)=O,6.922576904e0,0.000000000e0,0.000000000e0,1.303326011e0,6.922576904e0,7.159402221e-2
train,41,CCCC12CCC1C2C,8.805603981e0,0.000000000e0,0.000000000e0,1.303326011e0,8.805603981e0,1.516379952e0
train,42,CCC(C)(C#N)NC=O,7.404218197e0,0.000000000e0,0.000000000e0,1.303326011e0,7.404218197e0,4.411418438e-1
train,43,C#CCNC(C=O)CO,5.994668484e0,0.000000000e0,0.000000000e0,1.303326011e0,5.994668484e0,-6.403601766e-1
train,44,C[NH+]1C2C(O)C(C=O)C21,5.249076366e0,0.000000000e0,0.000000000e0,1.303326011e0,5.249076366e0,-1.212428927e0
train,45,N#CC#CC1(C#N)CN1,5.823236465e0,0.000000000e0,0.000000000e0,1.303326011e0,5.823236465e0,-7.718944550e-1
train,46,C[NH+]1CC1C(O)C(N)=O,6.702164173e0,0.000000000e0,0.000000000e0,1.303326011e0,6.702164173e0,-9.752155095e-2
train,47,CCC1C(O)C1C(C)C,8.250492096e0,0.000000000e0,0.000000000e0,1.303326011e0,8.250492096e0,1.090460539e0
train,48,CCC1C(C)C1CCO,9.094044685e0,0.000000000e0,0.000000000e0,1.303326011e0,9.094044685e0,1.737691164e0
train,49,CCCC1CC(=O)N1C,7.559322834e0,0.000000000e0,0.000000000e0,1.303326011e0,7.559322834e0,5.601486564e-1
train,50,N#CC1(CO)C[NH+]2CC21,7.387890816e0,0.000000000e0,0.000000000e0,1.303326011e0,7.387890816e0,4.286143780e-1
train,51,CC#CC(=O)NC(C)=O,5.472209930e0,0.000000000e0,0.000000000e0,1.303326011e0,5.472209930e0,-1.041225791e0
train,52,CC1(C)C2C3C[NH+]3C21C,7.662726402e0,0.000000000e0,0.000000000e0,1.303326011e0,7.662726402e0,6.394868493e-1
train,53,N#CC1(O)CC2(CO2)C1,7.638236046e0,0.000000000e0,0.000000000e0,1.303326011e0,7.638236046e0,6.206961870e-1
train,54,NC(=O)OC12CCC1C2,8.364779472e0,0.000000000e0,0.000000000e0,1.303326011e0,8.364779472e0,1.178149581e0
train,55,O=CC(=O)C1CCC1,4.190553188e0,0.000000000e0,0.000000000e0,1.303326011e0,4.190553188e0,-2.024599552e0
train,56,N#CCNC12CC(C1)C2,7.273603439e0,0.000000000e0,0.000000000e0,1.303326011e0,7.273603439e0,3.409253657e-1
train,57,CCC1OC12C1CC2C1,9.491331100e0,0.000000000e0,0.000000000e0,1.303326011e0,9.491331100e0,2.042516232e0
train,58,C#Cc1cc[nH]c1C#C,4.979683399e0,0.000000000e0,0.000000000e0,1.303326011e0,4.979683399e0,-1.419125438e0
train,59,OC1CC2CC1(O)C2O,8.419202805e0,0.000000000e0,0.000000000e0,1.303326011e0,8.419202805e0,1.219906807e0
train,60,COCCCC1(C)CC1,9.080439568e0,0.000000000e0,0.000000000e0,1.303326011e0,9.080439568e0,1.727252483e0
train,61,CC(C)C1OC12CCC2,8.985198975e0,0.000000000e0,0.000000000e0,1.303326011e0,8.985198975e0,1.654177427e0
train,62,CCC(N)C#N,8.108993530e0,0.000000000e0,0.000000000e0,1.303326011e0,8.108993530e0,9.818932414e-1
train,63,O=CNC12CC1C1CC12,6.639578342e0,0.000000000e0,0.000000000e0,1.303326011e0,6.639578342e0,-1.455416381e-1
train,64,NC1=C(C=O)CCC1O,4.949750900e0,0.000000000e0,0.000000000e0,1.303326011e0,4.949750900e0,-1.442091703e0
train,65,COC1CCOC1C,8.468183517e0,0.000000000e0,0.000000000e0,1.303326011e0,8.468183517e0,1.257488132e0
train,66,CC1CN(C(N)=O)C1,7.853205681e0,0.000000000e0,0.000000000e0,1.303326011e0,7.853205681e0,7.856354713e-1
train,67,C#CCN(C)C(N)=O,7.583813190e0,0.000000000e0,0.000000000e0,1.303326011e0,7.583813190e0,5.789393187e-1
train,68,C#CCC1OCC1O,8.070897102e0,0.000000000e0,0.000000000e0,1.303326011e0,8.070897102e0,9.526630640e-1
train,69,COc1cc(C=O)co1,4.533416748e0,0.000000000e0,0.000000000e0,1.303326011e0,4.533416748e0,-1.761531472e0
train,70,CC1COCC1NC=O,7.472246647e0,0.000000000e0,0.000000000e0,1.303326011e0,7.472246647e0,4.933378994e-1
train,71,CC1(O)CC2(O)CC1C2,8.696758270e0,0.000000000e0,0.000000000e0,1.303326011e0,8.696758270e0,1.432866096e0
train,72,C[NH+](C)C(C)(C#N)C=O,5.072202206e0,0.000000000e0,0.000000000e0,1.303326011e0,5.072202206e0,-1.348138809e0
train,73,CC1(C)OCC1NO,6.718491554e0,0.000000000e0,0.000000000e0,1.303326011e0,6.718491554e0,-8.499407768e-2
train,74,N#CC1CC(O)C1N,7.480409622e0,0.000000000e0,0.000000000e0,1.303326011e0,7.480409622e0,4.996010661e-1
train,75,[NH-]C1OC2C=CC1C2,6.451819897e0,0.000000000e0,0.000000000e0,1.303326011e0,6.451819897e0,-2.896026373e-1
train,76,C[N+](=CN)C(C#N)C#N,3.654489040e0,0.000000000e0,0.000000000e0,1.303326011e0,3.654489040e0,-2.435904264e0
train,77,OCC(O)C#CC1CO1,7.216459274e0,0.000000000e0,0.000000000e0,1.303326011e0,7.216459274e0,2.970804870e-1
train,78,CC1(C=O)CCO1,5.790582657e0,0.000000000e0,0.000000000e0,1.303326011e0,5.790582657e0,-7.969486117e-1
train,79,O=CC12CC1C1COC12,5.983783722e0,0.000000000e0,0.000000000e0,1.303326011e0,5.983783722e0,-6.487116814e-1
train,80,O=C(CO)N1CCC1,7.295372486e0,0.000000000e0,0.000000000e0,1.303326011e0,7.295372486e0,3.576280475e-1
train,81,C#CC#CC#CC=O,4.225928307e0,0.000000000e0,0.000000000e0,1.303326011e0,4.225928307e0,-1.997457385e0
train,82,CC(C)(C=O)CO[CH+][NH-],6.253176689e0,0.000000000e0,0.000000000e0,1.303326011e0,6.253176689e0,-4.420151711e-1
train,83,CC(C#N)OC(C)CO,7.760687351e0,0.000000000e0,0.000000000e0,1.303326011e0,7.760687351e0,7.146491408e-1
train,84,C[NH2+]C(C=O)OC(C)=O,4.742944717e0,0.000000000e0,0.000000000e0,1.303326011e0,4.742944717e0,-1.600767374e0
train,85,C[NH2+]C(OC=O)C(N)=O,5.243634224e0,0.000000000e0,0.000000000e0,1.303326011e0,5.243634224e0,-1.216604471e0
train,86,C#CC1C(O)C(O)C1O,7.480409622e0,0.000000000e0,0.000000000e0,1.303326011e0,7.480409622e0,4.996010661e-1
train,87,C[NH2+]C1CCC(OC)O1,7.502179146e0,0.000000000e0,0.000000000e0,1.303326011e0,7.502179146e0,5.163041353e-1
train,88,CC1C2C3C(O)C3C12O,7.406939030e0,0.000000000e0,0.000000000e0,1.303326011e0,7.406939030e0,4.432294667e-1
train,89,C#CCC1OCC1(C)C,8.098108292e0,0.000000000e0,0.000000000e0,1.303326011e0,8.098108292e0,9.735413194e-1
train,90,C#CCn1cncn1,7.382448673e0,0.000000000e0,0.000000000e0,1.303326011e0,7.382448673e0,4.244388044e-1
train,91,N#CC1CC(CO)C1O,7.864090443e0,0.000000000e0,0.000000000e0,1.303326011e0,7.864090443e0,7.939869761e-1
train,92,C#CCc1ccc(C)o1,6.204195976e0,0.000000000e0,0.000000000e0,1.303326011e0,6.204195976e0,-4.795964956e-1
train,93,OCc1cc(F)ccn1,6.547059536e0,0.000000000e0,0.000000000e0,1.303326011e0,6.547059536e0,-2.165283412e-1
train,94,CC1C=CC(O)C1C#N,7.066796780e0,0.000000000e0,0.000000000e0,1.303326011e0,7.066796780e0,1.822492778e-1
train,95,C#CC[NH2+][CH+]OC,7.344352722e0,0.000000000e0,0.000000000e0,1.303326011e0,7.344352722e0,3.952090144e-1
train,96,CCC1(O)C(C)C1C#N,7.978377819e0,0.000000000e0,0.000000000e0,1.303326011e0,7.978377819e0,8.816760182e-1
train,97,CC1=CC(C)(C)C2OC12,6.650462627e0,0.000000000e0,0.000000000e0,1.303326011e0,6.650462627e0,-1.371904761e-1
train,98,C#CC(=O)CC1C[NH+]1C,4.506205559e0,0.000000000e0,0.000000000e0,1.303326011e0,4.506205559e0,-1.782409787e0
train,99,CN=CN1CCOC1=O,6.568828583e0,0.000000000e0,0.000000000e0,1.303326011e0,6.568828583e0,-1.998256445e-1
train,100,CNC1=CC(NO)CC1,5.134788513e0,0.000000000e0,0.000000000e0,1.303326011e0,5.134788513e0,-1.300118327e0
train,101,C[NH+]1CC1CCC1CO1,8.362058640e0,0.000000000e0,0.000000000e0,1.303326011e0,8.362058640e0,1.176061869e0
train,102,CC1COC2(CO)CC12,8.658662796e0,0.000000000e0,0.000000000e0,1.303326011e0,8.658662796e0,1.403636694e0
train,103,CC(C)C(=O)CCC=O,6.174263477e0,0.000000000e0,0.000000000e0,1.303326011e0,6.174263477e0,-5.025627017e-1
train,104,CCNC(N)=O,8.231444359e0,0.000000000e0,0.000000000e0,1.303326011e0,8.231444359e0,1.075845838e0
train,105,C#CC#CC(=O)C1CC1,4.966077805e0,0.000000000e0,0.000000000e0,1.303326011e0,4.966077805e0,-1.429564595e0
train,106,[NH-]C1NCCC(=O)C1=O,3.757892370e0,0.000000000e0,0.000000000e0,1.303326011e0,3.757892370e0,-2.356566429e0
train,107,C1=CC23COC2C1CO3,6.576991558e0,0.000000000e0,0.000000000e0,1.303326011e0,6.576991558e0,-1.935624629e-1
train,108,[NH-]C1=C(N)N=CNO1,4.873559475e0,0.000000000e0,0.000000000e0,1.303326011e0,4.873559475e0,-1.500550985e0
train,109,CCC1OC2(C)C(O)C12,8.160694122e0,0.000000000e0,0.000000000e0,1.303326011e0,8.160694122e0,1.021561384e0
train,110,C1#CCCOCCCC1,7.624630451e0,0.000000000e0,0.000000000e0,1.303326011e0,7.624630451e0,6.102570891e-1
train,111,C#CC#CCC(=O)CC,6.030043125e0,0.000000000e0,0.000000000e0,1.303326011e0,6.030043125e0,-6.132183671e-1
train,112,C#CC12CC3C(C1)[NH+]3C2,7.817831039e0,0.000000000e0,0.000000000e0,1.303326011e0,7.817831039e0,7.584936619e-1
train,113,CC1COC(C)O1,9.314456940e0,0.000000000e0,0.000000000e0,1.303326011e0,9.314456940e0,1.906806469e0
train,114,COCCC(C)(C)C#N,8.307636261e0,0.000000000e0,0.000000000e0,1.303326011e0,8.307636261e0,1.134305358e0
train,115,O=CN1CCCCCC1,7.270882130e0,0.000000000e0,0.000000000e0,1.303326011e0,7.270882130e0,3.388373852e-1
train,116,CC12C3C4C1C4(CO)C32,7.828715801e0,0.000000000e0,0.000000000e0,1.303326011e0,7.828715801e0,7.668451667e-1
train,117,C#CC1CC=CC12CN2,6.655904770e0,0.000000000e0,0.000000000e0,1.303326011e0,6.655904770e0,-1.330149025e-1
train,118,CC1(CO)CC2NC2C1,8.304915428e0,0.000000000e0,0.000000000e0,1.303326011e0,8.304915428e0,1.132217765e0
train,119,O=c1cc(O)occ1O,5.608266830e0,0.000000000e0,0.000000000e0,1.303326011e0,5.608266830e0,-9.368336797e-1
train,120,C[NH+]1C(C#N)C1C1CO1,7.085844994e0,0.000000000e0,0.000000000e0,1.303326011e0,7.085844994e0,1.968643665e-1
train,121,CC(C(O)C=O)[NH+]1CC1,5.757929325e0,0.000000000e0,0.000000000e0,1.303326011e0,5.757929325e0,-8.220024705e-1
train,122,OCC12[NH2+][CH+]NC1C2O,6.201474667e0,0.000000000e0,0.000000000e0,1.303326011e0,6.201474667e0,-4.816844463e-1
train,123,CC1C(C)C1C(C)(C)C,8.781113625e0,0.000000000e0,0.000000000e0,1.303326011e0,8.781113625e0,1.497589350e0
train,124,CC1OC2C=CC1C2,6.628693581e0,0.000000000e0,0.000000000e0,1.303326011e0,6.628693581e0,-1.538931727e-1
train,125,CC12CC1(C=O)O[CH+][NH2+]2,5.902149677e0,0.000000000e0,0.000000000e0,1.303326011e0,5.902149677e0,-7.113468647e-1
train,126,CC(C)(C)C1C2CC[NH+]21,8.030079842e0,0.000000000e0,0.000000000e0,1.303326011e0,8.030079842e0,9.213452935e-1
train,127,CC1(C2CO2)CCC1,9.458678246e0,0.000000000e0,0.000000000e0,1.303326011e0,9.458678246e0,2.017462730e0
train,128,O=CC12CC3C1C1C2[NH+]31,5.717112064e0,0.000000000e0,0.000000000e0,1.303326011e0,5.717112064e0,-8.533202410e-1
train,129,COC1CCC(=O)O1,7.567486763e0,0.000000000e0,0.000000000e0,1.303326011e0,7.567486763e0,5.664125681e-1
train,130,CC12CC(O1)C2O,9.055949211e0,0.000000000e0,0.000000000e0,1.303326011e0,9.055949211e0,1.708461761e0
train,131,OCC1COCC12CC2,8.699480057e0,0.000000000e0,0.000000000e0,1.303326011e0,8.699480057e0,1.434954524e0
train,132,C#CC1C2C(=O)C(C)C12,6.027321815e0,0.000000000e0,0.000000000e0,1.303326011e0,6.027321815e0,-6.153063178e-1
train,133,CNC(=O)C(N)CC#N,7.240949631e0,0.000000000e0,0.000000000e0,1.303326011e0,7.240949631e0,3.158711493e-1
train,134,CCNC1C(=O)OC1C,6.517127037e0,0.000000000e0,0.000000000e0,1.303326011e0,6.517127037e0,-2.394945771e-1
train,135,C#CC1(C)CN(C)C1=O,7.208295822e0,0.000000000e0,0.000000000e0,1.303326011e0,7.208295822e0,2.908169329e-1
train,136,c1cn2c(n1)C1OC1C2,6.280387878e0,0.000000000e0,0.000000000e0,1.303326011e0,6.280387878e0,-4.211368859e-1
train,137,CC(=O)C1=CCC(=O)N1,4.457224846e0,0.000000000e0,0.000000000e0,1.303326011e0,4.457224846e0,-1.819991112e0
train,138,CCC1C2C3CC3(C)[NH+]12,8.372943878e0,0.000000000e0,0.000000000e0,1.303326011e0,8.372943878e0,1.184413791e0
train,139,N#CC1C(N)C12COC2,7.159315586e0,0.000000000e0,0.000000000e0,1.303326011e0,7.159315586e0,2.532359660e-1
train,140,CC12CCOC1C1CC12,8.770229340e0,0.000000000e0,0.000000000e0,1.303326011e0,8.770229340e0,1.489238143e0
train,141,[NH-]C1C=CC2CC(C2)O1,5.461325169e0,0.000000000e0,0.000000000e0,1.303326011e0,5.461325169e0,-1.049577236e0
train,142,Cc1cc(N(C)C)c[nH]1,5.956572056e0,0.000000000e0,0.000000000e0,1.303326011e0,5.956572056e0,-6.695903540e-1
train,143,C#CCOC(=O)CO,7.679053307e0,0.000000000e0,0.000000000e0,1.303326011e0,7.679053307e0,6.520139575e-1
train,144,CC1(CO)CC2CC2C1,9.031458855e0,0.000000000e0,0.000000000e0,1.303326011e0,9.031458855e0,1.689671159e0
train,145,CCC1(OC(C)=O)CC1,7.521226883e0,0.000000000e0,0.000000000e0,1.303326011e0,7.521226883e0,5.309188366e-1
train,146,N#CC(C#N)C(O)C[NH3+],4.024563789e0,0.000000000e0,0.000000000e0,1.303326011e0,4.024563789e0,-2.151957989e0
train,147,CC1C2NC2(C)C1(C)O,8.060012817e0,0.000000000e0,0.000000000e0,1.303326011e0,8.060012817e0,9.443119168e-1
train,148,CC(O)C1=NCCO1,7.450477123e0,0.000000000e0,0.000000000e0,1.303326011e0,7.450477123e0,4.766348302e-1
train,149,CCN(C)c1c[nH]nn1,5.357921600e0,0.000000000e0,0.000000000e0,1.303326011e0,5.357921600e0,-1.128915548e0
train,150,Cc1c(C=O)ccn1C,5.308941364e0,0.000000000e0,0.000000000e0,1.303326011e0,5.308941364e0,-1.166496515e0
train,151,CCC1C2CC1(O)C2C,9.017853737e0,0.000000000e0,0.000000000e0,1.303326011e0,9.017853737e0,1.679232359e0
train,152,CC12CC1C1OCC12,8.421924591e0,0.000000000e0,0.000000000e0,1.303326011e0,8.421924591e0,1.221995115e0
train,153,CCC1OC1(C=O)C=O,5.322546959e0,0.000000000e0,0.000000000e0,1.303326011e0,5.322546959e0,-1.156057358e0
train,154,CC#CC1=CCCC1O,5.613708973e0,0.000000000e0,0.000000000e0,1.303326011e0,5.613708973e0,-9.326581359e-1
train,155,[NH-]C1NC(=O)NCC1O,6.857269287e0,0.000000000e0,0.000000000e0,1.303326011e0,6.857269287e0,2.148559876e-2
train,156,C#CC(O)c1nnon1,5.847726822e0,0.000000000e0,0.000000000e0,1.303326011e0,5.847726822e0,-7.531037927e-1
train,157,COC(=O)C1C(C)C1C,7.553880215e0,0.000000000e0,0.000000000e0,1.303326011e0,7.553880215e0,5.559726954e-1
train,158,OC1C2CCOC1OC2,8.653220177e0,0.000000000e0,0.000000000e0,1.303326011e0,8.653220177e0,1.399460793e0
train,159,CCO[CH+][NH2+]C(C)C,7.387890816e0,0.000000000e0,0.000000000e0,1.303326011e0,7.387890816e0,4.286143780e-1
train,160,CC#CC1CC1(C)C,7.627351284e0,0.000000000e0,0.000000000e0,1.303326011e0,7.627351284e0,6.123446822e-1
train,161,CCNc1nc(N)no1,6.606924534e0,0.000000000e0,0.000000000e0,1.303326011e0,6.606924534e0,-1.705958545e-1
train,162,CC1C2CC=CC12CO,6.680395126e0,0.000000000e0,0.000000000e0,1.303326011e0,6.680395126e0,-1.142242402e-1
train,163,CC1OCC12C=CCC2,6.976998806e0,0.000000000e0,0.000000000e0,1.303326011e0,6.976998806e0,1.133501977e-1
train,164,CC1[NH2+]C2OCC2C1=O,5.662689686e0,0.000000000e0,0.000000000e0,1.303326011e0,5.662689686e0,-8.950768113e-1
train,165,CC1(O)C2NC13CNC23,7.102171898e0,0.000000000e0,0.000000000e0,1.303326011e0,7.102171898e0,2.093914747e-1
train,166,Cc1n[nH]c(CC#N)n1,7.183805943e0,0.000000000e0,0.000000000e0,1.303326011e0,7.183805943e0,2.720266283e-1
train,167,C[NH2+]C(C=O)C(=O)C=O,3.458567381e0,0.000000000e0,0.000000000e0,1.303326011e0,3.458567381e0,-2.586228609e0
train,168,O=CC1OC12C1CC2C1,5.994668484e0,0.000000000e0,0.000000000e0,1.303326011e0,5.994668484e0,-6.403601766e-1
train,169,CC12CC(C=O)=CC1O2,5.036827564e0,0.000000000e0,0.000000000e0,1.303326011e0,5.036827564e0,-1.375280619e0
train,170,CC1CC2(O)CCOC12,8.430087090e0,0.000000000e0,0.000000000e0,1.303326011e0,8.430087090e0,1.228258014e0
train,171,C1CC2(CO2)C1[NH+]1CC1,8.220560074e0,0.000000000e0,0.000000000e0,1.303326011e0,8.220560074e0,1.067494631e0
train,172,CC1OC2CCCC12,8.781113625e0,0.000000000e0,0.000000000e0,1.303326011e0,8.781113625e0,1.497589350e0
train,173,CC1C=CC=CC([NH-])O1,4.680358410e0,0.000000000e0,0.000000000e0,1.303326011e0,4.680358410e0,-1.648787856e0
train,174,O=C1C(CO)C2OCC12,5.785140514e0,0.000000000e0,0.000000000e0,1.303326011e0,5.785140514e0,-8.011242151e-1
train,175,N#CC1(CCO)CNC1,7.300814629e0,0.000000000e0,0.000000000e0,1.303326011e0,7.300814629e0,3.618036211e-1
train,176,COc1n[nH]nc1N,5.798746109e0,0.000000000e0,0.000000000e0,1.303326011e0,5.798746109e0,-7.906850576e-1
train,177,O=CNC1CC(CO)C1,7.605582714e0,0.000000000e0,0.000000000e0,1.303326011e0,7.605582714e0,5.956423283e-1
train,178,CC12OC(C1O)C2C=O,5.665410519e0,0.000000000e0,0.000000000e0,1.303326011e0,5.665410519e0,-8.929891586e-1
train,179,CCNC(=O)C1CC1C,7.442313671e0,0.000000000e0,0.000000000e0,1.303326011e0,7.442313671e0,4.703712761e-1
train,180,O=C1CC=CC2NC2C1,6.079023361e0,0.000000000e0,0.000000000e0,1.303326011e0,6.079023361e0,-5.756374002e-1
train,181,O=CCn1ccnc1O,4.680358410e0,0.000000000e0,0.000000000e0,1.303326011e0,4.680358410e0,-1.648787856e0
train,182,C#CC(C)(O)C1COC1,7.499457359e0,0.000000000e0,0.000000000e0,1.303326011e0,7.499457359e0,5.142157674e-1
train,183,O=C(CO)C1(O)COC1,6.206917286e0,0.000000000e0,0.000000000e0,1.303326011e0,6.206917286e0,-4.775085151e-1
train,184,COC(C=O)CC1CO1,5.793303967e0,0.000000000e0,0.000000000e0,1.303326011e0,5.793303967e0,-7.948606610e-1
train,185,CC1C2C(=O)C1(C)C2C,6.694001198e0,0.000000000e0,0.000000000e0,1.303326011e0,6.694001198e0,-1.037847400e-1
train,186,CC1C(O)C1(O)C(N)=O,7.317142010e0,0.000000000e0,0.000000000e0,1.303326011e0,7.317142010e0,3.743311167e-1
train,187,CCC1CC=CC1(C)C,7.194690704e0,0.000000000e0,0.000000000e0,1.303326011e0,7.194690704e0,2.803781629e-1
train,188,N#CCN1CC(O)C1=O,6.990605354e0,0.000000000e0,0.000000000e0,1.303326011e0,6.990605354e0,1.237900630e-1
train,189,CNc1ncccc1N,5.221864700e0,0.000000000e0,0.000000000e0,1.303326011e0,5.221864700e0,-1.233307600e0
train,190,CC1CC12CC=CCC2,7.308978081e0,0.000000000e0,0.000000000e0,1.303326011e0,7.308978081e0,3.680671751e-1
train,191,CCN(C)C(=O)N1CC1,7.464083195e0,0.000000000e0,0.000000000e0,1.303326011e0,7.464083195e0,4.870743454e-1
train,192,CCOCC1CN1C=O,7.074960232e0,0.000000000e0,0.000000000e0,1.303326011e0,7.074960232e0,1.885128319e-1
train,193,[NH-]C1NC23CCC2OC13,6.582434177e0,0.000000000e0,0.000000000e0,1.303326011e0,6.582434177e0,-1.893865168e-1
train,194,CC1C=C2COC2C1=O,5.798746109e0,0.000000000e0,0.000000000e0,1.303326011e0,5.798746109e0,-7.906850576e-1
train,195,CC12CC(C=O)C[NH+]1C2,5.782419682e0,0.000000000e0,0.000000000e0,1.303326011e0,5.782419682e0,-8.032118082e-1
train,196,CC1(C)CC(=O)C=C1N,5.594660759e0,0.000000000e0,0.000000000e0,1.303326011e0,5.594660759e0,-9.472731948e-1
train,197,CCC1(OC)CC1,8.987920761e0,0.000000000e0,0.000000000e0,1.303326011e0,8.987920761e0,1.656265736e0
train,198,COCCn1ccnc1,6.889922619e0,0.000000000e0,0.000000000e0,1.303326011e0,6.889922619e0,4.653944448e-2
train,199,O=Cc1nc[nH]c(=O)n1,4.405523300e0,0.000000000e0,0.000000000e0,1.303326011e0,4.405523300e0,-1.859660029e0
train,200,C1CC23COCC2OC13,8.391991615e0,0.000000000e0,0.000000000e0,1.303326011e0,8.391991615e0,1.199028492e0
train,201,Cc1nccncc1=O,4.299399376e0,0.000000000e0,0.000000000e0,1.303326011e0,4.299399376e0,-1.941085458e0
train,202,CC(C)C1CCOCC1,8.879075050e0,0.000000000e0,0.000000000e0,1.303326011e0,8.879075050e0,1.572751880e0
train,203,CCc1nonc1CO,6.770192623e0,0.000000000e0,0.000000000e0,1.303326011e0,6.770192623e0,-4.532551765e-2
train,204,CC1NCCNC1=O,7.045027256e0,0.000000000e0,0.000000000e0,1.303326011e0,7.045027256e0,1.655462235e-1
train,205,C1CC23COC(C2)OC13,8.987920761e0,0.000000000e0,0.000000000e0,1.303326011e0,8.987920761e0,1.656265736e0
train,206,OC12CC1CC21COC1,8.182463646e0,0.000000000e0,0.000000000e0,1.303326011e0,8.182463646e0,1.038264513e0
train,207,CC1(C#N)COCO1,8.103550911e0,0.000000000e0,0.000000000e0,1.303326011e0,8.103550911e0,9.777172804e-1
train,208,C1CC2(COC2)C2OC12,8.707643509e0,0.000000000e0,0.000000000e0,1.303326011e0,8.707643509e0,1.441218019e0
train,209,O=C1OC2C[NH+]3CC2C13,6.557943821e0,0.000000000e0,0.000000000e0,1.303326011e0,6.557943821e0,-2.081771791e-1
train,210,CCC1=C(CC)CCC1,6.797404289e0,0.000000000e0,0.000000000e0,1.303326011e0,6.797404289e0,-2.444688417e-2
train,211,COC1CCC=CC1=O,4.786482811e0,0.000000000e0,0.000000000e0,1.303326011e0,4.786482811e0,-1.567362070e0
train,212,OC1CC12CC1CC2O1,8.617846489e0,0.000000000e0,0.000000000e0,1.303326011e0,8.617846489e0,1.372319698e0
train,213,CNC(=O)C1CC1(C)O,7.455919266e0,0.000000000e0,0.000000000e0,1.303326011e0,7.455919266e0,4.808104038e-1
train,214,Nc1cc(F)oc(=O)n1,5.793303967e0,0.000000000e0,0.000000000e0,1.303326011e0,5.793303967e0,-7.948606610e-1
train,215,O=CC1OC12COC2,5.869495869e0,0.000000000e0,0.000000000e0,1.303326011e0,5.869495869e0,-7.364010811e-1
train,216,Cc1nc(C=O)[nH]c1C,4.764713764e0,0.000000000e0,0.000000000e0,1.303326011e0,4.764713764e0,-1.584064722e0
train,217,C1=CC2OC3CC2C1O3,6.666789532e0,0.000000000e0,0.000000000e0,1.303326011e0,6.666789532e0,-1.246633753e-1
train,218,Cc1cncnc1,5.711669922e0,0.000000000e0,0.000000000e0,1.303326011e0,5.711669922e0,-8.574958444e-1
train,219,CC(O)C1(O[CH+][NH-])CC1,7.502179146e0,0.000000000e0,0.000000000e0,1.303326011e0,7.502179146e0,5.163041353e-1
train,220,C#CC12COCC1C2,7.842320919e0,0.000000000e0,0.000000000e0,1.303326011e0,7.842320919e0,7.772839069e-1
train,221,O=CNC1CC2CC21O,6.879037857e0,0.000000000e0,0.000000000e0,1.303326011e0,6.879037857e0,3.818792105e-2
train,222,C#CCC12C=CCC1N2,6.759308338e0,0.000000000e0,0.000000000e0,1.303326011e0,6.759308338e0,-5.367667601e-2
train,223,CC12NC1CC(O)C2=O,5.428671360e0,0.000000000e0,0.000000000e0,1.303326011e0,5.428671360e0,-1.074631453e0
train,224,OC12COC1C2C1CC1,8.125319481e0,0.000000000e0,0.000000000e0,1.303326011e0,8.125319481e0,9.944195747e-1
train,225,N#CCC12NC1C1NC12,6.487194061e0,0.000000000e0,0.000000000e0,1.303326011e0,6.487194061e0,-2.624611855e-1
train,226,CC1C(O)C2CC1(C)O2,8.204232216e0,0.000000000e0,0.000000000e0,1.303326011e0,8.204232216e0,1.054966807e0
train,227,CC1CC1OCC(N)=O,7.630072594e0,0.000000000e0,0.000000000e0,1.303326011e0,7.630072594e0,6.144326329e-1
train,228,CC(C#N)C(=O)CO,6.329368591e0,0.000000000e0,0.000000000e0,1.303326011e0,6.329368591e0,-3.835555613e-1
train,229,CCc1cc(OC)c[nH]1,6.321204662e0,0.000000000e0,0.000000000e0,1.303326011e0,6.321204662e0,-3.898195028e-1
train,230,CC1CC(O)(C#N)CO1,7.630072594e0,0.000000000e0,0.000000000e0,1.303326011e0,7.630072594e0,6.144326329e-1
train,231,CC1(C#N)CNC(N)[NH2+]1,7.064075947e0,0.000000000e0,0.000000000e0,1.303326011e0,7.064075947e0,1.801616699e-1
train,232,NC(=O)c1coc(=O)[nH]1,5.126625061e0,0.000000000e0,0.000000000e0,1.303326011e0,5.126625061e0,-1.306381941e0
train,233,NC1[NH2+]CC(=O)C12CN2,5.352479935e0,0.000000000e0,0.000000000e0,1.303326011e0,5.352479935e0,-1.133090734e0
train,234,Nc1c[nH]c2cc[nH]c12,5.513026714e0,0.000000000e0,0.000000000e0,1.303326011e0,5.513026714e0,-1.009908319e0
train,235,CC1C2OCC12CC#N,7.434150696e0,0.000000000e0,0.000000000e0,1.303326011e0,7.434150696e0,4.641080797e-1
train,236,CCC1C(=O)CC1C,5.967456818e0,0.000000000e0,0.000000000e0,1.303326011e0,5.967456818e0,-6.612387896e-1
train,237,OC1C2CC3COC1C32,8.489952087e0,0.000000000e0,0.000000000e0,1.303326011e0,8.489952087e0,1.274190426e0
train,238,CCC12CC[NH+]1C2C=O,5.589218616e0,0.000000000e0,0.000000000e0,1.303326011e0,5.589218616e0,-9.514487982e-1
train,239,NC(=O)CCOC1CC1,7.466804028e0,0.000000000e0,0.000000000e0,1.303326011e0,7.466804028e0,4.891619384e-1
train,240,O=CN1CC(CO)C1=O,5.896707535e0,0.000000000e0,0.000000000e0,1.303326011e0,5.896707535e0,-7.155224681e-1
train,241,O=CC12C[NH+]1CC21CN1,5.230028629e0,0.000000000e0,0.000000000e0,1.303326011e0,5.230028629e0,-1.227043629e0
train,242,CCOC1COC1(C)C,8.726691246e0,0.000000000e0,0.000000000e0,1.303326011e0,8.726691246e0,1.455832720e0
train,243,COC1(C)CC(C#N)C1,7.918513298e0,0.000000000e0,0.000000000e0,1.303326011e0,7.918513298e0,8.357439041e-1
train,244,CCCOc1cn[nH]c1,6.326647282e0,0.000000000e0,0.000000000e0,1.303326011e0,6.326647282e0,-3.856435418e-1
train,245,OCc1ccccc1F,6.356579781e0,0.000000000e0,0.000000000e0,1.303326011e0,6.356579781e0,-3.626773059e-1
train,246,C#Cc1nc(N)n[nH]1,5.074923515e0,0.000000000e0,0.000000000e0,1.303326011e0,5.074923515e0,-1.346050858e0
train,247,C1C2C3C1C1C2C2C3[NH+]12,8.473625183e0,0.000000000e0,0.000000000e0,1.303326011e0,8.473625183e0,1.261663318e0
train,248,CCC12CC3(C)C(O1)C23,8.152531624e0,0.000000000e0,0.000000000e0,1.303326011e0,8.152531624e0,1.015298605e0
train,249,Nc1cc(CCO)on1,6.362021923e0,0.000000000e0,0.000000000e0,1.303326011e0,6.362021923e0,-3.585017323e-1
train,250,CC1COCC(C=O)O1,5.676295280e0,0.000000000e0,0.000000000e0,1.303326011e0,5.676295280e0,-8.846376538e-1
train,251,C#CCC1[NH2+]C2CC2O1,6.947066307e0,0.000000000e0,0.000000000e0,1.303326011e0,6.947066307e0,9.038395435e-2
train,252,[NH-][CH+]Oc1ccc(N)[nH]1,5.499421120e0,0.000000000e0,0.000000000e0,1.303326011e0,5.499421120e0,-1.020347476e0
train,253,CC1CC2CC(=O)C2C1,5.864053726e0,0.000000000e0,0.000000000e0,1.303326011e0,5.864053726e0,-7.405766845e-1
train,254,C#CC1OC1(C)C1CN1,7.036864281e0,0.000000000e0,0.000000000e0,1.303326011e0,7.036864281e0,1.592830420e-1
train,255,C#CCNc1cnn[nH]1,6.277666569e0,0.000000000e0,0.000000000e0,1.303326011e0,6.277666569e0,-4.232248664e-1
train,256,OC1C2CC2C2COC12,8.337568283e0,0.000000000e0,0.000000000e0,1.303326011e0,8.337568283e0,1.157271266e0
train,257,O=C1CC2C1C2C1CC1,6.247734070e0,0.000000000e0,0.000000000e0,1.303326011e0,6.247734070e0,-4.461911023e-1
train,258,O=CC1C[NH+]1C1CC1O,5.461325169e0,0.000000000e0,0.000000000e0,1.303326011e0,5.461325169e0,-1.049577236e0
train,259,CC#CC1CC=CC1,7.205575466e0,0.000000000e0,0.000000000e0,1.303326011e0,7.205575466e0,2.887296975e-1
train,260,CC1OC2(C)C(=O)CC12,5.496700287e0,0.000000000e0,0.000000000e0,1.303326011e0,5.496700287e0,-1.022435069e0
train,261,CC[NH+]1C(C=O)C2CC21,5.020500660e0,0.000000000e0,0.000000000e0,1.303326011e0,5.020500660e0,-1.387807727e0
train,262,[H]N=C(NC=O)OCCO,6.204195976e0,0.000000000e0,0.000000000e0,1.303326011e0,6.204195976e0,-4.795964956e-1
train,263,CC1C=CC(OC=O)C1,7.047749043e0,0.000000000e0,0.000000000e0,1.303326011e0,7.047749043e0,1.676345766e-1
train,264,CC1CC=CC1OC=O,7.004210949e0,0.000000000e0,0.000000000e0,1.303326011e0,7.004210949e0,1.342291981e-1
train,265,N#CC(O)CC1CCC1,8.307636261e0,0.000000000e0,0.000000000e0,1.303326011e0,8.307636261e0,1.134305358e0
train,266,CCc1nc(O)c(O)[nH]1,5.801467419e0,0.000000000e0,0.000000000e0,1.303326011e0,5.801467419e0,-7.885971069e-1
train,267,C#CC(=O)N1CC1C#C,5.834120750e0,0.000000000e0,0.000000000e0,1.303326011e0,5.834120750e0,-7.635432482e-1
train,268,N1C2C3NC2C2OC2C13,7.638236046e0,0.000000000e0,0.000000000e0,1.303326011e0,7.638236046e0,6.206961870e-1
train,269,ONC1C2CC1O[CH+][NH2+]2,6.506242275e0,0.000000000e0,0.000000000e0,1.303326011e0,6.506242275e0,-2.478460968e-1
train,270,CCOC1CC(C=O)C1,6.193311214e0,0.000000000e0,0.000000000e0,1.303326011e0,6.193311214e0,-4.879480004e-1
train,271,CC1(C(N)=O)C2COC21,7.142988205e0,0.000000000e0,0.000000000e0,1.303326011e0,7.142988205e0,2.407085001e-1
train,272,OCC(O)C1CC(O)C1,8.555259705e0,0.000000000e0,0.000000000e0,1.303326011e0,8.555259705e0,1.324298859e0
train,273,Cc1occc1C1CO1,6.277666569e0,0.000000000e0,0.000000000e0,1.303326011e0,6.277666569e0,-4.232248664e-1
train,274,N#CC12CCC(O)C1N2,7.357958317e0,0.000000000e0,0.000000000e0,1.303326011e0,7.357958317e0,4.056481421e-1
train,275,CC(C)C(=O)OCC#N,7.679053307e0,0.000000000e0,0.000000000e0,1.303326011e0,7.679053307e0,6.520139575e-1
train,276,CC#CC(=O)C#CC#N,4.696685314e0,0.000000000e0,0.000000000e0,1.303326011e0,4.696685314e0,-1.636260748e0
train,277,O=CC(=O)C1CC(O)C1,4.212322235e0,0.000000000e0,0.000000000e0,1.303326011e0,4.212322235e0,-2.007896900e0
train,278,c1cnc2c(n1)COC2,5.216422558e0,0.000000000e0,0.000000000e0,1.303326011e0,5.216422558e0,-1.237483144e0
train,279,CC1C2OC3C2C13C#N,7.257276535e0,0.000000000e0,0.000000000e0,1.303326011e0,7.257276535e0,3.283982575e-1
train,280,CC1C2C3OC([NH-])[NH+]1C32,7.240949631e0,0.000000000e0,0.000000000e0,1.303326011e0,7.240949631e0,3.158711493e-1
train,281,CNc1[cH-]c(=O)oc1[NH-],4.778319359e0,0.000000000e0,0.000000000e0,1.303326011e0,4.778319359e0,-1.573625565e0
train,282,CN1C(=O)CNC1[NH-],6.647741318e0,0.000000000e0,0.000000000e0,1.303326011e0,6.647741318e0,-1.392784566e-1
train,283,CC#CC(C)C(C)C#N,7.820552349e0,0.000000000e0,0.000000000e0,1.303326011e0,7.820552349e0,7.605816126e-1
train,284,COC1(C)CC=CC1O,7.175642490e0,0.000000000e0,0.000000000e0,1.303326011e0,7.175642490e0,2.657630742e-1
train,285,O=C1COC12C1CC2N1,5.162000179e0,0.000000000e0,0.000000000e0,1.303326011e0,5.162000179e0,-1.279239655e0
train,286,[NH-][CH+]OC1CNC1C=O,5.589218616e0,0.000000000e0,0.000000000e0,1.303326011e0,5.589218616e0,-9.514487982e-1
train,287,CC1CCCC=C1C#N,6.087186813e0,0.000000000e0,0.000000000e0,1.303326011e0,6.087186813e0,-5.693738461e-1
train,288,[H]N=C(N(C)C)C(F)(F)F,6.386512280e0,0.000000000e0,0.000000000e0,1.303326011e0,6.386512280e0,-3.397110701e-1
train,289,Cc1cc(C2CN2)n[nH]1,6.337531567e0,0.000000000e0,0.000000000e0,1.303326011e0,6.337531567e0,-3.772923946e-1
train,290,CCC1OC(C)C2CC12,9.102209091e0,0.000000000e0,0.000000000e0,1.303326011e0,9.102209091e0,1.743955493e0
train,291,CC(C)C(C#N)CC=O,6.125282764e0,0.000000000e0,0.000000000e0,1.303326011e0,6.125282764e0,-5.401440263e-1
train,292,CC#CC(C)C(N)=O,7.322584152e0,0.000000000e0,0.000000000e0,1.303326011e0,7.322584152e0,3.785066903e-1
train,293,CC1OC2CCC1CC2,8.242328644e0,0.000000000e0,0.000000000e0,1.303326011e0,8.242328644e0,1.084196925e0
train,294,C1OC1C12CC3C1[NH+]3C2,8.411039352e0,0.000000000e0,0.000000000e0,1.303326011e0,8.411039352e0,1.213643193e0
train,295,N#CC(=O)c1cn[nH]c1,5.224586010e0,0.000000000e0,0.000000000e0,1.303326011e0,5.224586010e0,-1.231219649e0
train,296,N#CC12CC1CC21CO1,7.670889378e0,0.000000000e0,0.000000000e0,1.303326011e0,7.670889378e0,6.457500458e-1
train,297,CC1=CC(=O)COC1C,4.895328522e0,0.000000000e0,0.000000000e0,1.303326011e0,4.895328522e0,-1.483848214e0
train,298,O=Cc1ccc(=O)oc1,4.936145306e0,0.000000000e0,0.000000000e0,1.303326011e0,4.936145306e0,-1.452530861e0
train,299,Cc1c(F)cn[nH]c1=O,4.966077805e0,0.000000000e0,0.000000000e0,1.303326011e0,4.966077805e0,-1.429564595e0
train,300,CN1CC(C(N)=O)C1=O,7.047749043e0,0.000000000e0,0.000000000e0,1.303326011e0,7.047749043e0,1.676345766e-1
train,301,C1=CC23CC2(C1)[NH+]1CC13,5.793303967e0,0.000000000e0,0.000000000e0,1.303326011e0,5.793303967e0,-7.948606610e-1
train,302,C#CC12COC1(C)CN2,6.704885483e0,0.000000000e0,0.000000000e0,1.303326011e0,6.704885483e0,-9.543357790e-2
train,303,CC12CC1[NH+]1CC1CO2,8.138925552e0,0.000000000e0,0.000000000e0,1.303326011e0,8.138925552e0,1.004859090e0
train,304,C[NH+]1C2C3(O)CC2(O)C13,7.570207596e0,0.000000000e0,0.000000000e0,1.303326011e0,7.570207596e0,5.685001612e-1
train,305,[NH-]c1cc(CO)nn[nH+]1,4.470830441e0,0.000000000e0,0.000000000e0,1.303326011e0,4.470830441e0,-1.809551954e0
train,306,COC1C(C)C1CC#N,8.089944839e0,0.000000000e0,0.000000000e0,1.303326011e0,8.089944839e0,9.672777653e-1
train,307,COCC(=O)C1CC1C,6.283109188e0,0.000000000e0,0.000000000e0,1.303326011e0,6.283109188e0,-4.190489352e-1
train,308,C#CCC1=CC2OC2C1,6.568828583e0,0.000000000e0,0.000000000e0,1.303326011e0,6.568828583e0,-1.998256445e-1
train,309,N#Cc1ncon1,6.590597630e0,0.000000000e0,0.000000000e0,1.303326011e0,6.590597630e0,-1.831229627e-1
train,310,C#CCCC1OCCO1,8.544375420e0,0.000000000e0,0.000000000e0,1.303326011e0,8.544375420e0,1.315947652e0
train,311,N#CC12CC3CC1[NH+]3C2,7.314420223e0,0.000000000e0,0.000000000e0,1.303326011e0,7.314420223e0,3.722427487e-1
train,312,CC(=NC1CC1)NC=O,5.918476582e0,0.000000000e0,0.000000000e0,1.303326011e0,5.918476582e0,-6.988197565e-1
train,313,O=CC12C[NH+](CC1=O)C2,5.317104816e0,0.000000000e0,0.000000000e0,1.303326011e0,5.317104816e0,-1.160232902e0
train,314,COC12C=CCOC1C2,6.615087986e0,0.000000000e0,0.000000000e0,1.303326011e0,6.615087986e0,-1.643323004e-1
train,315,CC(C)CC#CCC=O,5.948409081e0,0.000000000e0,0.000000000e0,1.303326011e0,5.948409081e0,-6.758534908e-1
train,316,CC1C2CC3(C)OC1C23,8.547096252e0,0.000000000e0,0.000000000e0,1.303326011e0,8.547096252e0,1.318035364e0
train,317,CC1C2C(C=O)C3C2[NH+]13,6.163379192e0,0.000000000e0,0.000000000e0,1.303326011e0,6.163379192e0,-5.109139085e-1
train,318,O=CCCC1CCOC1,6.070860386e0,0.000000000e0,0.000000000e0,1.303326011e0,6.070860386e0,-5.819005966e-1
train,319,O=COC1CC(=O)C1,6.008274078e0,0.000000000e0,0.000000000e0,1.303326011e0,6.008274078e0,-6.299210191e-1
val,0,Cc1c[n+]2[nH]cnc2[nH]1,6.378348827e0,0.000000000e0,0.000000000e0,1.303326011e0,6.378348827e0,-3.459746242e-1
val,1,CC1(C)CCN(C=O)C1,7.249113560e0,0.000000000e0,0.000000000e0,1.303326011e0,7.249113560e0,3.221350610e-1
val,2,OC1CC1CCC1CC1,9.083160400e0,0.000000000e0,0.000000000e0,1.303326011e0,9.083160400e0,1.729340076e0
val,3,C#CCn1cnnn1,7.211016655e0,0.000000000e0,0.000000000e0,1.303326011e0,7.211016655e0,2.929045558e-1
val,4,N#CC12CCC(CC1)O2,7.934839725e0,0.000000000e0,0.000000000e0,1.303326011e0,7.934839725e0,8.482706547e-1
val,5,OC12CC1CC1C[NH+]1C2,8.370222092e0,0.000000000e0,0.000000000e0,1.303326011e0,8.370222092e0,1.182325482e0
val,6,CC1OCCC(=O)C1C,6.049090862e0,0.000000000e0,0.000000000e0,1.303326011e0,6.049090862e0,-5.986036062e-1
val,7,O=C1C(=O)N2CC2C1O,4.046332836e0,0.000000000e0,0.000000000e0,1.303326011e0,4.046332836e0,-2.135255337e0
val,8,CC12CC3C[NH+]3C1C2O,7.766129494e0,0.000000000e0,0.000000000e0,1.303326011e0,7.766129494e0,7.188246846e-1
val,9,CC1C2CCC(=O)C[NH+]12,5.412344456e0,0.000000000e0,0.000000000e0,1.303326011e0,5.412344456e0,-1.087158561e0
val,10,O=C1C2COCC1C2O,5.972899437e0,0.000000000e0,0.000000000e0,1.303326011e0,5.972899437e0,-6.570628285e-1
val,11,O=C1C(O)C2NC2C1O,5.937524319e0,0.000000000e0,0.000000000e0,1.303326011e0,5.937524319e0,-6.842050552e-1
val,12,CC#CC1C=CCCO1,7.006931782e0,0.000000000e0,0.000000000e0,1.303326011e0,7.006931782e0,1.363168061e-1
val,13,COCC12CC(N1)C2=O,6.729375839e0,0.000000000e0,0.000000000e0,1.303326011e0,6.729375839e0,-7.664291561e-2
val,14,C1=CC2(CO2)C2COC12,6.536174774e0,0.000000000e0,0.000000000e0,1.303326011e0,6.536174774e0,-2.248798609e-1
val,15,CC1OC(=O)NCC1O,8.049127579e0,0.000000000e0,0.000000000e0,1.303326011e0,8.049127579e0,9.359599948e-1
val,16,C1OC1C1OC1C1CO1,8.879075050e0,0.000000000e0,0.000000000e0,1.303326011e0,8.879075050e0,1.572751880e0
val,17,C1CC2C3C4CC(C14)[NH+]23,8.332126617e0,0.000000000e0,0.000000000e0,1.303326011e0,8.332126617e0,1.153096080e0
val,18,CC1OC2CC(=O)C1O2,5.866774559e0,0.000000000e0,0.000000000e0,1.303326011e0,5.866774559e0,-7.384890318e-1
val,19,Cc1cc(=O)cc(F)[nH]1,5.572891712e0,0.000000000e0,0.000000000e0,1.303326011e0,5.572891712e0,-9.639759064e-1
val,20,C1CC2CC2C2(C1)CO2,8.917170525e0,0.000000000e0,0.000000000e0,1.303326011e0,8.917170525e0,1.601981401e0
val,21,CC1OCC12OCC2=O,5.801467419e0,0.000000000e0,0.000000000e0,1.303326011e0,5.801467419e0,-7.885971069e-1
val,22,CCC1C(O)C12CCC2,8.345731735e0,0.000000000e0,0.000000000e0,1.303326011e0,8.345731735e0,1.163534760e0
val,23,CC1(C)CCCC1CO,9.088603020e0,0.000000000e0,0.000000000e0,1.303326011e0,9.088603020e0,1.733515978e0
val,24,OC12CC1N1NC=CC12,6.209638119e0,0.000000000e0,0.000000000e0,1.303326011e0,6.209638119e0,-4.754208922e-1
val,25,O=C1CC2(CCN1)CN2,7.270882130e0,0.000000000e0,0.000000000e0,1.303326011e0,7.270882130e0,3.388373852e-1
val,26,CC1(O)C2C[NH+]2C12CC2,8.174300194e0,0.000000000e0,0.000000000e0,1.303326011e0,8.174300194e0,1.032000899e0
val,27,CCCc1nnn(C)n1,6.966114998e0,0.000000000e0,0.000000000e0,1.303326011e0,6.966114998e0,1.049994007e-1
val,28,CC(C#N)c1cnno1,6.400117874e0,0.000000000e0,0.000000000e0,1.303326011e0,6.400117874e0,-3.292719424e-1
val,29,CC12CC3C4OC1C4C32,8.141646385e0,0.000000000e0,0.000000000e0,1.303326011e0,8.141646385e0,1.006946683e0
val,30,CC12OC(C3CC31)C2O,8.636894226e0,0.000000000e0,0.000000000e0,1.303326011e0,8.636894226e0,1.386934400e0
val,31,Nc1cnc([N+](=O)[O-])o1,4.117082596e0,0.000000000e0,0.000000000e0,1.303326011e0,4.117082596e0,-2.080971241e0
val,32,C1=Cc2c[nH]cc2C1,5.455882549e0,0.000000000e0,0.000000000e0,1.303326011e0,5.455882549e0,-1.053753257e0
val,33,C1[NH+]2C3C4C5OC13C2C54,8.321241379e0,0.000000000e0,0.000000000e0,1.303326011e0,8.321241379e0,1.144744158e0
val,34,CC12OC1CC21CCC1,8.743018150e0,0.000000000e0,0.000000000e0,1.303326011e0,8.743018150e0,1.468359828e0
val,35,N#CC12CCC1CC2,8.274982452e0,0.000000000e0,0.000000000e0,1.303326011e0,8.274982452e0,1.109251142e0
val,36,CC1C2OC3C(O2)C13,8.971593857e0,0.000000000e0,0.000000000e0,1.303326011e0,8.971593857e0,1.643738627e0
val,37,[NH-]C1CCC2OC2CO1,7.455919266e0,0.000000000e0,0.000000000e0,1.303326011e0,7.455919266e0,4.808104038e-1
val,38,[NH-]C1OC2C3C2C2C3[NH+]12,7.474967480e0,0.000000000e0,0.000000000e0,1.303326011e0,7.474967480e0,4.954254925e-1
val,39,c1nn[nH]c1C1COC1,6.805567265e0,0.000000000e0,0.000000000e0,1.303326011e0,6.805567265e0,-1.818369515e-2
test,0,Cc1[nH]cnc1C1CN1,6.264060974e0,0.000000000e0,0.000000000e0,1.303326011e0,6.264060974e0,-4.336639941e-1
test,1,C1C2C3CC4C1C2CC34,9.679089546e0,0.000000000e0,0.000000000e0,1.303326011e0,9.679089546e0,2.186577320e0
test,2,CC#CC1NCC12CO2,7.349795341e0,0.000000000e0,0.000000000e0,1.303326011e0,7.349795341e0,3.993849456e-1
test,3,CC1(c2cnoc2)CC1,6.582434177e0,0.000000000e0,0.000000000e0,1.303326011e0,6.582434177e0,-1.893865168e-1
test,4,CC1OC(C)(C#N)C1=O,5.921197414e0,0.000000000e0,0.000000000e0,1.303326011e0,5.921197414e0,-6.967321634e-1
test,5,Cn1nccc1N1CC1,6.568828583e0,0.000000000e0,0.000000000e0,1.303326011e0,6.568828583e0,-1.998256445e-1
test,6,CC1C=CC(=O)OC1C,5.904870510e0,0.000000000e0,0.000000000e0,1.303326011e0,5.904870510e0,-7.092592716e-1
test,7,[NH-]C1OCC23COC12C3,7.004210949e0,0.000000000e0,0.000000000e0,1.303326011e0,7.004210949e0,1.342291981e-1
test,8,CC1(C2CC2)CC=CC1,7.213738441e0,0.000000000e0,0.000000000e0,1.303326011e0,7.213738441e0,2.949928939e-1
test,9,CC12OCC3[CH-]CC1C32,5.409623623e0,0.000000000e0,0.000000000e0,1.303326011e0,5.409623623e0,-1.089246273e0
test,10,OCCC12CCC1O2,8.821931839e0,0.000000000e0,0.000000000e0,1.303326011e0,8.821931839e0,1.528907776e0
test,11,[NH-]C1N=CC=NC(=O)O1,4.680358410e0,0.000000000e0,0.000000000e0,1.303326011e0,4.680358410e0,-1.648787856e0
test,12,C1=NC2CC(O1)C1CC21,7.314420223e0,0.000000000e0,0.000000000e0,1.303326011e0,7.314420223e0,3.722427487e-1
test,13,CC1Oc2nc[nH]c2O1,5.627314568e0,0.000000000e0,0.000000000e0,1.303326011e0,5.627314568e0,-9.222189784e-1
test,14,N#CC1CCC(=O)C1,6.046370029e0,0.000000000e0,0.000000000e0,1.303326011e0,6.046370029e0,-6.006912589e-1
test,15,CC1C2C(=O)C[NH+]12,5.929360867e0,0.000000000e0,0.000000000e0,1.303326011e0,5.929360867e0,-6.904686093e-1
test,16,O=C1C2C3OCC1(O)C32,6.596040249e0,0.000000000e0,0.000000000e0,1.303326011e0,6.596040249e0,-1.789470166e-1
test,17,CC1CC2C3C1CC23C,4.688521862e0,0.000000000e0,0.000000000e0,1.303326011e0,4.688521862e0,-1.642524362e0
test,18,CC12OC3CCC1C32O,7.894023418e0,0.000000000e0,0.000000000e0,1.303326011e0,7.894023418e0,8.169535995e-1
test,19,CC1=CC(=O)OCCC1,5.970178127e0,0.000000000e0,0.000000000e0,1.303326011e0,5.970178127e0,-6.591508389e-1
test,20,CC12CC3(O)CC1OC32,8.381106377e0,0.000000000e0,0.000000000e0,1.303326011e0,8.381106377e0,1.190676689e0
test,21,O1C2C3C2C2C4C1C4C32,7.815110207e0,0.000000000e0,0.000000000e0,1.303326011e0,7.815110207e0,7.564060092e-1
test,22,CC12C3OC4C3C1(O)C42,8.351174355e0,0.000000000e0,0.000000000e0,1.303326011e0,8.351174355e0,1.167710781e0
test,23,CC1=CC2C3OCC1C23,6.217801571e0,0.000000000e0,0.000000000e0,1.303326011e0,6.217801571e0,-4.691573381e-1
test,24,CC1C2OCC3C2[NH+]13,8.596076965e0,0.000000000e0,0.000000000e0,1.303326011e0,8.596076965e0,1.355616689e0
test,25,Cc1n[nH]c2occc12,6.147051811e0,0.000000000e0,0.000000000e0,1.303326011e0,6.147051811e0,-5.234413743e-1
test,26,CC1CC2OC([NH-])C12O,7.559322834e0,0.000000000e0,0.000000000e0,1.303326011e0,7.559322834e0,5.601486564e-1
test,27,O=C1CC2(CCCC2)O1,7.738917828e0,0.000000000e0,0.000000000e0,1.303326011e0,7.738917828e0,6.979460716e-1
test,28,N#CC1COCCN1,6.979720592e0,0.000000000e0,0.000000000e0,1.303326011e0,6.979720592e0,1.154385358e-1
test,29,CC1(C)C2C=CC(=O)C21,5.006895065e0,0.000000000e0,0.000000000e0,1.303326011e0,5.006895065e0,-1.398246884e0
test,30,N#CC12CC1OCCN2,7.104892731e0,0.000000000e0,0.000000000e0,1.303326011e0,7.104892731e0,2.114790827e-1
test,31,NC1=NCCCC1=O,4.685800552e0,0.000000000e0,0.000000000e0,1.303326011e0,4.685800552e0,-1.644612312e0
test,32,O=C1CC2C3C(O)C2C13,6.141610146e0,0.000000000e0,0.000000000e0,1.303326011e0,6.141610146e0,-5.276165605e-1
test,33,N#CC12CC(CCN1)C2,7.142988205e0,0.000000000e0,0.000000000e0,1.303326011e0,7.142988205e0,2.407085001e-1
test,34,NC1=CC(=O)C2C[NH+]2C1,5.325268269e0,0.000000000e0,0.000000000e0,1.303326011e0,5.325268269e0,-1.153969407e0
test,35,[NH-]C1OC2C=CC1O2,6.459982872e0,0.000000000e0,0.000000000e0,1.303326011e0,6.459982872e0,-2.833394408e-1
test,36,Cc1n[nH]c(=O)[nH]1,6.590597630e0,0.000000000e0,0.000000000e0,1.303326011e0,6.590597630e0,-1.831229627e-1
test,37,CC1COC(=O)OC1,8.683153152e0,0.000000000e0,0.000000000e0,1.303326011e0,8.683153152e0,1.422427416e0
test,38,C#CCNc1[nH]nn[nH+]1,5.480372906e0,0.000000000e0,0.000000000e0,1.303326011e0,5.480372906e0,-1.034962535e0
test,39,N#CC1(C2CCO2)CN1,7.401497364e0,0.000000000e0,0.000000000e0,1.303326011e0,7.401497364e0,4.390542507e-1
