dataset,representation,target,replicate,level,condition,family,model,n_train,n_test,label_sd,target_dose,realised_dose,dose_used,dose_mode,unit_dose_g,affected_molecule_fraction,n_noise_groups,largest_group_share,noise_seed,r2,r2_clean
QM9,PDV,homo_lumo_gap,0,0.5,Gaussian,reference,DNN,3199,801,1.3251350930417456,0.5,0.4950962218339133,0.4950962218339133,algebraic,1.0,0.0,1305,0.08002500781494216,60005,0.8661635369556269,0.9153571861148906
QM9,PDV,homo_lumo_gap,0,0.5,Grouped shifted,structure-keyed,DNN,3199,801,1.3251350930417456,0.5,0.5664926096867223,0.5664926096867223,algebraic,1.0,1.0,1305,0.08002500781494216,60005,0.7475670436021199,0.9153571861148906
QM9,PDV,homo_lumo_gap,0,1.0,Gaussian,reference,DNN,3199,801,1.3251350930417456,1.0,1.011956199391355,1.011956199391355,algebraic,1.0,0.0,1305,0.08002500781494216,60010,0.803866273740536,0.9153571861148906
QM9,PDV,homo_lumo_gap,0,1.0,Grouped shifted,structure-keyed,DNN,3199,801,1.3251350930417456,1.0,0.9895367864683816,0.9895367864683816,algebraic,1.0,1.0,1305,0.08002500781494216,60010,0.5852669417524644,0.9153571861148906
QM9,PDV,homo_lumo_gap,0,1.5,Gaussian,reference,DNN,3199,801,1.3251350930417456,1.5,1.4838552495257629,1.4838552495257629,algebraic,1.0,0.0,1305,0.08002500781494216,60015,0.7751679045995687,0.9153571861148906
QM9,PDV,homo_lumo_gap,0,1.5,Grouped shifted,structure-keyed,DNN,3199,801,1.3251350930417456,1.5,1.5717248229010399,1.5717248229010399,algebraic,1.0,1.0,1305,0.08002500781494216,60015,0.4761167868156775,0.9153571861148906
QM9,PDV,homo_lumo_gap,1,0.5,Gaussian,reference,DNN,3196,804,1.2841922113560549,0.5,0.5022211276693679,0.5022211276693679,algebraic,1.0,0.0,1257,0.08322903629536921,60105,0.8923128646047744,0.9220392204724027
QM9,PDV,homo_lumo_gap,1,0.5,Grouped shifted,structure-keyed,DNN,3196,804,1.2841922113560549,0.5,0.5237394567028337,0.5237394567028337,algebraic,1.0,1.0,1257,0.08322903629536921,60105,0.8271212529925978,0.9220392204724027
QM9,PDV,homo_lumo_gap,1,1.0,Gaussian,reference,DNN,3196,804,1.2841922113560549,1.0,1.0279253636835735,1.0279253636835735,algebraic,1.0,0.0,1257,0.08322903629536921,60110,0.8264132034555011,0.9220392204724027
QM9,PDV,homo_lumo_gap,1,1.0,Grouped shifted,structure-keyed,DNN,3196,804,1.2841922113560549,1.0,1.0564570757557938,1.0564570757557938,algebraic,1.0,1.0,1257,0.08322903629536921,60110,0.7021769730443628,0.9220392204724027
QM9,PDV,homo_lumo_gap,1,1.5,Gaussian,reference,DNN,3196,804,1.2841922113560549,1.5,1.5048449627922718,1.5048449627922718,algebraic,1.0,0.0,1257,0.08322903629536921,60115,0.7949127328440895,0.9220392204724027
QM9,PDV,homo_lumo_gap,1,1.5,Grouped shifted,structure-keyed,DNN,3196,804,1.2841922113560549,1.5,1.599774609603136,1.599774609603136,algebraic,1.0,1.0,1257,0.08322903629536921,60115,0.18728785224848965,0.9220392204724027
QM9,PDV,homo_lumo_gap,2,0.5,Gaussian,reference,DNN,3200,800,1.3195234870175732,0.5,0.4881262133212197,0.4881262133212197,algebraic,1.0,0.0,1285,0.08375,60205,-8.4754032474375,0.24343562172870736
QM9,PDV,homo_lumo_gap,2,0.5,Grouped shifted,structure-keyed,DNN,3200,800,1.3195234870175732,0.5,0.519227361661287,0.519227361661287,algebraic,1.0,1.0,1285,0.08375,60205,0.7454669166384001,0.24343562172870736
QM9,PDV,homo_lumo_gap,2,1.0,Gaussian,reference,DNN,3200,800,1.3195234870175732,1.0,0.9937977712813926,0.9937977712813926,algebraic,1.0,0.0,1285,0.08375,60210,-23.217318669969735,0.24343562172870736
QM9,PDV,homo_lumo_gap,2,1.0,Grouped shifted,structure-keyed,DNN,3200,800,1.3195234870175732,1.0,0.9679294245110469,0.9679294245110469,algebraic,1.0,1.0,1285,0.08375,60210,-176.6019163861648,0.24343562172870736
QM9,PDV,homo_lumo_gap,2,1.5,Gaussian,reference,DNN,3200,800,1.3195234870175732,1.5,1.521833166704101,1.521833166704101,algebraic,1.0,0.0,1285,0.08375,60215,-0.06573772788654653,0.24343562172870736
QM9,PDV,homo_lumo_gap,2,1.5,Grouped shifted,structure-keyed,DNN,3200,800,1.3195234870175732,1.5,1.479698567566572,1.479698567566572,algebraic,1.0,1.0,1285,0.08375,60215,-0.18478000268918993,0.24343562172870736
QM9,PDV,homo_lumo_gap,3,0.5,Gaussian,reference,DNN,3200,800,1.2861454093472788,0.5,0.4872558433247672,0.4872558433247672,algebraic,1.0,0.0,1212,0.0865625,60305,0.8360299794683428,0.8775654185928226
QM9,PDV,homo_lumo_gap,3,0.5,Grouped shifted,structure-keyed,DNN,3200,800,1.2861454093472788,0.5,0.4799009314648164,0.4799009314648164,algebraic,1.0,1.0,1212,0.0865625,60305,0.833435641476044,0.8775654185928226
QM9,PDV,homo_lumo_gap,3,1.0,Gaussian,reference,DNN,3200,800,1.2861454093472788,1.0,1.0053249315554973,1.0053249315554973,algebraic,1.0,0.0,1212,0.0865625,60310,0.718619193394828,0.8775654185928226
QM9,PDV,homo_lumo_gap,3,1.0,Grouped shifted,structure-keyed,DNN,3200,800,1.2861454093472788,1.0,1.0640925501828922,1.0640925501828922,algebraic,1.0,1.0,1212,0.0865625,60310,0.668407505565971,0.8775654185928226
QM9,PDV,homo_lumo_gap,3,1.5,Gaussian,reference,DNN,3200,800,1.2861454093472788,1.5,1.4799245418165474,1.4799245418165474,algebraic,1.0,0.0,1212,0.0865625,60315,0.6532273869918117,0.8775654185928226
QM9,PDV,homo_lumo_gap,3,1.5,Grouped shifted,structure-keyed,DNN,3200,800,1.2861454093472788,1.5,1.4631224596518948,1.4631224596518948,algebraic,1.0,1.0,1212,0.0865625,60315,0.25996385968640956,0.8775654185928226
QM9,PDV,homo_lumo_gap,4,0.5,Gaussian,reference,DNN,3199,801,1.3140756102057574,0.5,0.5022318925135888,0.5022318925135888,algebraic,1.0,0.0,1508,0.0315723663644889,60405,0.8756570746021611,0.9201965206199485
QM9,PDV,homo_lumo_gap,4,0.5,Grouped shifted,structure-keyed,DNN,3199,801,1.3140756102057574,0.5,0.4882889502225018,0.4882889502225018,algebraic,1.0,1.0,1508,0.0315723663644889,60405,0.8880273513296975,0.9201965206199485
QM9,PDV,homo_lumo_gap,4,1.0,Gaussian,reference,DNN,3199,801,1.3140756102057574,1.0,0.9978893586710067,0.9978893586710067,algebraic,1.0,0.0,1508,0.0315723663644889,60410,0.8210276868724274,0.9201965206199485
QM9,PDV,homo_lumo_gap,4,1.0,Grouped shifted,structure-keyed,DNN,3199,801,1.3140756102057574,1.0,1.0167599935765885,1.0167599935765885,algebraic,1.0,1.0,1508,0.0315723663644889,60410,0.6824640661819615,0.9201965206199485
QM9,PDV,homo_lumo_gap,4,1.5,Gaussian,reference,DNN,3199,801,1.3140756102057574,1.5,1.5302342323919613,1.5302342323919613,algebraic,1.0,0.0,1508,0.0315723663644889,60415,0.8085174311545307,0.9201965206199485
QM9,PDV,homo_lumo_gap,4,1.5,Grouped shifted,structure-keyed,DNN,3199,801,1.3140756102057574,1.5,1.5041104261527836,1.5041104261527836,algebraic,1.0,1.0,1508,0.0315723663644889,60415,0.7343886105464023,0.9201965206199485
QM9,PDV,homo_lumo_gap,5,0.5,Gaussian,reference,DNN,3200,800,1.305599787788693,0.5,0.4927677661865978,0.4927677661865978,algebraic,1.0,0.0,1218,0.0753125,60505,0.8280970478553681,0.8566486342310159
QM9,PDV,homo_lumo_gap,5,0.5,Grouped shifted,structure-keyed,DNN,3200,800,1.305599787788693,0.5,0.48104833777650413,0.48104833777650413,algebraic,1.0,1.0,1218,0.0753125,60505,0.7917332577076963,0.8566486342310159
QM9,PDV,homo_lumo_gap,5,1.0,Gaussian,reference,DNN,3200,800,1.305599787788693,1.0,0.9903869617071732,0.9903869617071732,algebraic,1.0,0.0,1218,0.0753125,60510,0.7611479430580448,0.8566486342310159
QM9,PDV,homo_lumo_gap,5,1.0,Grouped shifted,structure-keyed,DNN,3200,800,1.305599787788693,1.0,0.9978644638722057,0.9978644638722057,algebraic,1.0,1.0,1218,0.0753125,60510,0.6509038686480159,0.8566486342310159
QM9,PDV,homo_lumo_gap,5,1.5,Gaussian,reference,DNN,3200,800,1.305599787788693,1.5,1.4933895556902408,1.4933895556902408,algebraic,1.0,0.0,1218,0.0753125,60515,0.7502199299667622,0.8566486342310159
QM9,PDV,homo_lumo_gap,5,1.5,Grouped shifted,structure-keyed,DNN,3200,800,1.305599787788693,1.5,1.538832802429868,1.538832802429868,algebraic,1.0,1.0,1218,0.0753125,60515,0.12157253780439581,0.8566486342310159
QM9,PDV,homo_lumo_gap,6,0.5,Gaussian,reference,DNN,3119,881,1.2679742149352466,0.5,0.48700183381983575,0.48700183381983575,algebraic,1.0,0.0,1284,0.08303943571657582,60605,0.8684458241927316,0.906966967606007
QM9,PDV,homo_lumo_gap,6,0.5,Grouped shifted,structure-keyed,DNN,3119,881,1.2679742149352466,0.5,0.48586857769097824,0.48586857769097824,algebraic,1.0,1.0,1284,0.08303943571657582,60605,0.8737388270981251,0.906966967606007
QM9,PDV,homo_lumo_gap,6,1.0,Gaussian,reference,DNN,3119,881,1.2679742149352466,1.0,1.0087426087758866,1.0087426087758866,algebraic,1.0,0.0,1284,0.08303943571657582,60610,0.8335217910743221,0.906966967606007
QM9,PDV,homo_lumo_gap,6,1.0,Grouped shifted,structure-keyed,DNN,3119,881,1.2679742149352466,1.0,1.0156922212828603,1.0156922212828603,algebraic,1.0,1.0,1284,0.08303943571657582,60610,0.6987092768797728,0.906966967606007
QM9,PDV,homo_lumo_gap,6,1.5,Gaussian,reference,DNN,3119,881,1.2679742149352466,1.5,1.4789144813840622,1.4789144813840622,algebraic,1.0,0.0,1284,0.08303943571657582,60615,0.7647943928996239,0.906966967606007
QM9,PDV,homo_lumo_gap,6,1.5,Grouped shifted,structure-keyed,DNN,3119,881,1.2679742149352466,1.5,1.4642770201986834,1.4642770201986834,algebraic,1.0,1.0,1284,0.08303943571657582,60615,0.3627875247531549,0.906966967606007
QM9,PDV,homo_lumo_gap,7,0.5,Gaussian,reference,DNN,3199,801,1.249293127931134,0.5,0.4997121821141412,0.4997121821141412,algebraic,1.0,0.0,1226,0.08252578930915912,60705,0.8560476762782456,0.897653650828621
QM9,PDV,homo_lumo_gap,7,0.5,Grouped shifted,structure-keyed,DNN,3199,801,1.249293127931134,0.5,0.46258059661063844,0.46258059661063844,algebraic,1.0,1.0,1226,0.08252578930915912,60705,0.837242042118076,0.897653650828621
QM9,PDV,homo_lumo_gap,7,1.0,Gaussian,reference,DNN,3199,801,1.249293127931134,1.0,0.9898664898824145,0.9898664898824145,algebraic,1.0,0.0,1226,0.08252578930915912,60710,0.7992022158093622,0.897653650828621
QM9,PDV,homo_lumo_gap,7,1.0,Grouped shifted,structure-keyed,DNN,3199,801,1.249293127931134,1.0,0.9796194947460121,0.9796194947460121,algebraic,1.0,1.0,1226,0.08252578930915912,60710,0.7165923227767224,0.897653650828621
QM9,PDV,homo_lumo_gap,7,1.5,Gaussian,reference,DNN,3199,801,1.249293127931134,1.5,1.4960956560847396,1.4960956560847396,algebraic,1.0,0.0,1226,0.08252578930915912,60715,0.7986884634768355,0.897653650828621
QM9,PDV,homo_lumo_gap,7,1.5,Grouped shifted,structure-keyed,DNN,3199,801,1.249293127931134,1.5,1.5749704432115832,1.5749704432115832,algebraic,1.0,1.0,1226,0.08252578930915912,60715,0.17508070484708038,0.897653650828621
QM9,PDV,homo_lumo_gap,8,0.5,Gaussian,reference,DNN,3200,800,1.3098709049150197,0.5,0.49200180877207156,0.49200180877207156,algebraic,1.0,0.0,1230,0.0746875,60805,0.8516601115776898,0.8815179102358351
QM9,PDV,homo_lumo_gap,8,0.5,Grouped shifted,structure-keyed,DNN,3200,800,1.3098709049150197,0.5,0.46671962449372817,0.46671962449372817,algebraic,1.0,1.0,1230,0.0746875,60805,0.8477284437540589,0.8815179102358351
QM9,PDV,homo_lumo_gap,8,1.0,Gaussian,reference,DNN,3200,800,1.3098709049150197,1.0,0.9880759566837198,0.9880759566837198,algebraic,1.0,0.0,1230,0.0746875,60810,0.7872406086136543,0.8815179102358351
QM9,PDV,homo_lumo_gap,8,1.0,Grouped shifted,structure-keyed,DNN,3200,800,1.3098709049150197,1.0,0.9750426642436621,0.9750426642436621,algebraic,1.0,1.0,1230,0.0746875,60810,0.721097429496586,0.8815179102358351
QM9,PDV,homo_lumo_gap,8,1.5,Gaussian,reference,DNN,3200,800,1.3098709049150197,1.5,1.481768047704996,1.481768047704996,algebraic,1.0,0.0,1230,0.0746875,60815,0.6989321788869785,0.8815179102358351
QM9,PDV,homo_lumo_gap,8,1.5,Grouped shifted,structure-keyed,DNN,3200,800,1.3098709049150197,1.5,1.4367260104331616,1.4367260104331616,algebraic,1.0,1.0,1230,0.0746875,60815,0.3931323601694986,0.8815179102358351
QM9,PDV,homo_lumo_gap,9,0.5,Gaussian,reference,DNN,3193,807,1.3114469285960124,0.5,0.5017161436894869,0.5017161436894869,algebraic,1.0,0.0,1343,0.036642655809583466,60905,0.8747021261096266,0.9140236021752403
QM9,PDV,homo_lumo_gap,9,0.5,Grouped shifted,structure-keyed,DNN,3193,807,1.3114469285960124,0.5,0.5326741015344,0.5326741015344,algebraic,1.0,1.0,1343,0.036642655809583466,60905,0.8246782156176192,0.9140236021752403
QM9,PDV,homo_lumo_gap,9,1.0,Gaussian,reference,DNN,3193,807,1.3114469285960124,1.0,1.0081000968801237,1.0081000968801237,algebraic,1.0,0.0,1343,0.036642655809583466,60910,0.7991749408414384,0.9140236021752403
QM9,PDV,homo_lumo_gap,9,1.0,Grouped shifted,structure-keyed,DNN,3193,807,1.3114469285960124,1.0,0.9958094266810931,0.9958094266810931,algebraic,1.0,1.0,1343,0.036642655809583466,60910,0.610332887942215,0.9140236021752403
QM9,PDV,homo_lumo_gap,9,1.5,Gaussian,reference,DNN,3193,807,1.3114469285960124,1.5,1.5126602822895538,1.5126602822895538,algebraic,1.0,0.0,1343,0.036642655809583466,60915,0.7822979503118721,0.9140236021752403
QM9,PDV,homo_lumo_gap,9,1.5,Grouped shifted,structure-keyed,DNN,3193,807,1.3114469285960124,1.5,1.5602917764534026,1.5602917764534026,algebraic,1.0,1.0,1343,0.036642655809583466,60915,0.4321048833113852,0.9140236021752403
QM9,PDV,homo_lumo_gap,0,0.5,Gaussian,reference,LGBM,3199,801,1.3251350930417456,0.5,0.4950962218339133,0.4950962218339133,algebraic,1.0,0.0,1305,0.08002500781494216,60005,0.8799650642292571,0.9019612311727665
QM9,PDV,homo_lumo_gap,0,0.5,Grouped shifted,structure-keyed,LGBM,3199,801,1.3251350930417456,0.5,0.5664926096867223,0.5664926096867223,algebraic,1.0,1.0,1305,0.08002500781494216,60005,0.8225187550503744,0.9019612311727665
QM9,PDV,homo_lumo_gap,0,1.0,Gaussian,reference,LGBM,3199,801,1.3251350930417456,1.0,1.011956199391355,1.011956199391355,algebraic,1.0,0.0,1305,0.08002500781494216,60010,0.7527906823478661,0.9019612311727665
QM9,PDV,homo_lumo_gap,0,1.0,Grouped shifted,structure-keyed,LGBM,3199,801,1.3251350930417456,1.0,0.9895367864683816,0.9895367864683816,algebraic,1.0,1.0,1305,0.08002500781494216,60010,0.7410222471947312,0.9019612311727665
QM9,PDV,homo_lumo_gap,0,1.5,Gaussian,reference,LGBM,3199,801,1.3251350930417456,1.5,1.4838552495257629,1.4838552495257629,algebraic,1.0,0.0,1305,0.08002500781494216,60015,0.5972075251339608,0.9019612311727665
QM9,PDV,homo_lumo_gap,0,1.5,Grouped shifted,structure-keyed,LGBM,3199,801,1.3251350930417456,1.5,1.5717248229010399,1.5717248229010399,algebraic,1.0,1.0,1305,0.08002500781494216,60015,0.38413378878762416,0.9019612311727665
QM9,PDV,homo_lumo_gap,1,0.5,Gaussian,reference,LGBM,3196,804,1.2841922113560549,0.5,0.5022211276693679,0.5022211276693679,algebraic,1.0,0.0,1257,0.08322903629536921,60105,0.8945149769272187,0.9247023808455345
QM9,PDV,homo_lumo_gap,1,0.5,Grouped shifted,structure-keyed,LGBM,3196,804,1.2841922113560549,0.5,0.5237394567028337,0.5237394567028337,algebraic,1.0,1.0,1257,0.08322903629536921,60105,0.8684884319334333,0.9247023808455345
QM9,PDV,homo_lumo_gap,1,1.0,Gaussian,reference,LGBM,3196,804,1.2841922113560549,1.0,1.0279253636835735,1.0279253636835735,algebraic,1.0,0.0,1257,0.08322903629536921,60110,0.7995257772949768,0.9247023808455345
QM9,PDV,homo_lumo_gap,1,1.0,Grouped shifted,structure-keyed,LGBM,3196,804,1.2841922113560549,1.0,1.0564570757557938,1.0564570757557938,algebraic,1.0,1.0,1257,0.08322903629536921,60110,0.7777635666241539,0.9247023808455345
QM9,PDV,homo_lumo_gap,1,1.5,Gaussian,reference,LGBM,3196,804,1.2841922113560549,1.5,1.5048449627922718,1.5048449627922718,algebraic,1.0,0.0,1257,0.08322903629536921,60115,0.7298856463883423,0.9247023808455345
QM9,PDV,homo_lumo_gap,1,1.5,Grouped shifted,structure-keyed,LGBM,3196,804,1.2841922113560549,1.5,1.599774609603136,1.599774609603136,algebraic,1.0,1.0,1257,0.08322903629536921,60115,0.44372518320868237,0.9247023808455345
QM9,PDV,homo_lumo_gap,2,0.5,Gaussian,reference,LGBM,3200,800,1.3195234870175732,0.5,0.4881262133212197,0.4881262133212197,algebraic,1.0,0.0,1285,0.08375,60205,0.8418063141994847,0.8946823111525191
QM9,PDV,homo_lumo_gap,2,0.5,Grouped shifted,structure-keyed,LGBM,3200,800,1.3195234870175732,0.5,0.519227361661287,0.519227361661287,algebraic,1.0,1.0,1285,0.08375,60205,0.8476824564530447,0.8946823111525191
QM9,PDV,homo_lumo_gap,2,1.0,Gaussian,reference,LGBM,3200,800,1.3195234870175732,1.0,0.9937977712813926,0.9937977712813926,algebraic,1.0,0.0,1285,0.08375,60210,0.7449295670250071,0.8946823111525191
QM9,PDV,homo_lumo_gap,2,1.0,Grouped shifted,structure-keyed,LGBM,3200,800,1.3195234870175732,1.0,0.9679294245110469,0.9679294245110469,algebraic,1.0,1.0,1285,0.08375,60210,0.7188162270991882,0.8946823111525191
QM9,PDV,homo_lumo_gap,2,1.5,Gaussian,reference,LGBM,3200,800,1.3195234870175732,1.5,1.521833166704101,1.521833166704101,algebraic,1.0,0.0,1285,0.08375,60215,0.5395893788030783,0.8946823111525191
QM9,PDV,homo_lumo_gap,2,1.5,Grouped shifted,structure-keyed,LGBM,3200,800,1.3195234870175732,1.5,1.479698567566572,1.479698567566572,algebraic,1.0,1.0,1285,0.08375,60215,0.5021238612166485,0.8946823111525191
QM9,PDV,homo_lumo_gap,3,0.5,Gaussian,reference,LGBM,3200,800,1.2861454093472788,0.5,0.4872558433247672,0.4872558433247672,algebraic,1.0,0.0,1212,0.0865625,60305,0.8768761364994999,0.9012979977835867
QM9,PDV,homo_lumo_gap,3,0.5,Grouped shifted,structure-keyed,LGBM,3200,800,1.2861454093472788,0.5,0.4799009314648164,0.4799009314648164,algebraic,1.0,1.0,1212,0.0865625,60305,0.8570943945662516,0.9012979977835867
QM9,PDV,homo_lumo_gap,3,1.0,Gaussian,reference,LGBM,3200,800,1.2861454093472788,1.0,1.0053249315554973,1.0053249315554973,algebraic,1.0,0.0,1212,0.0865625,60310,0.7868618137960426,0.9012979977835867
QM9,PDV,homo_lumo_gap,3,1.0,Grouped shifted,structure-keyed,LGBM,3200,800,1.2861454093472788,1.0,1.0640925501828922,1.0640925501828922,algebraic,1.0,1.0,1212,0.0865625,60310,0.7343668096386393,0.9012979977835867
QM9,PDV,homo_lumo_gap,3,1.5,Gaussian,reference,LGBM,3200,800,1.2861454093472788,1.5,1.4799245418165474,1.4799245418165474,algebraic,1.0,0.0,1212,0.0865625,60315,0.6444558237089844,0.9012979977835867
QM9,PDV,homo_lumo_gap,3,1.5,Grouped shifted,structure-keyed,LGBM,3200,800,1.2861454093472788,1.5,1.4631224596518948,1.4631224596518948,algebraic,1.0,1.0,1212,0.0865625,60315,0.5015594687963341,0.9012979977835867
QM9,PDV,homo_lumo_gap,4,0.5,Gaussian,reference,LGBM,3199,801,1.3140756102057574,0.5,0.5022318925135888,0.5022318925135888,algebraic,1.0,0.0,1508,0.0315723663644889,60405,0.8844386838040956,0.9173886470651695
QM9,PDV,homo_lumo_gap,4,0.5,Grouped shifted,structure-keyed,LGBM,3199,801,1.3140756102057574,0.5,0.4882889502225018,0.4882889502225018,algebraic,1.0,1.0,1508,0.0315723663644889,60405,0.8813874931046053,0.9173886470651695
QM9,PDV,homo_lumo_gap,4,1.0,Gaussian,reference,LGBM,3199,801,1.3140756102057574,1.0,0.9978893586710067,0.9978893586710067,algebraic,1.0,0.0,1508,0.0315723663644889,60410,0.7840270095311936,0.9173886470651695
QM9,PDV,homo_lumo_gap,4,1.0,Grouped shifted,structure-keyed,LGBM,3199,801,1.3140756102057574,1.0,1.0167599935765885,1.0167599935765885,algebraic,1.0,1.0,1508,0.0315723663644889,60410,0.7255414031199612,0.9173886470651695
QM9,PDV,homo_lumo_gap,4,1.5,Gaussian,reference,LGBM,3199,801,1.3140756102057574,1.5,1.5302342323919613,1.5302342323919613,algebraic,1.0,0.0,1508,0.0315723663644889,60415,0.6112897038346237,0.9173886470651695
QM9,PDV,homo_lumo_gap,4,1.5,Grouped shifted,structure-keyed,LGBM,3199,801,1.3140756102057574,1.5,1.5041104261527836,1.5041104261527836,algebraic,1.0,1.0,1508,0.0315723663644889,60415,0.6291640586957215,0.9173886470651695
QM9,PDV,homo_lumo_gap,5,0.5,Gaussian,reference,LGBM,3200,800,1.305599787788693,0.5,0.4927677661865978,0.4927677661865978,algebraic,1.0,0.0,1218,0.0753125,60505,0.843230663478087,0.8893842125858051
QM9,PDV,homo_lumo_gap,5,0.5,Grouped shifted,structure-keyed,LGBM,3200,800,1.305599787788693,0.5,0.48104833777650413,0.48104833777650413,algebraic,1.0,1.0,1218,0.0753125,60505,0.8294989891606224,0.8893842125858051
QM9,PDV,homo_lumo_gap,5,1.0,Gaussian,reference,LGBM,3200,800,1.305599787788693,1.0,0.9903869617071732,0.9903869617071732,algebraic,1.0,0.0,1218,0.0753125,60510,0.7624240963034103,0.8893842125858051
QM9,PDV,homo_lumo_gap,5,1.0,Grouped shifted,structure-keyed,LGBM,3200,800,1.305599787788693,1.0,0.9978644638722057,0.9978644638722057,algebraic,1.0,1.0,1218,0.0753125,60510,0.6926870057337353,0.8893842125858051
QM9,PDV,homo_lumo_gap,5,1.5,Gaussian,reference,LGBM,3200,800,1.305599787788693,1.5,1.4933895556902408,1.4933895556902408,algebraic,1.0,0.0,1218,0.0753125,60515,0.5593143711738349,0.8893842125858051
QM9,PDV,homo_lumo_gap,5,1.5,Grouped shifted,structure-keyed,LGBM,3200,800,1.305599787788693,1.5,1.538832802429868,1.538832802429868,algebraic,1.0,1.0,1218,0.0753125,60515,0.5166790912414321,0.8893842125858051
QM9,PDV,homo_lumo_gap,6,0.5,Gaussian,reference,LGBM,3119,881,1.2679742149352466,0.5,0.48700183381983575,0.48700183381983575,algebraic,1.0,0.0,1284,0.08303943571657582,60605,0.8706779954159509,0.9097090405978108
QM9,PDV,homo_lumo_gap,6,0.5,Grouped shifted,structure-keyed,LGBM,3119,881,1.2679742149352466,0.5,0.48586857769097824,0.48586857769097824,algebraic,1.0,1.0,1284,0.08303943571657582,60605,0.8838397312514812,0.9097090405978108
QM9,PDV,homo_lumo_gap,6,1.0,Gaussian,reference,LGBM,3119,881,1.2679742149352466,1.0,1.0087426087758866,1.0087426087758866,algebraic,1.0,0.0,1284,0.08303943571657582,60610,0.8019636717457168,0.9097090405978108
QM9,PDV,homo_lumo_gap,6,1.0,Grouped shifted,structure-keyed,LGBM,3119,881,1.2679742149352466,1.0,1.0156922212828603,1.0156922212828603,algebraic,1.0,1.0,1284,0.08303943571657582,60610,0.7241857599785027,0.9097090405978108
QM9,PDV,homo_lumo_gap,6,1.5,Gaussian,reference,LGBM,3119,881,1.2679742149352466,1.5,1.4789144813840622,1.4789144813840622,algebraic,1.0,0.0,1284,0.08303943571657582,60615,0.6848754411458118,0.9097090405978108
QM9,PDV,homo_lumo_gap,6,1.5,Grouped shifted,structure-keyed,LGBM,3119,881,1.2679742149352466,1.5,1.4642770201986834,1.4642770201986834,algebraic,1.0,1.0,1284,0.08303943571657582,60615,0.5687404170857313,0.9097090405978108
QM9,PDV,homo_lumo_gap,7,0.5,Gaussian,reference,LGBM,3199,801,1.249293127931134,0.5,0.4997121821141412,0.4997121821141412,algebraic,1.0,0.0,1226,0.08252578930915912,60705,0.8711578639207626,0.9075074240539769
QM9,PDV,homo_lumo_gap,7,0.5,Grouped shifted,structure-keyed,LGBM,3199,801,1.249293127931134,0.5,0.46258059661063844,0.46258059661063844,algebraic,1.0,1.0,1226,0.08252578930915912,60705,0.8597356748293163,0.9075074240539769
QM9,PDV,homo_lumo_gap,7,1.0,Gaussian,reference,LGBM,3199,801,1.249293127931134,1.0,0.9898664898824145,0.9898664898824145,algebraic,1.0,0.0,1226,0.08252578930915912,60710,0.8045313482149973,0.9075074240539769
QM9,PDV,homo_lumo_gap,7,1.0,Grouped shifted,structure-keyed,LGBM,3199,801,1.249293127931134,1.0,0.9796194947460121,0.9796194947460121,algebraic,1.0,1.0,1226,0.08252578930915912,60710,0.7723576084294319,0.9075074240539769
QM9,PDV,homo_lumo_gap,7,1.5,Gaussian,reference,LGBM,3199,801,1.249293127931134,1.5,1.4960956560847396,1.4960956560847396,algebraic,1.0,0.0,1226,0.08252578930915912,60715,0.6630661036207126,0.9075074240539769
QM9,PDV,homo_lumo_gap,7,1.5,Grouped shifted,structure-keyed,LGBM,3199,801,1.249293127931134,1.5,1.5749704432115832,1.5749704432115832,algebraic,1.0,1.0,1226,0.08252578930915912,60715,0.5210386331938304,0.9075074240539769
QM9,PDV,homo_lumo_gap,8,0.5,Gaussian,reference,LGBM,3200,800,1.3098709049150197,0.5,0.49200180877207156,0.49200180877207156,algebraic,1.0,0.0,1230,0.0746875,60805,0.8480188396982722,0.8821992236275433
QM9,PDV,homo_lumo_gap,8,0.5,Grouped shifted,structure-keyed,LGBM,3200,800,1.3098709049150197,0.5,0.46671962449372817,0.46671962449372817,algebraic,1.0,1.0,1230,0.0746875,60805,0.8466371375253066,0.8821992236275433
QM9,PDV,homo_lumo_gap,8,1.0,Gaussian,reference,LGBM,3200,800,1.3098709049150197,1.0,0.9880759566837198,0.9880759566837198,algebraic,1.0,0.0,1230,0.0746875,60810,0.723378442865863,0.8821992236275433
QM9,PDV,homo_lumo_gap,8,1.0,Grouped shifted,structure-keyed,LGBM,3200,800,1.3098709049150197,1.0,0.9750426642436621,0.9750426642436621,algebraic,1.0,1.0,1230,0.0746875,60810,0.7081165477351008,0.8821992236275433
QM9,PDV,homo_lumo_gap,8,1.5,Gaussian,reference,LGBM,3200,800,1.3098709049150197,1.5,1.481768047704996,1.481768047704996,algebraic,1.0,0.0,1230,0.0746875,60815,0.5584744322010973,0.8821992236275433
QM9,PDV,homo_lumo_gap,8,1.5,Grouped shifted,structure-keyed,LGBM,3200,800,1.3098709049150197,1.5,1.4367260104331616,1.4367260104331616,algebraic,1.0,1.0,1230,0.0746875,60815,0.4383204509727263,0.8821992236275433
QM9,PDV,homo_lumo_gap,9,0.5,Gaussian,reference,LGBM,3193,807,1.3114469285960124,0.5,0.5017161436894869,0.5017161436894869,algebraic,1.0,0.0,1343,0.036642655809583466,60905,0.865487851051272,0.8921398252975156
QM9,PDV,homo_lumo_gap,9,0.5,Grouped shifted,structure-keyed,LGBM,3193,807,1.3114469285960124,0.5,0.5326741015344,0.5326741015344,algebraic,1.0,1.0,1343,0.036642655809583466,60905,0.845232071630827,0.8921398252975156
QM9,PDV,homo_lumo_gap,9,1.0,Gaussian,reference,LGBM,3193,807,1.3114469285960124,1.0,1.0081000968801237,1.0081000968801237,algebraic,1.0,0.0,1343,0.036642655809583466,60910,0.7267176714405152,0.8921398252975156
QM9,PDV,homo_lumo_gap,9,1.0,Grouped shifted,structure-keyed,LGBM,3193,807,1.3114469285960124,1.0,0.9958094266810931,0.9958094266810931,algebraic,1.0,1.0,1343,0.036642655809583466,60910,0.6913549589927779,0.8921398252975156
QM9,PDV,homo_lumo_gap,9,1.5,Gaussian,reference,LGBM,3193,807,1.3114469285960124,1.5,1.5126602822895538,1.5126602822895538,algebraic,1.0,0.0,1343,0.036642655809583466,60915,0.5900321844256435,0.8921398252975156
QM9,PDV,homo_lumo_gap,9,1.5,Grouped shifted,structure-keyed,LGBM,3193,807,1.3114469285960124,1.5,1.5602917764534026,1.5602917764534026,algebraic,1.0,1.0,1343,0.036642655809583466,60915,0.4792410933788628,0.8921398252975156
QM9,PDV,homo_lumo_gap,0,0.5,Gaussian,reference,MLP,3199,801,1.3251350930417456,0.5,0.4950962218339133,0.4950962218339133,algebraic,1.0,0.0,1305,0.08002500781494216,60005,0.8637493561734338,0.9107503897012363
QM9,PDV,homo_lumo_gap,0,0.5,Grouped shifted,structure-keyed,MLP,3199,801,1.3251350930417456,0.5,0.5664926096867223,0.5664926096867223,algebraic,1.0,1.0,1305,0.08002500781494216,60005,0.7826535779245265,0.9107503897012363
QM9,PDV,homo_lumo_gap,0,1.0,Gaussian,reference,MLP,3199,801,1.3251350930417456,1.0,1.011956199391355,1.011956199391355,algebraic,1.0,0.0,1305,0.08002500781494216,60010,0.8132806474940589,0.9107503897012363
QM9,PDV,homo_lumo_gap,0,1.0,Grouped shifted,structure-keyed,MLP,3199,801,1.3251350930417456,1.0,0.9895367864683816,0.9895367864683816,algebraic,1.0,1.0,1305,0.08002500781494216,60010,0.6486057069780682,0.9107503897012363
QM9,PDV,homo_lumo_gap,0,1.5,Gaussian,reference,MLP,3199,801,1.3251350930417456,1.5,1.4838552495257629,1.4838552495257629,algebraic,1.0,0.0,1305,0.08002500781494216,60015,0.7718139558298597,0.9107503897012363
QM9,PDV,homo_lumo_gap,0,1.5,Grouped shifted,structure-keyed,MLP,3199,801,1.3251350930417456,1.5,1.5717248229010399,1.5717248229010399,algebraic,1.0,1.0,1305,0.08002500781494216,60015,0.11958680905161478,0.9107503897012363
QM9,PDV,homo_lumo_gap,1,0.5,Gaussian,reference,MLP,3196,804,1.2841922113560549,0.5,0.5022211276693679,0.5022211276693679,algebraic,1.0,0.0,1257,0.08322903629536921,60105,0.8798237683435741,0.9212966430222846
QM9,PDV,homo_lumo_gap,1,0.5,Grouped shifted,structure-keyed,MLP,3196,804,1.2841922113560549,0.5,0.5237394567028337,0.5237394567028337,algebraic,1.0,1.0,1257,0.08322903629536921,60105,0.8390533873096613,0.9212966430222846
QM9,PDV,homo_lumo_gap,1,1.0,Gaussian,reference,MLP,3196,804,1.2841922113560549,1.0,1.0279253636835735,1.0279253636835735,algebraic,1.0,0.0,1257,0.08322903629536921,60110,0.8127959678718464,0.9212966430222846
QM9,PDV,homo_lumo_gap,1,1.0,Grouped shifted,structure-keyed,MLP,3196,804,1.2841922113560549,1.0,1.0564570757557938,1.0564570757557938,algebraic,1.0,1.0,1257,0.08322903629536921,60110,0.5912938838225361,0.9212966430222846
QM9,PDV,homo_lumo_gap,1,1.5,Gaussian,reference,MLP,3196,804,1.2841922113560549,1.5,1.5048449627922718,1.5048449627922718,algebraic,1.0,0.0,1257,0.08322903629536921,60115,0.830875801648153,0.9212966430222846
QM9,PDV,homo_lumo_gap,1,1.5,Grouped shifted,structure-keyed,MLP,3196,804,1.2841922113560549,1.5,1.599774609603136,1.599774609603136,algebraic,1.0,1.0,1257,0.08322903629536921,60115,0.18493475279901506,0.9212966430222846
QM9,PDV,homo_lumo_gap,2,0.5,Gaussian,reference,MLP,3200,800,1.3195234870175732,0.5,0.4881262133212197,0.4881262133212197,algebraic,1.0,0.0,1285,0.08375,60205,-11.751007688930649,0.16476183007960155
QM9,PDV,homo_lumo_gap,2,0.5,Grouped shifted,structure-keyed,MLP,3200,800,1.3195234870175732,0.5,0.519227361661287,0.519227361661287,algebraic,1.0,1.0,1285,0.08375,60205,0.49854630792300514,0.16476183007960155
QM9,PDV,homo_lumo_gap,2,1.0,Gaussian,reference,MLP,3200,800,1.3195234870175732,1.0,0.9937977712813926,0.9937977712813926,algebraic,1.0,0.0,1285,0.08375,60210,-15.467560790079187,0.16476183007960155
QM9,PDV,homo_lumo_gap,2,1.0,Grouped shifted,structure-keyed,MLP,3200,800,1.3195234870175732,1.0,0.9679294245110469,0.9679294245110469,algebraic,1.0,1.0,1285,0.08375,60210,-127.61176886613296,0.16476183007960155
QM9,PDV,homo_lumo_gap,2,1.5,Gaussian,reference,MLP,3200,800,1.3195234870175732,1.5,1.521833166704101,1.521833166704101,algebraic,1.0,0.0,1285,0.08375,60215,0.7881850232594553,0.16476183007960155
QM9,PDV,homo_lumo_gap,2,1.5,Grouped shifted,structure-keyed,MLP,3200,800,1.3195234870175732,1.5,1.479698567566572,1.479698567566572,algebraic,1.0,1.0,1285,0.08375,60215,-138.0702935980017,0.16476183007960155
QM9,PDV,homo_lumo_gap,3,0.5,Gaussian,reference,MLP,3200,800,1.2861454093472788,0.5,0.4872558433247672,0.4872558433247672,algebraic,1.0,0.0,1212,0.0865625,60305,0.8499154772765247,0.8775879266570851
QM9,PDV,homo_lumo_gap,3,0.5,Grouped shifted,structure-keyed,MLP,3200,800,1.2861454093472788,0.5,0.4799009314648164,0.4799009314648164,algebraic,1.0,1.0,1212,0.0865625,60305,0.8198824011892227,0.8775879266570851
QM9,PDV,homo_lumo_gap,3,1.0,Gaussian,reference,MLP,3200,800,1.2861454093472788,1.0,1.0053249315554973,1.0053249315554973,algebraic,1.0,0.0,1212,0.0865625,60310,0.7861376100879086,0.8775879266570851
QM9,PDV,homo_lumo_gap,3,1.0,Grouped shifted,structure-keyed,MLP,3200,800,1.2861454093472788,1.0,1.0640925501828922,1.0640925501828922,algebraic,1.0,1.0,1212,0.0865625,60310,0.656470755734168,0.8775879266570851
QM9,PDV,homo_lumo_gap,3,1.5,Gaussian,reference,MLP,3200,800,1.2861454093472788,1.5,1.4799245418165474,1.4799245418165474,algebraic,1.0,0.0,1212,0.0865625,60315,0.7800194001175065,0.8775879266570851
QM9,PDV,homo_lumo_gap,3,1.5,Grouped shifted,structure-keyed,MLP,3200,800,1.2861454093472788,1.5,1.4631224596518948,1.4631224596518948,algebraic,1.0,1.0,1212,0.0865625,60315,0.415534998501745,0.8775879266570851
QM9,PDV,homo_lumo_gap,4,0.5,Gaussian,reference,MLP,3199,801,1.3140756102057574,0.5,0.5022318925135888,0.5022318925135888,algebraic,1.0,0.0,1508,0.0315723663644889,60405,0.8605828441157428,0.9049973002386015
QM9,PDV,homo_lumo_gap,4,0.5,Grouped shifted,structure-keyed,MLP,3199,801,1.3140756102057574,0.5,0.4882889502225018,0.4882889502225018,algebraic,1.0,1.0,1508,0.0315723663644889,60405,0.8806316617248315,0.9049973002386015
QM9,PDV,homo_lumo_gap,4,1.0,Gaussian,reference,MLP,3199,801,1.3140756102057574,1.0,0.9978893586710067,0.9978893586710067,algebraic,1.0,0.0,1508,0.0315723663644889,60410,0.8597877189497432,0.9049973002386015
QM9,PDV,homo_lumo_gap,4,1.0,Grouped shifted,structure-keyed,MLP,3199,801,1.3140756102057574,1.0,1.0167599935765885,1.0167599935765885,algebraic,1.0,1.0,1508,0.0315723663644889,60410,0.7794376969010772,0.9049973002386015
QM9,PDV,homo_lumo_gap,4,1.5,Gaussian,reference,MLP,3199,801,1.3140756102057574,1.5,1.5302342323919613,1.5302342323919613,algebraic,1.0,0.0,1508,0.0315723663644889,60415,0.7737922172766839,0.9049973002386015
QM9,PDV,homo_lumo_gap,4,1.5,Grouped shifted,structure-keyed,MLP,3199,801,1.3140756102057574,1.5,1.5041104261527836,1.5041104261527836,algebraic,1.0,1.0,1508,0.0315723663644889,60415,0.6296719922336551,0.9049973002386015
QM9,PDV,homo_lumo_gap,5,0.5,Gaussian,reference,MLP,3200,800,1.305599787788693,0.5,0.4927677661865978,0.4927677661865978,algebraic,1.0,0.0,1218,0.0753125,60505,0.8362091477741694,0.8396207255516225
QM9,PDV,homo_lumo_gap,5,0.5,Grouped shifted,structure-keyed,MLP,3200,800,1.305599787788693,0.5,0.48104833777650413,0.48104833777650413,algebraic,1.0,1.0,1218,0.0753125,60505,0.7714812701499012,0.8396207255516225
QM9,PDV,homo_lumo_gap,5,1.0,Gaussian,reference,MLP,3200,800,1.305599787788693,1.0,0.9903869617071732,0.9903869617071732,algebraic,1.0,0.0,1218,0.0753125,60510,0.7740983193328638,0.8396207255516225
QM9,PDV,homo_lumo_gap,5,1.0,Grouped shifted,structure-keyed,MLP,3200,800,1.305599787788693,1.0,0.9978644638722057,0.9978644638722057,algebraic,1.0,1.0,1218,0.0753125,60510,0.6913963518848292,0.8396207255516225
QM9,PDV,homo_lumo_gap,5,1.5,Gaussian,reference,MLP,3200,800,1.305599787788693,1.5,1.4933895556902408,1.4933895556902408,algebraic,1.0,0.0,1218,0.0753125,60515,0.7449349963720722,0.8396207255516225
QM9,PDV,homo_lumo_gap,5,1.5,Grouped shifted,structure-keyed,MLP,3200,800,1.305599787788693,1.5,1.538832802429868,1.538832802429868,algebraic,1.0,1.0,1218,0.0753125,60515,0.2981956039023288,0.8396207255516225
QM9,PDV,homo_lumo_gap,6,0.5,Gaussian,reference,MLP,3119,881,1.2679742149352466,0.5,0.48700183381983575,0.48700183381983575,algebraic,1.0,0.0,1284,0.08303943571657582,60605,0.8734315717958328,0.9131755074533073
QM9,PDV,homo_lumo_gap,6,0.5,Grouped shifted,structure-keyed,MLP,3119,881,1.2679742149352466,0.5,0.48586857769097824,0.48586857769097824,algebraic,1.0,1.0,1284,0.08303943571657582,60605,0.8474034534387607,0.9131755074533073
QM9,PDV,homo_lumo_gap,6,1.0,Gaussian,reference,MLP,3119,881,1.2679742149352466,1.0,1.0087426087758866,1.0087426087758866,algebraic,1.0,0.0,1284,0.08303943571657582,60610,0.8380055978740285,0.9131755074533073
QM9,PDV,homo_lumo_gap,6,1.0,Grouped shifted,structure-keyed,MLP,3119,881,1.2679742149352466,1.0,1.0156922212828603,1.0156922212828603,algebraic,1.0,1.0,1284,0.08303943571657582,60610,0.7359339681782808,0.9131755074533073
QM9,PDV,homo_lumo_gap,6,1.5,Gaussian,reference,MLP,3119,881,1.2679742149352466,1.5,1.4789144813840622,1.4789144813840622,algebraic,1.0,0.0,1284,0.08303943571657582,60615,0.8050413247682152,0.9131755074533073
QM9,PDV,homo_lumo_gap,6,1.5,Grouped shifted,structure-keyed,MLP,3119,881,1.2679742149352466,1.5,1.4642770201986834,1.4642770201986834,algebraic,1.0,1.0,1284,0.08303943571657582,60615,0.5264346848954106,0.9131755074533073
QM9,PDV,homo_lumo_gap,7,0.5,Gaussian,reference,MLP,3199,801,1.249293127931134,0.5,0.4997121821141412,0.4997121821141412,algebraic,1.0,0.0,1226,0.08252578930915912,60705,0.830911583934457,0.8993966535926476
QM9,PDV,homo_lumo_gap,7,0.5,Grouped shifted,structure-keyed,MLP,3199,801,1.249293127931134,0.5,0.46258059661063844,0.46258059661063844,algebraic,1.0,1.0,1226,0.08252578930915912,60705,0.8584218746901464,0.8993966535926476
QM9,PDV,homo_lumo_gap,7,1.0,Gaussian,reference,MLP,3199,801,1.249293127931134,1.0,0.9898664898824145,0.9898664898824145,algebraic,1.0,0.0,1226,0.08252578930915912,60710,0.7775351126821934,0.8993966535926476
QM9,PDV,homo_lumo_gap,7,1.0,Grouped shifted,structure-keyed,MLP,3199,801,1.249293127931134,1.0,0.9796194947460121,0.9796194947460121,algebraic,1.0,1.0,1226,0.08252578930915912,60710,0.6942244545779763,0.8993966535926476
QM9,PDV,homo_lumo_gap,7,1.5,Gaussian,reference,MLP,3199,801,1.249293127931134,1.5,1.4960956560847396,1.4960956560847396,algebraic,1.0,0.0,1226,0.08252578930915912,60715,0.708358805456536,0.8993966535926476
QM9,PDV,homo_lumo_gap,7,1.5,Grouped shifted,structure-keyed,MLP,3199,801,1.249293127931134,1.5,1.5749704432115832,1.5749704432115832,algebraic,1.0,1.0,1226,0.08252578930915912,60715,0.1670265244340866,0.8993966535926476
QM9,PDV,homo_lumo_gap,8,0.5,Gaussian,reference,MLP,3200,800,1.3098709049150197,0.5,0.49200180877207156,0.49200180877207156,algebraic,1.0,0.0,1230,0.0746875,60805,0.8540130008986997,0.884936082759316
QM9,PDV,homo_lumo_gap,8,0.5,Grouped shifted,structure-keyed,MLP,3200,800,1.3098709049150197,0.5,0.46671962449372817,0.46671962449372817,algebraic,1.0,1.0,1230,0.0746875,60805,0.8345085502712352,0.884936082759316
QM9,PDV,homo_lumo_gap,8,1.0,Gaussian,reference,MLP,3200,800,1.3098709049150197,1.0,0.9880759566837198,0.9880759566837198,algebraic,1.0,0.0,1230,0.0746875,60810,0.7878348037052447,0.884936082759316
QM9,PDV,homo_lumo_gap,8,1.0,Grouped shifted,structure-keyed,MLP,3200,800,1.3098709049150197,1.0,0.9750426642436621,0.9750426642436621,algebraic,1.0,1.0,1230,0.0746875,60810,0.7230372491703998,0.884936082759316
QM9,PDV,homo_lumo_gap,8,1.5,Gaussian,reference,MLP,3200,800,1.3098709049150197,1.5,1.481768047704996,1.481768047704996,algebraic,1.0,0.0,1230,0.0746875,60815,0.6863272821156108,0.884936082759316
QM9,PDV,homo_lumo_gap,8,1.5,Grouped shifted,structure-keyed,MLP,3200,800,1.3098709049150197,1.5,1.4367260104331616,1.4367260104331616,algebraic,1.0,1.0,1230,0.0746875,60815,0.4071827924127821,0.884936082759316
QM9,PDV,homo_lumo_gap,9,0.5,Gaussian,reference,MLP,3193,807,1.3114469285960124,0.5,0.5017161436894869,0.5017161436894869,algebraic,1.0,0.0,1343,0.036642655809583466,60905,0.8538611564725661,0.9015284348458693
QM9,PDV,homo_lumo_gap,9,0.5,Grouped shifted,structure-keyed,MLP,3193,807,1.3114469285960124,0.5,0.5326741015344,0.5326741015344,algebraic,1.0,1.0,1343,0.036642655809583466,60905,0.8249902231908709,0.9015284348458693
QM9,PDV,homo_lumo_gap,9,1.0,Gaussian,reference,MLP,3193,807,1.3114469285960124,1.0,1.0081000968801237,1.0081000968801237,algebraic,1.0,0.0,1343,0.036642655809583466,60910,0.7910052066258147,0.9015284348458693
QM9,PDV,homo_lumo_gap,9,1.0,Grouped shifted,structure-keyed,MLP,3193,807,1.3114469285960124,1.0,0.9958094266810931,0.9958094266810931,algebraic,1.0,1.0,1343,0.036642655809583466,60910,0.6629205627911179,0.9015284348458693
QM9,PDV,homo_lumo_gap,9,1.5,Gaussian,reference,MLP,3193,807,1.3114469285960124,1.5,1.5126602822895538,1.5126602822895538,algebraic,1.0,0.0,1343,0.036642655809583466,60915,0.7232061814249601,0.9015284348458693
QM9,PDV,homo_lumo_gap,9,1.5,Grouped shifted,structure-keyed,MLP,3193,807,1.3114469285960124,1.5,1.5602917764534026,1.5602917764534026,algebraic,1.0,1.0,1343,0.036642655809583466,60915,0.3974768870848121,0.9015284348458693
QM9,PDV,homo_lumo_gap,0,0.5,Gaussian,reference,NGBoost,3199,801,1.3251350930417456,0.5,0.4950962218339133,0.4950962218339133,algebraic,1.0,0.0,1305,0.08002500781494216,60005,0.8598319991225853,0.8707690364642262
QM9,PDV,homo_lumo_gap,0,0.5,Grouped shifted,structure-keyed,NGBoost,3199,801,1.3251350930417456,0.5,0.5664926096867223,0.5664926096867223,algebraic,1.0,1.0,1305,0.08002500781494216,60005,0.8157892518581591,0.8707690364642262
QM9,PDV,homo_lumo_gap,0,1.0,Gaussian,reference,NGBoost,3199,801,1.3251350930417456,1.0,1.011956199391355,1.011956199391355,algebraic,1.0,0.0,1305,0.08002500781494216,60010,0.8358825465702662,0.8707690364642262
QM9,PDV,homo_lumo_gap,0,1.0,Grouped shifted,structure-keyed,NGBoost,3199,801,1.3251350930417456,1.0,0.9895367864683816,0.9895367864683816,algebraic,1.0,1.0,1305,0.08002500781494216,60010,0.8132438175764232,0.8707690364642262
QM9,PDV,homo_lumo_gap,0,1.5,Gaussian,reference,NGBoost,3199,801,1.3251350930417456,1.5,1.4838552495257629,1.4838552495257629,algebraic,1.0,0.0,1305,0.08002500781494216,60015,0.8066984470938534,0.8707690364642262
QM9,PDV,homo_lumo_gap,0,1.5,Grouped shifted,structure-keyed,NGBoost,3199,801,1.3251350930417456,1.5,1.5717248229010399,1.5717248229010399,algebraic,1.0,1.0,1305,0.08002500781494216,60015,0.6510642683163377,0.8707690364642262
QM9,PDV,homo_lumo_gap,1,0.5,Gaussian,reference,NGBoost,3196,804,1.2841922113560549,0.5,0.5022211276693679,0.5022211276693679,algebraic,1.0,0.0,1257,0.08322903629536921,60105,0.8760655563641752,0.8868985230616901
QM9,PDV,homo_lumo_gap,1,0.5,Grouped shifted,structure-keyed,NGBoost,3196,804,1.2841922113560549,0.5,0.5237394567028337,0.5237394567028337,algebraic,1.0,1.0,1257,0.08322903629536921,60105,0.8642576164718345,0.8868985230616901
QM9,PDV,homo_lumo_gap,1,1.0,Gaussian,reference,NGBoost,3196,804,1.2841922113560549,1.0,1.0279253636835735,1.0279253636835735,algebraic,1.0,0.0,1257,0.08322903629536921,60110,0.8539791117170916,0.8868985230616901
QM9,PDV,homo_lumo_gap,1,1.0,Grouped shifted,structure-keyed,NGBoost,3196,804,1.2841922113560549,1.0,1.0564570757557938,1.0564570757557938,algebraic,1.0,1.0,1257,0.08322903629536921,60110,0.8347000721693584,0.8868985230616901
QM9,PDV,homo_lumo_gap,1,1.5,Gaussian,reference,NGBoost,3196,804,1.2841922113560549,1.5,1.5048449627922718,1.5048449627922718,algebraic,1.0,0.0,1257,0.08322903629536921,60115,0.8283945499988217,0.8868985230616901
QM9,PDV,homo_lumo_gap,1,1.5,Grouped shifted,structure-keyed,NGBoost,3196,804,1.2841922113560549,1.5,1.599774609603136,1.599774609603136,algebraic,1.0,1.0,1257,0.08322903629536921,60115,0.7363566524854207,0.8868985230616901
QM9,PDV,homo_lumo_gap,2,0.5,Gaussian,reference,NGBoost,3200,800,1.3195234870175732,0.5,0.4881262133212197,0.4881262133212197,algebraic,1.0,0.0,1285,0.08375,60205,0.8433903257969817,0.8604077439803587
QM9,PDV,homo_lumo_gap,2,0.5,Grouped shifted,structure-keyed,NGBoost,3200,800,1.3195234870175732,0.5,0.519227361661287,0.519227361661287,algebraic,1.0,1.0,1285,0.08375,60205,0.8541128049063857,0.8604077439803587
QM9,PDV,homo_lumo_gap,2,1.0,Gaussian,reference,NGBoost,3200,800,1.3195234870175732,1.0,0.9937977712813926,0.9937977712813926,algebraic,1.0,0.0,1285,0.08375,60210,0.8219058081090671,0.8604077439803587
QM9,PDV,homo_lumo_gap,2,1.0,Grouped shifted,structure-keyed,NGBoost,3200,800,1.3195234870175732,1.0,0.9679294245110469,0.9679294245110469,algebraic,1.0,1.0,1285,0.08375,60210,0.7727244385276495,0.8604077439803587
QM9,PDV,homo_lumo_gap,2,1.5,Gaussian,reference,NGBoost,3200,800,1.3195234870175732,1.5,1.521833166704101,1.521833166704101,algebraic,1.0,0.0,1285,0.08375,60215,0.7912446125504627,0.8604077439803587
QM9,PDV,homo_lumo_gap,2,1.5,Grouped shifted,structure-keyed,NGBoost,3200,800,1.3195234870175732,1.5,1.479698567566572,1.479698567566572,algebraic,1.0,1.0,1285,0.08375,60215,0.6959697044920423,0.8604077439803587
QM9,PDV,homo_lumo_gap,3,0.5,Gaussian,reference,NGBoost,3200,800,1.2861454093472788,0.5,0.4872558433247672,0.4872558433247672,algebraic,1.0,0.0,1212,0.0865625,60305,0.859875780559402,0.8694281430377727
QM9,PDV,homo_lumo_gap,3,0.5,Grouped shifted,structure-keyed,NGBoost,3200,800,1.2861454093472788,0.5,0.4799009314648164,0.4799009314648164,algebraic,1.0,1.0,1212,0.0865625,60305,0.8528314000851094,0.8694281430377727
QM9,PDV,homo_lumo_gap,3,1.0,Gaussian,reference,NGBoost,3200,800,1.2861454093472788,1.0,1.0053249315554973,1.0053249315554973,algebraic,1.0,0.0,1212,0.0865625,60310,0.8361526008980826,0.8694281430377727
QM9,PDV,homo_lumo_gap,3,1.0,Grouped shifted,structure-keyed,NGBoost,3200,800,1.2861454093472788,1.0,1.0640925501828922,1.0640925501828922,algebraic,1.0,1.0,1212,0.0865625,60310,0.81213502399116,0.8694281430377727
QM9,PDV,homo_lumo_gap,3,1.5,Gaussian,reference,NGBoost,3200,800,1.2861454093472788,1.5,1.4799245418165474,1.4799245418165474,algebraic,1.0,0.0,1212,0.0865625,60315,0.7877267038820657,0.8694281430377727
QM9,PDV,homo_lumo_gap,3,1.5,Grouped shifted,structure-keyed,NGBoost,3200,800,1.2861454093472788,1.5,1.4631224596518948,1.4631224596518948,algebraic,1.0,1.0,1212,0.0865625,60315,0.6706663093759684,0.8694281430377727
QM9,PDV,homo_lumo_gap,4,0.5,Gaussian,reference,NGBoost,3199,801,1.3140756102057574,0.5,0.5022318925135888,0.5022318925135888,algebraic,1.0,0.0,1508,0.0315723663644889,60405,0.8778304436677039,0.8924736789720503
QM9,PDV,homo_lumo_gap,4,0.5,Grouped shifted,structure-keyed,NGBoost,3199,801,1.3140756102057574,0.5,0.4882889502225018,0.4882889502225018,algebraic,1.0,1.0,1508,0.0315723663644889,60405,0.8757751608034084,0.8924736789720503
QM9,PDV,homo_lumo_gap,4,1.0,Gaussian,reference,NGBoost,3199,801,1.3140756102057574,1.0,0.9978893586710067,0.9978893586710067,algebraic,1.0,0.0,1508,0.0315723663644889,60410,0.8509164210391754,0.8924736789720503
QM9,PDV,homo_lumo_gap,4,1.0,Grouped shifted,structure-keyed,NGBoost,3199,801,1.3140756102057574,1.0,1.0167599935765885,1.0167599935765885,algebraic,1.0,1.0,1508,0.0315723663644889,60410,0.8287028366825133,0.8924736789720503
QM9,PDV,homo_lumo_gap,4,1.5,Gaussian,reference,NGBoost,3199,801,1.3140756102057574,1.5,1.5302342323919613,1.5302342323919613,algebraic,1.0,0.0,1508,0.0315723663644889,60415,0.797896410889984,0.8924736789720503
QM9,PDV,homo_lumo_gap,4,1.5,Grouped shifted,structure-keyed,NGBoost,3199,801,1.3140756102057574,1.5,1.5041104261527836,1.5041104261527836,algebraic,1.0,1.0,1508,0.0315723663644889,60415,0.771585878780581,0.8924736789720503
QM9,PDV,homo_lumo_gap,5,0.5,Gaussian,reference,NGBoost,3200,800,1.305599787788693,0.5,0.4927677661865978,0.4927677661865978,algebraic,1.0,0.0,1218,0.0753125,60505,0.8294811568469389,0.8471443363660566
QM9,PDV,homo_lumo_gap,5,0.5,Grouped shifted,structure-keyed,NGBoost,3200,800,1.305599787788693,0.5,0.48104833777650413,0.48104833777650413,algebraic,1.0,1.0,1218,0.0753125,60505,0.8116878947119472,0.8471443363660566
QM9,PDV,homo_lumo_gap,5,1.0,Gaussian,reference,NGBoost,3200,800,1.305599787788693,1.0,0.9903869617071732,0.9903869617071732,algebraic,1.0,0.0,1218,0.0753125,60510,0.8124978545142091,0.8471443363660566
QM9,PDV,homo_lumo_gap,5,1.0,Grouped shifted,structure-keyed,NGBoost,3200,800,1.305599787788693,1.0,0.9978644638722057,0.9978644638722057,algebraic,1.0,1.0,1218,0.0753125,60510,0.7615952399997704,0.8471443363660566
QM9,PDV,homo_lumo_gap,5,1.5,Gaussian,reference,NGBoost,3200,800,1.305599787788693,1.5,1.4933895556902408,1.4933895556902408,algebraic,1.0,0.0,1218,0.0753125,60515,0.7673371107871181,0.8471443363660566
QM9,PDV,homo_lumo_gap,5,1.5,Grouped shifted,structure-keyed,NGBoost,3200,800,1.305599787788693,1.5,1.538832802429868,1.538832802429868,algebraic,1.0,1.0,1218,0.0753125,60515,0.6467525034367885,0.8471443363660566
QM9,PDV,homo_lumo_gap,6,0.5,Gaussian,reference,NGBoost,3119,881,1.2679742149352466,0.5,0.48700183381983575,0.48700183381983575,algebraic,1.0,0.0,1284,0.08303943571657582,60605,0.866632828511555,0.8834715836093342
QM9,PDV,homo_lumo_gap,6,0.5,Grouped shifted,structure-keyed,NGBoost,3119,881,1.2679742149352466,0.5,0.48586857769097824,0.48586857769097824,algebraic,1.0,1.0,1284,0.08303943571657582,60605,0.8633130530377575,0.8834715836093342
QM9,PDV,homo_lumo_gap,6,1.0,Gaussian,reference,NGBoost,3119,881,1.2679742149352466,1.0,1.0087426087758866,1.0087426087758866,algebraic,1.0,0.0,1284,0.08303943571657582,60610,0.8420168475440483,0.8834715836093342
QM9,PDV,homo_lumo_gap,6,1.0,Grouped shifted,structure-keyed,NGBoost,3119,881,1.2679742149352466,1.0,1.0156922212828603,1.0156922212828603,algebraic,1.0,1.0,1284,0.08303943571657582,60610,0.7840368714414894,0.8834715836093342
QM9,PDV,homo_lumo_gap,6,1.5,Gaussian,reference,NGBoost,3119,881,1.2679742149352466,1.5,1.4789144813840622,1.4789144813840622,algebraic,1.0,0.0,1284,0.08303943571657582,60615,0.8105814441998951,0.8834715836093342
QM9,PDV,homo_lumo_gap,6,1.5,Grouped shifted,structure-keyed,NGBoost,3119,881,1.2679742149352466,1.5,1.4642770201986834,1.4642770201986834,algebraic,1.0,1.0,1284,0.08303943571657582,60615,0.7829397125008425,0.8834715836093342
QM9,PDV,homo_lumo_gap,7,0.5,Gaussian,reference,NGBoost,3199,801,1.249293127931134,0.5,0.4997121821141412,0.4997121821141412,algebraic,1.0,0.0,1226,0.08252578930915912,60705,0.8532672954914229,0.8763046749638135
QM9,PDV,homo_lumo_gap,7,0.5,Grouped shifted,structure-keyed,NGBoost,3199,801,1.249293127931134,0.5,0.46258059661063844,0.46258059661063844,algebraic,1.0,1.0,1226,0.08252578930915912,60705,0.8573635057699378,0.8763046749638135
QM9,PDV,homo_lumo_gap,7,1.0,Gaussian,reference,NGBoost,3199,801,1.249293127931134,1.0,0.9898664898824145,0.9898664898824145,algebraic,1.0,0.0,1226,0.08252578930915912,60710,0.837209138944243,0.8763046749638135
QM9,PDV,homo_lumo_gap,7,1.0,Grouped shifted,structure-keyed,NGBoost,3199,801,1.249293127931134,1.0,0.9796194947460121,0.9796194947460121,algebraic,1.0,1.0,1226,0.08252578930915912,60710,0.7942412978972893,0.8763046749638135
QM9,PDV,homo_lumo_gap,7,1.5,Gaussian,reference,NGBoost,3199,801,1.249293127931134,1.5,1.4960956560847396,1.4960956560847396,algebraic,1.0,0.0,1226,0.08252578930915912,60715,0.8120910542472846,0.8763046749638135
QM9,PDV,homo_lumo_gap,7,1.5,Grouped shifted,structure-keyed,NGBoost,3199,801,1.249293127931134,1.5,1.5749704432115832,1.5749704432115832,algebraic,1.0,1.0,1226,0.08252578930915912,60715,0.6614031268751739,0.8763046749638135
QM9,PDV,homo_lumo_gap,8,0.5,Gaussian,reference,NGBoost,3200,800,1.3098709049150197,0.5,0.49200180877207156,0.49200180877207156,algebraic,1.0,0.0,1230,0.0746875,60805,0.8382468010686783,0.8458387903090978
QM9,PDV,homo_lumo_gap,8,0.5,Grouped shifted,structure-keyed,NGBoost,3200,800,1.3098709049150197,0.5,0.46671962449372817,0.46671962449372817,algebraic,1.0,1.0,1230,0.0746875,60805,0.834283730464002,0.8458387903090978
QM9,PDV,homo_lumo_gap,8,1.0,Gaussian,reference,NGBoost,3200,800,1.3098709049150197,1.0,0.9880759566837198,0.9880759566837198,algebraic,1.0,0.0,1230,0.0746875,60810,0.7987272779496886,0.8458387903090978
QM9,PDV,homo_lumo_gap,8,1.0,Grouped shifted,structure-keyed,NGBoost,3200,800,1.3098709049150197,1.0,0.9750426642436621,0.9750426642436621,algebraic,1.0,1.0,1230,0.0746875,60810,0.7730737487984136,0.8458387903090978
QM9,PDV,homo_lumo_gap,8,1.5,Gaussian,reference,NGBoost,3200,800,1.3098709049150197,1.5,1.481768047704996,1.481768047704996,algebraic,1.0,0.0,1230,0.0746875,60815,0.7510473041065893,0.8458387903090978
QM9,PDV,homo_lumo_gap,8,1.5,Grouped shifted,structure-keyed,NGBoost,3200,800,1.3098709049150197,1.5,1.4367260104331616,1.4367260104331616,algebraic,1.0,1.0,1230,0.0746875,60815,0.669794608686725,0.8458387903090978
QM9,PDV,homo_lumo_gap,9,0.5,Gaussian,reference,NGBoost,3193,807,1.3114469285960124,0.5,0.5017161436894869,0.5017161436894869,algebraic,1.0,0.0,1343,0.036642655809583466,60905,0.8459009679611063,0.858709942196776
QM9,PDV,homo_lumo_gap,9,0.5,Grouped shifted,structure-keyed,NGBoost,3193,807,1.3114469285960124,0.5,0.5326741015344,0.5326741015344,algebraic,1.0,1.0,1343,0.036642655809583466,60905,0.8326008228818516,0.858709942196776
QM9,PDV,homo_lumo_gap,9,1.0,Gaussian,reference,NGBoost,3193,807,1.3114469285960124,1.0,1.0081000968801237,1.0081000968801237,algebraic,1.0,0.0,1343,0.036642655809583466,60910,0.8195886744567882,0.858709942196776
QM9,PDV,homo_lumo_gap,9,1.0,Grouped shifted,structure-keyed,NGBoost,3193,807,1.3114469285960124,1.0,0.9958094266810931,0.9958094266810931,algebraic,1.0,1.0,1343,0.036642655809583466,60910,0.7533619700011375,0.858709942196776
QM9,PDV,homo_lumo_gap,9,1.5,Gaussian,reference,NGBoost,3193,807,1.3114469285960124,1.5,1.5126602822895538,1.5126602822895538,algebraic,1.0,0.0,1343,0.036642655809583466,60915,0.7879470307204983,0.858709942196776
QM9,PDV,homo_lumo_gap,9,1.5,Grouped shifted,structure-keyed,NGBoost,3193,807,1.3114469285960124,1.5,1.5602917764534026,1.5602917764534026,algebraic,1.0,1.0,1343,0.036642655809583466,60915,0.7454530726197006,0.858709942196776
QM9,PDV,homo_lumo_gap,0,0.5,Gaussian,reference,RF,3199,801,1.3251350930417456,0.5,0.4950962218339133,0.4950962218339133,algebraic,1.0,0.0,1305,0.08002500781494216,60005,0.8704452516742938,0.8982989126708713
QM9,PDV,homo_lumo_gap,0,0.5,Grouped shifted,structure-keyed,RF,3199,801,1.3251350930417456,0.5,0.5664926096867223,0.5664926096867223,algebraic,1.0,1.0,1305,0.08002500781494216,60005,0.8164333345753582,0.8982989126708713
QM9,PDV,homo_lumo_gap,0,1.0,Gaussian,reference,RF,3199,801,1.3251350930417456,1.0,1.011956199391355,1.011956199391355,algebraic,1.0,0.0,1305,0.08002500781494216,60010,0.7912185680760462,0.8982989126708713
QM9,PDV,homo_lumo_gap,0,1.0,Grouped shifted,structure-keyed,RF,3199,801,1.3251350930417456,1.0,0.9895367864683816,0.9895367864683816,algebraic,1.0,1.0,1305,0.08002500781494216,60010,0.7651495411501195,0.8982989126708713
QM9,PDV,homo_lumo_gap,0,1.5,Gaussian,reference,RF,3199,801,1.3251350930417456,1.5,1.4838552495257629,1.4838552495257629,algebraic,1.0,0.0,1305,0.08002500781494216,60015,0.6811390063819076,0.8982989126708713
QM9,PDV,homo_lumo_gap,0,1.5,Grouped shifted,structure-keyed,RF,3199,801,1.3251350930417456,1.5,1.5717248229010399,1.5717248229010399,algebraic,1.0,1.0,1305,0.08002500781494216,60015,0.49164736232995276,0.8982989126708713
QM9,PDV,homo_lumo_gap,1,0.5,Gaussian,reference,RF,3196,804,1.2841922113560549,0.5,0.5022211276693679,0.5022211276693679,algebraic,1.0,0.0,1257,0.08322903629536921,60105,0.8841462285700725,0.8979553045789077
QM9,PDV,homo_lumo_gap,1,0.5,Grouped shifted,structure-keyed,RF,3196,804,1.2841922113560549,0.5,0.5237394567028337,0.5237394567028337,algebraic,1.0,1.0,1257,0.08322903629536921,60105,0.8619229182555825,0.8979553045789077
QM9,PDV,homo_lumo_gap,1,1.0,Gaussian,reference,RF,3196,804,1.2841922113560549,1.0,1.0279253636835735,1.0279253636835735,algebraic,1.0,0.0,1257,0.08322903629536921,60110,0.8062054212331551,0.8979553045789077
QM9,PDV,homo_lumo_gap,1,1.0,Grouped shifted,structure-keyed,RF,3196,804,1.2841922113560549,1.0,1.0564570757557938,1.0564570757557938,algebraic,1.0,1.0,1257,0.08322903629536921,60110,0.8008336465619966,0.8979553045789077
QM9,PDV,homo_lumo_gap,1,1.5,Gaussian,reference,RF,3196,804,1.2841922113560549,1.5,1.5048449627922718,1.5048449627922718,algebraic,1.0,0.0,1257,0.08322903629536921,60115,0.7329283257302716,0.8979553045789077
QM9,PDV,homo_lumo_gap,1,1.5,Grouped shifted,structure-keyed,RF,3196,804,1.2841922113560549,1.5,1.599774609603136,1.599774609603136,algebraic,1.0,1.0,1257,0.08322903629536921,60115,0.5357132214055029,0.8979553045789077
QM9,PDV,homo_lumo_gap,2,0.5,Gaussian,reference,RF,3200,800,1.3195234870175732,0.5,0.4881262133212197,0.4881262133212197,algebraic,1.0,0.0,1285,0.08375,60205,0.8554762401534322,0.8858197448878192
QM9,PDV,homo_lumo_gap,2,0.5,Grouped shifted,structure-keyed,RF,3200,800,1.3195234870175732,0.5,0.519227361661287,0.519227361661287,algebraic,1.0,1.0,1285,0.08375,60205,0.8680677176318912,0.8858197448878192
QM9,PDV,homo_lumo_gap,2,1.0,Gaussian,reference,RF,3200,800,1.3195234870175732,1.0,0.9937977712813926,0.9937977712813926,algebraic,1.0,0.0,1285,0.08375,60210,0.7840955533380959,0.8858197448878192
QM9,PDV,homo_lumo_gap,2,1.0,Grouped shifted,structure-keyed,RF,3200,800,1.3195234870175732,1.0,0.9679294245110469,0.9679294245110469,algebraic,1.0,1.0,1285,0.08375,60210,0.7355553047310697,0.8858197448878192
QM9,PDV,homo_lumo_gap,2,1.5,Gaussian,reference,RF,3200,800,1.3195234870175732,1.5,1.521833166704101,1.521833166704101,algebraic,1.0,0.0,1285,0.08375,60215,0.6928976262363574,0.8858197448878192
QM9,PDV,homo_lumo_gap,2,1.5,Grouped shifted,structure-keyed,RF,3200,800,1.3195234870175732,1.5,1.479698567566572,1.479698567566572,algebraic,1.0,1.0,1285,0.08375,60215,0.5876078656087722,0.8858197448878192
QM9,PDV,homo_lumo_gap,3,0.5,Gaussian,reference,RF,3200,800,1.2861454093472788,0.5,0.4872558433247672,0.4872558433247672,algebraic,1.0,0.0,1212,0.0865625,60305,0.8638575755609643,0.8756137515192669
QM9,PDV,homo_lumo_gap,3,0.5,Grouped shifted,structure-keyed,RF,3200,800,1.2861454093472788,0.5,0.4799009314648164,0.4799009314648164,algebraic,1.0,1.0,1212,0.0865625,60305,0.8569449221703096,0.8756137515192669
QM9,PDV,homo_lumo_gap,3,1.0,Gaussian,reference,RF,3200,800,1.2861454093472788,1.0,1.0053249315554973,1.0053249315554973,algebraic,1.0,0.0,1212,0.0865625,60310,0.7984388811604733,0.8756137515192669
QM9,PDV,homo_lumo_gap,3,1.0,Grouped shifted,structure-keyed,RF,3200,800,1.2861454093472788,1.0,1.0640925501828922,1.0640925501828922,algebraic,1.0,1.0,1212,0.0865625,60310,0.766882245307801,0.8756137515192669
QM9,PDV,homo_lumo_gap,3,1.5,Gaussian,reference,RF,3200,800,1.2861454093472788,1.5,1.4799245418165474,1.4799245418165474,algebraic,1.0,0.0,1212,0.0865625,60315,0.717241483569838,0.8756137515192669
QM9,PDV,homo_lumo_gap,3,1.5,Grouped shifted,structure-keyed,RF,3200,800,1.2861454093472788,1.5,1.4631224596518948,1.4631224596518948,algebraic,1.0,1.0,1212,0.0865625,60315,0.5946649209378175,0.8756137515192669
QM9,PDV,homo_lumo_gap,4,0.5,Gaussian,reference,RF,3199,801,1.3140756102057574,0.5,0.5022318925135888,0.5022318925135888,algebraic,1.0,0.0,1508,0.0315723663644889,60405,0.8877036323676214,0.9197238407785304
QM9,PDV,homo_lumo_gap,4,0.5,Grouped shifted,structure-keyed,RF,3199,801,1.3140756102057574,0.5,0.4882889502225018,0.4882889502225018,algebraic,1.0,1.0,1508,0.0315723663644889,60405,0.8829391468601994,0.9197238407785304
QM9,PDV,homo_lumo_gap,4,1.0,Gaussian,reference,RF,3199,801,1.3140756102057574,1.0,0.9978893586710067,0.9978893586710067,algebraic,1.0,0.0,1508,0.0315723663644889,60410,0.8158252016773562,0.9197238407785304
QM9,PDV,homo_lumo_gap,4,1.0,Grouped shifted,structure-keyed,RF,3199,801,1.3140756102057574,1.0,1.0167599935765885,1.0167599935765885,algebraic,1.0,1.0,1508,0.0315723663644889,60410,0.771770655588127,0.9197238407785304
QM9,PDV,homo_lumo_gap,4,1.5,Gaussian,reference,RF,3199,801,1.3140756102057574,1.5,1.5302342323919613,1.5302342323919613,algebraic,1.0,0.0,1508,0.0315723663644889,60415,0.6766917313454812,0.9197238407785304
QM9,PDV,homo_lumo_gap,4,1.5,Grouped shifted,structure-keyed,RF,3199,801,1.3140756102057574,1.5,1.5041104261527836,1.5041104261527836,algebraic,1.0,1.0,1508,0.0315723663644889,60415,0.7225871776740564,0.9197238407785304
QM9,PDV,homo_lumo_gap,5,0.5,Gaussian,reference,RF,3200,800,1.305599787788693,0.5,0.4927677661865978,0.4927677661865978,algebraic,1.0,0.0,1218,0.0753125,60505,0.836012394464912,0.8618276824664454
QM9,PDV,homo_lumo_gap,5,0.5,Grouped shifted,structure-keyed,RF,3200,800,1.305599787788693,0.5,0.48104833777650413,0.48104833777650413,algebraic,1.0,1.0,1218,0.0753125,60505,0.8239088658922955,0.8618276824664454
QM9,PDV,homo_lumo_gap,5,1.0,Gaussian,reference,RF,3200,800,1.305599787788693,1.0,0.9903869617071732,0.9903869617071732,algebraic,1.0,0.0,1218,0.0753125,60510,0.7509833321042013,0.8618276824664454
QM9,PDV,homo_lumo_gap,5,1.0,Grouped shifted,structure-keyed,RF,3200,800,1.305599787788693,1.0,0.9978644638722057,0.9978644638722057,algebraic,1.0,1.0,1218,0.0753125,60510,0.7436970461468613,0.8618276824664454
QM9,PDV,homo_lumo_gap,5,1.5,Gaussian,reference,RF,3200,800,1.305599787788693,1.5,1.4933895556902408,1.4933895556902408,algebraic,1.0,0.0,1218,0.0753125,60515,0.6504132732613205,0.8618276824664454
QM9,PDV,homo_lumo_gap,5,1.5,Grouped shifted,structure-keyed,RF,3200,800,1.305599787788693,1.5,1.538832802429868,1.538832802429868,algebraic,1.0,1.0,1218,0.0753125,60515,0.5794046400495668,0.8618276824664454
QM9,PDV,homo_lumo_gap,6,0.5,Gaussian,reference,RF,3119,881,1.2679742149352466,0.5,0.48700183381983575,0.48700183381983575,algebraic,1.0,0.0,1284,0.08303943571657582,60605,0.8728728111309823,0.90069803215622
QM9,PDV,homo_lumo_gap,6,0.5,Grouped shifted,structure-keyed,RF,3119,881,1.2679742149352466,0.5,0.48586857769097824,0.48586857769097824,algebraic,1.0,1.0,1284,0.08303943571657582,60605,0.8808382847938423,0.90069803215622
QM9,PDV,homo_lumo_gap,6,1.0,Gaussian,reference,RF,3119,881,1.2679742149352466,1.0,1.0087426087758866,1.0087426087758866,algebraic,1.0,0.0,1284,0.08303943571657582,60610,0.8124184993645139,0.90069803215622
QM9,PDV,homo_lumo_gap,6,1.0,Grouped shifted,structure-keyed,RF,3119,881,1.2679742149352466,1.0,1.0156922212828603,1.0156922212828603,algebraic,1.0,1.0,1284,0.08303943571657582,60610,0.7435052379854455,0.90069803215622
QM9,PDV,homo_lumo_gap,6,1.5,Gaussian,reference,RF,3119,881,1.2679742149352466,1.5,1.4789144813840622,1.4789144813840622,algebraic,1.0,0.0,1284,0.08303943571657582,60615,0.726617059644591,0.90069803215622
QM9,PDV,homo_lumo_gap,6,1.5,Grouped shifted,structure-keyed,RF,3119,881,1.2679742149352466,1.5,1.4642770201986834,1.4642770201986834,algebraic,1.0,1.0,1284,0.08303943571657582,60615,0.6911666616407877,0.90069803215622
QM9,PDV,homo_lumo_gap,7,0.5,Gaussian,reference,RF,3199,801,1.249293127931134,0.5,0.4997121821141412,0.4997121821141412,algebraic,1.0,0.0,1226,0.08252578930915912,60705,0.866039294668618,0.8949887543160362
QM9,PDV,homo_lumo_gap,7,0.5,Grouped shifted,structure-keyed,RF,3199,801,1.249293127931134,0.5,0.46258059661063844,0.46258059661063844,algebraic,1.0,1.0,1226,0.08252578930915912,60705,0.8634515226384557,0.8949887543160362
QM9,PDV,homo_lumo_gap,7,1.0,Gaussian,reference,RF,3199,801,1.249293127931134,1.0,0.9898664898824145,0.9898664898824145,algebraic,1.0,0.0,1226,0.08252578930915912,60710,0.8218071606467803,0.8949887543160362
QM9,PDV,homo_lumo_gap,7,1.0,Grouped shifted,structure-keyed,RF,3199,801,1.249293127931134,1.0,0.9796194947460121,0.9796194947460121,algebraic,1.0,1.0,1226,0.08252578930915912,60710,0.7976569610334723,0.8949887543160362
QM9,PDV,homo_lumo_gap,7,1.5,Gaussian,reference,RF,3199,801,1.249293127931134,1.5,1.4960956560847396,1.4960956560847396,algebraic,1.0,0.0,1226,0.08252578930915912,60715,0.7073571830273175,0.8949887543160362
QM9,PDV,homo_lumo_gap,7,1.5,Grouped shifted,structure-keyed,RF,3199,801,1.249293127931134,1.5,1.5749704432115832,1.5749704432115832,algebraic,1.0,1.0,1226,0.08252578930915912,60715,0.6407903258429822,0.8949887543160362
QM9,PDV,homo_lumo_gap,8,0.5,Gaussian,reference,RF,3200,800,1.3098709049150197,0.5,0.49200180877207156,0.49200180877207156,algebraic,1.0,0.0,1230,0.0746875,60805,0.842978110213158,0.8775785195345154
QM9,PDV,homo_lumo_gap,8,0.5,Grouped shifted,structure-keyed,RF,3200,800,1.3098709049150197,0.5,0.46671962449372817,0.46671962449372817,algebraic,1.0,1.0,1230,0.0746875,60805,0.8506211892233115,0.8775785195345154
QM9,PDV,homo_lumo_gap,8,1.0,Gaussian,reference,RF,3200,800,1.3098709049150197,1.0,0.9880759566837198,0.9880759566837198,algebraic,1.0,0.0,1230,0.0746875,60810,0.7454604476554815,0.8775785195345154
QM9,PDV,homo_lumo_gap,8,1.0,Grouped shifted,structure-keyed,RF,3200,800,1.3098709049150197,1.0,0.9750426642436621,0.9750426642436621,algebraic,1.0,1.0,1230,0.0746875,60810,0.7417396768056745,0.8775785195345154
QM9,PDV,homo_lumo_gap,8,1.5,Gaussian,reference,RF,3200,800,1.3098709049150197,1.5,1.481768047704996,1.481768047704996,algebraic,1.0,0.0,1230,0.0746875,60815,0.6253093926363249,0.8775785195345154
QM9,PDV,homo_lumo_gap,8,1.5,Grouped shifted,structure-keyed,RF,3200,800,1.3098709049150197,1.5,1.4367260104331616,1.4367260104331616,algebraic,1.0,1.0,1230,0.0746875,60815,0.5154485514513463,0.8775785195345154
QM9,PDV,homo_lumo_gap,9,0.5,Gaussian,reference,RF,3193,807,1.3114469285960124,0.5,0.5017161436894869,0.5017161436894869,algebraic,1.0,0.0,1343,0.036642655809583466,60905,0.8671529572466848,0.8864943687876886
QM9,PDV,homo_lumo_gap,9,0.5,Grouped shifted,structure-keyed,RF,3193,807,1.3114469285960124,0.5,0.5326741015344,0.5326741015344,algebraic,1.0,1.0,1343,0.036642655809583466,60905,0.839918112053134,0.8864943687876886
QM9,PDV,homo_lumo_gap,9,1.0,Gaussian,reference,RF,3193,807,1.3114469285960124,1.0,1.0081000968801237,1.0081000968801237,algebraic,1.0,0.0,1343,0.036642655809583466,60910,0.7720703863540997,0.8864943687876886
QM9,PDV,homo_lumo_gap,9,1.0,Grouped shifted,structure-keyed,RF,3193,807,1.3114469285960124,1.0,0.9958094266810931,0.9958094266810931,algebraic,1.0,1.0,1343,0.036642655809583466,60910,0.7477976161136085,0.8864943687876886
QM9,PDV,homo_lumo_gap,9,1.5,Gaussian,reference,RF,3193,807,1.3114469285960124,1.5,1.5126602822895538,1.5126602822895538,algebraic,1.0,0.0,1343,0.036642655809583466,60915,0.6618334331553676,0.8864943687876886
QM9,PDV,homo_lumo_gap,9,1.5,Grouped shifted,structure-keyed,RF,3193,807,1.3114469285960124,1.5,1.5602917764534026,1.5602917764534026,algebraic,1.0,1.0,1343,0.036642655809583466,60915,0.5885081999230417,0.8864943687876886
QM9,PDV,homo_lumo_gap,0,0.5,Gaussian,reference,SVM,3199,801,1.3251350930417456,0.5,0.4950962218339133,0.4950962218339133,algebraic,1.0,0.0,1305,0.08002500781494216,60005,0.8613888686460665,0.8834927028076074
QM9,PDV,homo_lumo_gap,0,0.5,Grouped shifted,structure-keyed,SVM,3199,801,1.3251350930417456,0.5,0.5664926096867223,0.5664926096867223,algebraic,1.0,1.0,1305,0.08002500781494216,60005,0.7715901940562908,0.8834927028076074
QM9,PDV,homo_lumo_gap,0,1.0,Gaussian,reference,SVM,3199,801,1.3251350930417456,1.0,1.011956199391355,1.011956199391355,algebraic,1.0,0.0,1305,0.08002500781494216,60010,0.8103968069843988,0.8834927028076074
QM9,PDV,homo_lumo_gap,0,1.0,Grouped shifted,structure-keyed,SVM,3199,801,1.3251350930417456,1.0,0.9895367864683816,0.9895367864683816,algebraic,1.0,1.0,1305,0.08002500781494216,60010,0.7969400063056145,0.8834927028076074
QM9,PDV,homo_lumo_gap,0,1.5,Gaussian,reference,SVM,3199,801,1.3251350930417456,1.5,1.4838552495257629,1.4838552495257629,algebraic,1.0,0.0,1305,0.08002500781494216,60015,0.7281465852129023,0.8834927028076074
QM9,PDV,homo_lumo_gap,0,1.5,Grouped shifted,structure-keyed,SVM,3199,801,1.3251350930417456,1.5,1.5717248229010399,1.5717248229010399,algebraic,1.0,1.0,1305,0.08002500781494216,60015,0.46894298691669734,0.8834927028076074
QM9,PDV,homo_lumo_gap,1,0.5,Gaussian,reference,SVM,3196,804,1.2841922113560549,0.5,0.5022211276693679,0.5022211276693679,algebraic,1.0,0.0,1257,0.08322903629536921,60105,0.8716536379435853,0.8954988340597001
QM9,PDV,homo_lumo_gap,1,0.5,Grouped shifted,structure-keyed,SVM,3196,804,1.2841922113560549,0.5,0.5237394567028337,0.5237394567028337,algebraic,1.0,1.0,1257,0.08322903629536921,60105,0.841903648100738,0.8954988340597001
QM9,PDV,homo_lumo_gap,1,1.0,Gaussian,reference,SVM,3196,804,1.2841922113560549,1.0,1.0279253636835735,1.0279253636835735,algebraic,1.0,0.0,1257,0.08322903629536921,60110,0.8086573152718223,0.8954988340597001
QM9,PDV,homo_lumo_gap,1,1.0,Grouped shifted,structure-keyed,SVM,3196,804,1.2841922113560549,1.0,1.0564570757557938,1.0564570757557938,algebraic,1.0,1.0,1257,0.08322903629536921,60110,0.7512803716401618,0.8954988340597001
QM9,PDV,homo_lumo_gap,1,1.5,Gaussian,reference,SVM,3196,804,1.2841922113560549,1.5,1.5048449627922718,1.5048449627922718,algebraic,1.0,0.0,1257,0.08322903629536921,60115,0.7671787237810697,0.8954988340597001
QM9,PDV,homo_lumo_gap,1,1.5,Grouped shifted,structure-keyed,SVM,3196,804,1.2841922113560549,1.5,1.599774609603136,1.599774609603136,algebraic,1.0,1.0,1257,0.08322903629536921,60115,0.5969730164607578,0.8954988340597001
QM9,PDV,homo_lumo_gap,2,0.5,Gaussian,reference,SVM,3200,800,1.3195234870175732,0.5,0.4881262133212197,0.4881262133212197,algebraic,1.0,0.0,1285,0.08375,60205,0.8177580548895012,0.866025938153826
QM9,PDV,homo_lumo_gap,2,0.5,Grouped shifted,structure-keyed,SVM,3200,800,1.3195234870175732,0.5,0.519227361661287,0.519227361661287,algebraic,1.0,1.0,1285,0.08375,60205,0.8128722202832204,0.866025938153826
QM9,PDV,homo_lumo_gap,2,1.0,Gaussian,reference,SVM,3200,800,1.3195234870175732,1.0,0.9937977712813926,0.9937977712813926,algebraic,1.0,0.0,1285,0.08375,60210,0.7911225467831762,0.866025938153826
QM9,PDV,homo_lumo_gap,2,1.0,Grouped shifted,structure-keyed,SVM,3200,800,1.3195234870175732,1.0,0.9679294245110469,0.9679294245110469,algebraic,1.0,1.0,1285,0.08375,60210,0.7258294024292009,0.866025938153826
QM9,PDV,homo_lumo_gap,2,1.5,Gaussian,reference,SVM,3200,800,1.3195234870175732,1.5,1.521833166704101,1.521833166704101,algebraic,1.0,0.0,1285,0.08375,60215,0.7271210472869044,0.866025938153826
QM9,PDV,homo_lumo_gap,2,1.5,Grouped shifted,structure-keyed,SVM,3200,800,1.3195234870175732,1.5,1.479698567566572,1.479698567566572,algebraic,1.0,1.0,1285,0.08375,60215,0.5470470887143868,0.866025938153826
QM9,PDV,homo_lumo_gap,3,0.5,Gaussian,reference,SVM,3200,800,1.2861454093472788,0.5,0.4872558433247672,0.4872558433247672,algebraic,1.0,0.0,1212,0.0865625,60305,0.8194355787394461,0.8417880846851109
QM9,PDV,homo_lumo_gap,3,0.5,Grouped shifted,structure-keyed,SVM,3200,800,1.2861454093472788,0.5,0.4799009314648164,0.4799009314648164,algebraic,1.0,1.0,1212,0.0865625,60305,0.7943105177155667,0.8417880846851109
QM9,PDV,homo_lumo_gap,3,1.0,Gaussian,reference,SVM,3200,800,1.2861454093472788,1.0,1.0053249315554973,1.0053249315554973,algebraic,1.0,0.0,1212,0.0865625,60310,0.743444104286005,0.8417880846851109
QM9,PDV,homo_lumo_gap,3,1.0,Grouped shifted,structure-keyed,SVM,3200,800,1.2861454093472788,1.0,1.0640925501828922,1.0640925501828922,algebraic,1.0,1.0,1212,0.0865625,60310,0.7235725000975688,0.8417880846851109
QM9,PDV,homo_lumo_gap,3,1.5,Gaussian,reference,SVM,3200,800,1.2861454093472788,1.5,1.4799245418165474,1.4799245418165474,algebraic,1.0,0.0,1212,0.0865625,60315,0.7223749138289894,0.8417880846851109
QM9,PDV,homo_lumo_gap,3,1.5,Grouped shifted,structure-keyed,SVM,3200,800,1.2861454093472788,1.5,1.4631224596518948,1.4631224596518948,algebraic,1.0,1.0,1212,0.0865625,60315,0.5994524808478918,0.8417880846851109
QM9,PDV,homo_lumo_gap,4,0.5,Gaussian,reference,SVM,3199,801,1.3140756102057574,0.5,0.5022318925135888,0.5022318925135888,algebraic,1.0,0.0,1508,0.0315723663644889,60405,0.8431588934677379,0.8664870927720616
QM9,PDV,homo_lumo_gap,4,0.5,Grouped shifted,structure-keyed,SVM,3199,801,1.3140756102057574,0.5,0.4882889502225018,0.4882889502225018,algebraic,1.0,1.0,1508,0.0315723663644889,60405,0.8321002786710967,0.8664870927720616
QM9,PDV,homo_lumo_gap,4,1.0,Gaussian,reference,SVM,3199,801,1.3140756102057574,1.0,0.9978893586710067,0.9978893586710067,algebraic,1.0,0.0,1508,0.0315723663644889,60410,0.7947967016024086,0.8664870927720616
QM9,PDV,homo_lumo_gap,4,1.0,Grouped shifted,structure-keyed,SVM,3199,801,1.3140756102057574,1.0,1.0167599935765885,1.0167599935765885,algebraic,1.0,1.0,1508,0.0315723663644889,60410,0.7443304418295049,0.8664870927720616
QM9,PDV,homo_lumo_gap,4,1.5,Gaussian,reference,SVM,3199,801,1.3140756102057574,1.5,1.5302342323919613,1.5302342323919613,algebraic,1.0,0.0,1508,0.0315723663644889,60415,0.6987919192008585,0.8664870927720616
QM9,PDV,homo_lumo_gap,4,1.5,Grouped shifted,structure-keyed,SVM,3199,801,1.3140756102057574,1.5,1.5041104261527836,1.5041104261527836,algebraic,1.0,1.0,1508,0.0315723663644889,60415,0.6442626749590583,0.8664870927720616
QM9,PDV,homo_lumo_gap,5,0.5,Gaussian,reference,SVM,3200,800,1.305599787788693,0.5,0.4927677661865978,0.4927677661865978,algebraic,1.0,0.0,1218,0.0753125,60505,0.7898540919927923,0.829689162847125
QM9,PDV,homo_lumo_gap,5,0.5,Grouped shifted,structure-keyed,SVM,3200,800,1.305599787788693,0.5,0.48104833777650413,0.48104833777650413,algebraic,1.0,1.0,1218,0.0753125,60505,0.7835275988622209,0.829689162847125
QM9,PDV,homo_lumo_gap,5,1.0,Gaussian,reference,SVM,3200,800,1.305599787788693,1.0,0.9903869617071732,0.9903869617071732,algebraic,1.0,0.0,1218,0.0753125,60510,0.7505873939596148,0.829689162847125
QM9,PDV,homo_lumo_gap,5,1.0,Grouped shifted,structure-keyed,SVM,3200,800,1.305599787788693,1.0,0.9978644638722057,0.9978644638722057,algebraic,1.0,1.0,1218,0.0753125,60510,0.6915898748257625,0.829689162847125
QM9,PDV,homo_lumo_gap,5,1.5,Gaussian,reference,SVM,3200,800,1.305599787788693,1.5,1.4933895556902408,1.4933895556902408,algebraic,1.0,0.0,1218,0.0753125,60515,0.6909200295796323,0.829689162847125
QM9,PDV,homo_lumo_gap,5,1.5,Grouped shifted,structure-keyed,SVM,3200,800,1.305599787788693,1.5,1.538832802429868,1.538832802429868,algebraic,1.0,1.0,1218,0.0753125,60515,0.5616890909051206,0.829689162847125
QM9,PDV,homo_lumo_gap,6,0.5,Gaussian,reference,SVM,3119,881,1.2679742149352466,0.5,0.48700183381983575,0.48700183381983575,algebraic,1.0,0.0,1284,0.08303943571657582,60605,0.8655252264084561,0.9011161656836035
QM9,PDV,homo_lumo_gap,6,0.5,Grouped shifted,structure-keyed,SVM,3119,881,1.2679742149352466,0.5,0.48586857769097824,0.48586857769097824,algebraic,1.0,1.0,1284,0.08303943571657582,60605,0.8613692535627329,0.9011161656836035
QM9,PDV,homo_lumo_gap,6,1.0,Gaussian,reference,SVM,3119,881,1.2679742149352466,1.0,1.0087426087758866,1.0087426087758866,algebraic,1.0,0.0,1284,0.08303943571657582,60610,0.8250518950417305,0.9011161656836035
QM9,PDV,homo_lumo_gap,6,1.0,Grouped shifted,structure-keyed,SVM,3119,881,1.2679742149352466,1.0,1.0156922212828603,1.0156922212828603,algebraic,1.0,1.0,1284,0.08303943571657582,60610,0.8023487834527745,0.9011161656836035
QM9,PDV,homo_lumo_gap,6,1.5,Gaussian,reference,SVM,3119,881,1.2679742149352466,1.5,1.4789144813840622,1.4789144813840622,algebraic,1.0,0.0,1284,0.08303943571657582,60615,0.7690928340542399,0.9011161656836035
QM9,PDV,homo_lumo_gap,6,1.5,Grouped shifted,structure-keyed,SVM,3119,881,1.2679742149352466,1.5,1.4642770201986834,1.4642770201986834,algebraic,1.0,1.0,1284,0.08303943571657582,60615,0.6936982999193473,0.9011161656836035
QM9,PDV,homo_lumo_gap,7,0.5,Gaussian,reference,SVM,3199,801,1.249293127931134,0.5,0.4997121821141412,0.4997121821141412,algebraic,1.0,0.0,1226,0.08252578930915912,60705,0.8511751607069851,0.8744052549594934
QM9,PDV,homo_lumo_gap,7,0.5,Grouped shifted,structure-keyed,SVM,3199,801,1.249293127931134,0.5,0.46258059661063844,0.46258059661063844,algebraic,1.0,1.0,1226,0.08252578930915912,60705,0.843390794019658,0.8744052549594934
QM9,PDV,homo_lumo_gap,7,1.0,Gaussian,reference,SVM,3199,801,1.249293127931134,1.0,0.9898664898824145,0.9898664898824145,algebraic,1.0,0.0,1226,0.08252578930915912,60710,0.8194485822759356,0.8744052549594934
QM9,PDV,homo_lumo_gap,7,1.0,Grouped shifted,structure-keyed,SVM,3199,801,1.249293127931134,1.0,0.9796194947460121,0.9796194947460121,algebraic,1.0,1.0,1226,0.08252578930915912,60710,0.7341208243805083,0.8744052549594934
QM9,PDV,homo_lumo_gap,7,1.5,Gaussian,reference,SVM,3199,801,1.249293127931134,1.5,1.4960956560847396,1.4960956560847396,algebraic,1.0,0.0,1226,0.08252578930915912,60715,0.769592613877917,0.8744052549594934
QM9,PDV,homo_lumo_gap,7,1.5,Grouped shifted,structure-keyed,SVM,3199,801,1.249293127931134,1.5,1.5749704432115832,1.5749704432115832,algebraic,1.0,1.0,1226,0.08252578930915912,60715,0.6210523675736819,0.8744052549594934
QM9,PDV,homo_lumo_gap,8,0.5,Gaussian,reference,SVM,3200,800,1.3098709049150197,0.5,0.49200180877207156,0.49200180877207156,algebraic,1.0,0.0,1230,0.0746875,60805,0.8290331275396514,0.8609106449559146
QM9,PDV,homo_lumo_gap,8,0.5,Grouped shifted,structure-keyed,SVM,3200,800,1.3098709049150197,0.5,0.46671962449372817,0.46671962449372817,algebraic,1.0,1.0,1230,0.0746875,60805,0.8257426197547231,0.8609106449559146
QM9,PDV,homo_lumo_gap,8,1.0,Gaussian,reference,SVM,3200,800,1.3098709049150197,1.0,0.9880759566837198,0.9880759566837198,algebraic,1.0,0.0,1230,0.0746875,60810,0.7683876053311367,0.8609106449559146
QM9,PDV,homo_lumo_gap,8,1.0,Grouped shifted,structure-keyed,SVM,3200,800,1.3098709049150197,1.0,0.9750426642436621,0.9750426642436621,algebraic,1.0,1.0,1230,0.0746875,60810,0.7556778796114509,0.8609106449559146
QM9,PDV,homo_lumo_gap,8,1.5,Gaussian,reference,SVM,3200,800,1.3098709049150197,1.5,1.481768047704996,1.481768047704996,algebraic,1.0,0.0,1230,0.0746875,60815,0.6985582430743704,0.8609106449559146
QM9,PDV,homo_lumo_gap,8,1.5,Grouped shifted,structure-keyed,SVM,3200,800,1.3098709049150197,1.5,1.4367260104331616,1.4367260104331616,algebraic,1.0,1.0,1230,0.0746875,60815,0.5642167216942868,0.8609106449559146
QM9,PDV,homo_lumo_gap,9,0.5,Gaussian,reference,SVM,3193,807,1.3114469285960124,0.5,0.5017161436894869,0.5017161436894869,algebraic,1.0,0.0,1343,0.036642655809583466,60905,0.8493658936674071,0.8771840161230143
QM9,PDV,homo_lumo_gap,9,0.5,Grouped shifted,structure-keyed,SVM,3193,807,1.3114469285960124,0.5,0.5326741015344,0.5326741015344,algebraic,1.0,1.0,1343,0.036642655809583466,60905,0.8168750928271499,0.8771840161230143
QM9,PDV,homo_lumo_gap,9,1.0,Gaussian,reference,SVM,3193,807,1.3114469285960124,1.0,1.0081000968801237,1.0081000968801237,algebraic,1.0,0.0,1343,0.036642655809583466,60910,0.7657177040535685,0.8771840161230143
QM9,PDV,homo_lumo_gap,9,1.0,Grouped shifted,structure-keyed,SVM,3193,807,1.3114469285960124,1.0,0.9958094266810931,0.9958094266810931,algebraic,1.0,1.0,1343,0.036642655809583466,60910,0.7429380728521366,0.8771840161230143
QM9,PDV,homo_lumo_gap,9,1.5,Gaussian,reference,SVM,3193,807,1.3114469285960124,1.5,1.5126602822895538,1.5126602822895538,algebraic,1.0,0.0,1343,0.036642655809583466,60915,0.7124067783505622,0.8771840161230143
QM9,PDV,homo_lumo_gap,9,1.5,Grouped shifted,structure-keyed,SVM,3193,807,1.3114469285960124,1.5,1.5602917764534026,1.5602917764534026,algebraic,1.0,1.0,1343,0.036642655809583466,60915,0.5949651413727333,0.8771840161230143
QM9,PDV,homo_lumo_gap,0,0.5,Gaussian,reference,XGBoost,3199,801,1.3251350930417456,0.5,0.4950962218339133,0.4950962218339133,algebraic,1.0,0.0,1305,0.08002500781494216,60005,0.8781770701171762,0.9054009039773502
QM9,PDV,homo_lumo_gap,0,0.5,Grouped shifted,structure-keyed,XGBoost,3199,801,1.3251350930417456,0.5,0.5664926096867223,0.5664926096867223,algebraic,1.0,1.0,1305,0.08002500781494216,60005,0.8233532900698045,0.9054009039773502
QM9,PDV,homo_lumo_gap,0,1.0,Gaussian,reference,XGBoost,3199,801,1.3251350930417456,1.0,1.011956199391355,1.011956199391355,algebraic,1.0,0.0,1305,0.08002500781494216,60010,0.7830766198072928,0.9054009039773502
QM9,PDV,homo_lumo_gap,0,1.0,Grouped shifted,structure-keyed,XGBoost,3199,801,1.3251350930417456,1.0,0.9895367864683816,0.9895367864683816,algebraic,1.0,1.0,1305,0.08002500781494216,60010,0.7734910233828949,0.9054009039773502
QM9,PDV,homo_lumo_gap,0,1.5,Gaussian,reference,XGBoost,3199,801,1.3251350930417456,1.5,1.4838552495257629,1.4838552495257629,algebraic,1.0,0.0,1305,0.08002500781494216,60015,0.6378988036566124,0.9054009039773502
QM9,PDV,homo_lumo_gap,0,1.5,Grouped shifted,structure-keyed,XGBoost,3199,801,1.3251350930417456,1.5,1.5717248229010399,1.5717248229010399,algebraic,1.0,1.0,1305,0.08002500781494216,60015,0.4252504651614125,0.9054009039773502
QM9,PDV,homo_lumo_gap,1,0.5,Gaussian,reference,XGBoost,3196,804,1.2841922113560549,0.5,0.5022211276693679,0.5022211276693679,algebraic,1.0,0.0,1257,0.08322903629536921,60105,0.8832874647495911,0.9085088431814881
QM9,PDV,homo_lumo_gap,1,0.5,Grouped shifted,structure-keyed,XGBoost,3196,804,1.2841922113560549,0.5,0.5237394567028337,0.5237394567028337,algebraic,1.0,1.0,1257,0.08322903629536921,60105,0.8606694294406368,0.9085088431814881
QM9,PDV,homo_lumo_gap,1,1.0,Gaussian,reference,XGBoost,3196,804,1.2841922113560549,1.0,1.0279253636835735,1.0279253636835735,algebraic,1.0,0.0,1257,0.08322903629536921,60110,0.8004724061540238,0.9085088431814881
QM9,PDV,homo_lumo_gap,1,1.0,Grouped shifted,structure-keyed,XGBoost,3196,804,1.2841922113560549,1.0,1.0564570757557938,1.0564570757557938,algebraic,1.0,1.0,1257,0.08322903629536921,60110,0.7788531590915466,0.9085088431814881
QM9,PDV,homo_lumo_gap,1,1.5,Gaussian,reference,XGBoost,3196,804,1.2841922113560549,1.5,1.5048449627922718,1.5048449627922718,algebraic,1.0,0.0,1257,0.08322903629536921,60115,0.7389524294181313,0.9085088431814881
QM9,PDV,homo_lumo_gap,1,1.5,Grouped shifted,structure-keyed,XGBoost,3196,804,1.2841922113560549,1.5,1.599774609603136,1.599774609603136,algebraic,1.0,1.0,1257,0.08322903629536921,60115,0.5346445958735027,0.9085088431814881
QM9,PDV,homo_lumo_gap,2,0.5,Gaussian,reference,XGBoost,3200,800,1.3195234870175732,0.5,0.4881262133212197,0.4881262133212197,algebraic,1.0,0.0,1285,0.08375,60205,0.8446609207849295,0.8930323300259646
QM9,PDV,homo_lumo_gap,2,0.5,Grouped shifted,structure-keyed,XGBoost,3200,800,1.3195234870175732,0.5,0.519227361661287,0.519227361661287,algebraic,1.0,1.0,1285,0.08375,60205,0.8579050168532982,0.8930323300259646
QM9,PDV,homo_lumo_gap,2,1.0,Gaussian,reference,XGBoost,3200,800,1.3195234870175732,1.0,0.9937977712813926,0.9937977712813926,algebraic,1.0,0.0,1285,0.08375,60210,0.7630875260134904,0.8930323300259646
QM9,PDV,homo_lumo_gap,2,1.0,Grouped shifted,structure-keyed,XGBoost,3200,800,1.3195234870175732,1.0,0.9679294245110469,0.9679294245110469,algebraic,1.0,1.0,1285,0.08375,60210,0.7165512539823883,0.8930323300259646
QM9,PDV,homo_lumo_gap,2,1.5,Gaussian,reference,XGBoost,3200,800,1.3195234870175732,1.5,1.521833166704101,1.521833166704101,algebraic,1.0,0.0,1285,0.08375,60215,0.5619078908784785,0.8930323300259646
QM9,PDV,homo_lumo_gap,2,1.5,Grouped shifted,structure-keyed,XGBoost,3200,800,1.3195234870175732,1.5,1.479698567566572,1.479698567566572,algebraic,1.0,1.0,1285,0.08375,60215,0.5605087999381898,0.8930323300259646
QM9,PDV,homo_lumo_gap,3,0.5,Gaussian,reference,XGBoost,3200,800,1.2861454093472788,0.5,0.4872558433247672,0.4872558433247672,algebraic,1.0,0.0,1212,0.0865625,60305,0.8724637549579486,0.8973712387348433
QM9,PDV,homo_lumo_gap,3,0.5,Grouped shifted,structure-keyed,XGBoost,3200,800,1.2861454093472788,0.5,0.4799009314648164,0.4799009314648164,algebraic,1.0,1.0,1212,0.0865625,60305,0.8623873419842945,0.8973712387348433
QM9,PDV,homo_lumo_gap,3,1.0,Gaussian,reference,XGBoost,3200,800,1.2861454093472788,1.0,1.0053249315554973,1.0053249315554973,algebraic,1.0,0.0,1212,0.0865625,60310,0.7730405441260908,0.8973712387348433
QM9,PDV,homo_lumo_gap,3,1.0,Grouped shifted,structure-keyed,XGBoost,3200,800,1.2861454093472788,1.0,1.0640925501828922,1.0640925501828922,algebraic,1.0,1.0,1212,0.0865625,60310,0.7253977791110939,0.8973712387348433
QM9,PDV,homo_lumo_gap,3,1.5,Gaussian,reference,XGBoost,3200,800,1.2861454093472788,1.5,1.4799245418165474,1.4799245418165474,algebraic,1.0,0.0,1212,0.0865625,60315,0.6529816560585923,0.8973712387348433
QM9,PDV,homo_lumo_gap,3,1.5,Grouped shifted,structure-keyed,XGBoost,3200,800,1.2861454093472788,1.5,1.4631224596518948,1.4631224596518948,algebraic,1.0,1.0,1212,0.0865625,60315,0.5253108840439914,0.8973712387348433
QM9,PDV,homo_lumo_gap,4,0.5,Gaussian,reference,XGBoost,3199,801,1.3140756102057574,0.5,0.5022318925135888,0.5022318925135888,algebraic,1.0,0.0,1508,0.0315723663644889,60405,0.8803347802720348,0.9251691688451731
QM9,PDV,homo_lumo_gap,4,0.5,Grouped shifted,structure-keyed,XGBoost,3199,801,1.3140756102057574,0.5,0.4882889502225018,0.4882889502225018,algebraic,1.0,1.0,1508,0.0315723663644889,60405,0.8931792974293732,0.9251691688451731
QM9,PDV,homo_lumo_gap,4,1.0,Gaussian,reference,XGBoost,3199,801,1.3140756102057574,1.0,0.9978893586710067,0.9978893586710067,algebraic,1.0,0.0,1508,0.0315723663644889,60410,0.7926131171924385,0.9251691688451731
QM9,PDV,homo_lumo_gap,4,1.0,Grouped shifted,structure-keyed,XGBoost,3199,801,1.3140756102057574,1.0,1.0167599935765885,1.0167599935765885,algebraic,1.0,1.0,1508,0.0315723663644889,60410,0.7450465478905451,0.9251691688451731
QM9,PDV,homo_lumo_gap,4,1.5,Gaussian,reference,XGBoost,3199,801,1.3140756102057574,1.5,1.5302342323919613,1.5302342323919613,algebraic,1.0,0.0,1508,0.0315723663644889,60415,0.6393524036115024,0.9251691688451731
QM9,PDV,homo_lumo_gap,4,1.5,Grouped shifted,structure-keyed,XGBoost,3199,801,1.3140756102057574,1.5,1.5041104261527836,1.5041104261527836,algebraic,1.0,1.0,1508,0.0315723663644889,60415,0.6459514660344304,0.9251691688451731
QM9,PDV,homo_lumo_gap,5,0.5,Gaussian,reference,XGBoost,3200,800,1.305599787788693,0.5,0.4927677661865978,0.4927677661865978,algebraic,1.0,0.0,1218,0.0753125,60505,0.8327321045845112,0.8784305930878828
QM9,PDV,homo_lumo_gap,5,0.5,Grouped shifted,structure-keyed,XGBoost,3200,800,1.305599787788693,0.5,0.48104833777650413,0.48104833777650413,algebraic,1.0,1.0,1218,0.0753125,60505,0.8256239563996193,0.8784305930878828
QM9,PDV,homo_lumo_gap,5,1.0,Gaussian,reference,XGBoost,3200,800,1.305599787788693,1.0,0.9903869617071732,0.9903869617071732,algebraic,1.0,0.0,1218,0.0753125,60510,0.7445754013111145,0.8784305930878828
QM9,PDV,homo_lumo_gap,5,1.0,Grouped shifted,structure-keyed,XGBoost,3200,800,1.305599787788693,1.0,0.9978644638722057,0.9978644638722057,algebraic,1.0,1.0,1218,0.0753125,60510,0.7052685466207456,0.8784305930878828
QM9,PDV,homo_lumo_gap,5,1.5,Gaussian,reference,XGBoost,3200,800,1.305599787788693,1.5,1.4933895556902408,1.4933895556902408,algebraic,1.0,0.0,1218,0.0753125,60515,0.5547745781607509,0.8784305930878828
QM9,PDV,homo_lumo_gap,5,1.5,Grouped shifted,structure-keyed,XGBoost,3200,800,1.305599787788693,1.5,1.538832802429868,1.538832802429868,algebraic,1.0,1.0,1218,0.0753125,60515,0.538340630469379,0.8784305930878828
QM9,PDV,homo_lumo_gap,6,0.5,Gaussian,reference,XGBoost,3119,881,1.2679742149352466,0.5,0.48700183381983575,0.48700183381983575,algebraic,1.0,0.0,1284,0.08303943571657582,60605,0.8716503240324448,0.903386818834893
QM9,PDV,homo_lumo_gap,6,0.5,Grouped shifted,structure-keyed,XGBoost,3119,881,1.2679742149352466,0.5,0.48586857769097824,0.48586857769097824,algebraic,1.0,1.0,1284,0.08303943571657582,60605,0.8725840936620795,0.903386818834893
QM9,PDV,homo_lumo_gap,6,1.0,Gaussian,reference,XGBoost,3119,881,1.2679742149352466,1.0,1.0087426087758866,1.0087426087758866,algebraic,1.0,0.0,1284,0.08303943571657582,60610,0.7856255228376886,0.903386818834893
QM9,PDV,homo_lumo_gap,6,1.0,Grouped shifted,structure-keyed,XGBoost,3119,881,1.2679742149352466,1.0,1.0156922212828603,1.0156922212828603,algebraic,1.0,1.0,1284,0.08303943571657582,60610,0.707805826146195,0.903386818834893
QM9,PDV,homo_lumo_gap,6,1.5,Gaussian,reference,XGBoost,3119,881,1.2679742149352466,1.5,1.4789144813840622,1.4789144813840622,algebraic,1.0,0.0,1284,0.08303943571657582,60615,0.7167296887942651,0.903386818834893
QM9,PDV,homo_lumo_gap,6,1.5,Grouped shifted,structure-keyed,XGBoost,3119,881,1.2679742149352466,1.5,1.4642770201986834,1.4642770201986834,algebraic,1.0,1.0,1284,0.08303943571657582,60615,0.6193829255519292,0.903386818834893
QM9,PDV,homo_lumo_gap,7,0.5,Gaussian,reference,XGBoost,3199,801,1.249293127931134,0.5,0.4997121821141412,0.4997121821141412,algebraic,1.0,0.0,1226,0.08252578930915912,60705,0.8784378492664061,0.9108674096555603
QM9,PDV,homo_lumo_gap,7,0.5,Grouped shifted,structure-keyed,XGBoost,3199,801,1.249293127931134,0.5,0.46258059661063844,0.46258059661063844,algebraic,1.0,1.0,1226,0.08252578930915912,60705,0.8625662088441952,0.9108674096555603
QM9,PDV,homo_lumo_gap,7,1.0,Gaussian,reference,XGBoost,3199,801,1.249293127931134,1.0,0.9898664898824145,0.9898664898824145,algebraic,1.0,0.0,1226,0.08252578930915912,60710,0.7969974900717245,0.9108674096555603
QM9,PDV,homo_lumo_gap,7,1.0,Grouped shifted,structure-keyed,XGBoost,3199,801,1.249293127931134,1.0,0.9796194947460121,0.9796194947460121,algebraic,1.0,1.0,1226,0.08252578930915912,60710,0.7549746953868329,0.9108674096555603
QM9,PDV,homo_lumo_gap,7,1.5,Gaussian,reference,XGBoost,3199,801,1.249293127931134,1.5,1.4960956560847396,1.4960956560847396,algebraic,1.0,0.0,1226,0.08252578930915912,60715,0.645919173146932,0.9108674096555603
QM9,PDV,homo_lumo_gap,7,1.5,Grouped shifted,structure-keyed,XGBoost,3199,801,1.249293127931134,1.5,1.5749704432115832,1.5749704432115832,algebraic,1.0,1.0,1226,0.08252578930915912,60715,0.5618588156780984,0.9108674096555603
QM9,PDV,homo_lumo_gap,8,0.5,Gaussian,reference,XGBoost,3200,800,1.3098709049150197,0.5,0.49200180877207156,0.49200180877207156,algebraic,1.0,0.0,1230,0.0746875,60805,0.8485780741443469,0.8805029964986717
QM9,PDV,homo_lumo_gap,8,0.5,Grouped shifted,structure-keyed,XGBoost,3200,800,1.3098709049150197,0.5,0.46671962449372817,0.46671962449372817,algebraic,1.0,1.0,1230,0.0746875,60805,0.8488188251154578,0.8805029964986717
QM9,PDV,homo_lumo_gap,8,1.0,Gaussian,reference,XGBoost,3200,800,1.3098709049150197,1.0,0.9880759566837198,0.9880759566837198,algebraic,1.0,0.0,1230,0.0746875,60810,0.6969074887480453,0.8805029964986717
QM9,PDV,homo_lumo_gap,8,1.0,Grouped shifted,structure-keyed,XGBoost,3200,800,1.3098709049150197,1.0,0.9750426642436621,0.9750426642436621,algebraic,1.0,1.0,1230,0.0746875,60810,0.7233722826956661,0.8805029964986717
QM9,PDV,homo_lumo_gap,8,1.5,Gaussian,reference,XGBoost,3200,800,1.3098709049150197,1.5,1.481768047704996,1.481768047704996,algebraic,1.0,0.0,1230,0.0746875,60815,0.5699979862852618,0.8805029964986717
QM9,PDV,homo_lumo_gap,8,1.5,Grouped shifted,structure-keyed,XGBoost,3200,800,1.3098709049150197,1.5,1.4367260104331616,1.4367260104331616,algebraic,1.0,1.0,1230,0.0746875,60815,0.4692876308139815,0.8805029964986717
QM9,PDV,homo_lumo_gap,9,0.5,Gaussian,reference,XGBoost,3193,807,1.3114469285960124,0.5,0.5017161436894869,0.5017161436894869,algebraic,1.0,0.0,1343,0.036642655809583466,60905,0.8646082359673086,0.8950793931362158
QM9,PDV,homo_lumo_gap,9,0.5,Grouped shifted,structure-keyed,XGBoost,3193,807,1.3114469285960124,0.5,0.5326741015344,0.5326741015344,algebraic,1.0,1.0,1343,0.036642655809583466,60905,0.8502704023183042,0.8950793931362158
QM9,PDV,homo_lumo_gap,9,1.0,Gaussian,reference,XGBoost,3193,807,1.3114469285960124,1.0,1.0081000968801237,1.0081000968801237,algebraic,1.0,0.0,1343,0.036642655809583466,60910,0.7305162164985383,0.8950793931362158
QM9,PDV,homo_lumo_gap,9,1.0,Grouped shifted,structure-keyed,XGBoost,3193,807,1.3114469285960124,1.0,0.9958094266810931,0.9958094266810931,algebraic,1.0,1.0,1343,0.036642655809583466,60910,0.7007108072847801,0.8950793931362158
QM9,PDV,homo_lumo_gap,9,1.5,Gaussian,reference,XGBoost,3193,807,1.3114469285960124,1.5,1.5126602822895538,1.5126602822895538,algebraic,1.0,0.0,1343,0.036642655809583466,60915,0.6394777804006746,0.8950793931362158
QM9,PDV,homo_lumo_gap,9,1.5,Grouped shifted,structure-keyed,XGBoost,3193,807,1.3114469285960124,1.5,1.5602917764534026,1.5602917764534026,algebraic,1.0,1.0,1343,0.036642655809583466,60915,0.5147648453964065,0.8950793931362158
