model,rep,strategy,sigma,iteration,r2
xgboost,pdv,quantile,0.1,4,-3.389200210571289
dnn_bnn_full,mhggnn,threshold,0.0,0,-36.713287353515625
dnn,mol2vec,valprop,0.1,3,-62.77265167236328
dnn,mol2vec,valprop,0.5,0,-2993799936.0
dnn,mol2vec,threshold,0.7,9,-24.806476593017575
dnn_bnn_full,mol2vec,threshold,0.2,1,-245.51666259765625
dnn_bnn_full,mol2vec,threshold,0.3,4,-1220.81494140625
mlp_bnn_full,mol2vec,threshold,0.7,6,-4137.1337890625
mlp_bnn_full,mol2vec,threshold,0.8,8,-1168.3466796875
dnn_bnn_full,mol2vec,outlier,0.2,1,-227.3382110595703
mlp_bnn_full,mol2vec,outlier,0.1,7,-11.590824127197266
dnn_bnn_full,mol2vec,hetero,0.4,1,-245.24267578125
dnn_vbll,mhggnn,outlier,0.0,5,-0.577786922454834
dnn_vbll,mhggnn,outlier,0.0,8,-3.5442185401916504
dnn_vbll,mhggnn,outlier,0.1,6,-11.887721061706545
dnn_vbll,mhggnn,outlier,0.8,2,-82.54138946533203
dnn_vbll,mhggnn,outlier,1.0,1,-0.7116804122924805
dnn_vbll,mol2vec,legacy,0.0,3,-0.5268568992614746
dnn_vbll,mol2vec,legacy,0.2,0,-1.227940797805786
dnn_vbll,mol2vec,legacy,0.3,4,-0.6483322381973267
dnn_vbll,mol2vec,legacy,0.5,8,-0.9695978164672852
dnn_vbll,mol2vec,legacy,0.7,4,-5.716475963592529
dnn_vbll,mol2vec,legacy,0.7,8,-0.8513891696929932
dnn_vbll,mol2vec,legacy,0.8,8,-0.5478211641311646
dnn_vbll,mhggnn,valprop,0.0,5,-0.577786922454834
dnn_vbll,mhggnn,valprop,0.0,8,-3.5442185401916504
dnn_vbll,mhggnn,valprop,0.3,9,-3.3229384422302246
dnn_vbll,mhggnn,valprop,0.5,7,-0.550559401512146
dnn_vbll,mhggnn,hetero,0.0,5,-0.577786922454834
dnn_vbll,mhggnn,hetero,0.0,8,-3.5442185401916504
dnn_vbll,mhggnn,hetero,0.2,9,-0.8776865005493164
dnn_vbll,mhggnn,hetero,0.6,9,-1.2343871593475342
dnn_vbll,mhggnn,hetero,0.8,8,-1.3482506275177002
dnn_vbll,mhggnn,hetero,0.9,1,-0.5652662515640259
dnn_vbll,mhggnn,hetero,0.9,5,-0.9727561473846436
dnn_vbll,mhggnn,hetero,0.9,8,-0.506460428237915
mlp_vbll,mhggnn,valprop,0.0,2,-4.089725017547607
mlp_vbll,mhggnn,valprop,0.1,6,-40.232177734375
mlp_vbll,mhggnn,valprop,0.8,1,-4.218639850616455
mlp_vbll,mhggnn,valprop,1.0,8,-0.6934647560119629
mlp_vbll,mhggnn,valprop,1.0,9,-0.6345107555389404
mlp_vbll,mhggnn,hetero,0.0,2,-4.089725017547607
mlp_vbll,mhggnn,hetero,0.3,3,-8.729628562927246
mlp_vbll,mhggnn,hetero,0.3,8,-0.7848329544067383
mlp_vbll,mhggnn,hetero,0.4,0,-0.6056301593780518
mlp_vbll,mhggnn,hetero,0.4,8,-1.0484764575958252
mlp_vbll,mhggnn,hetero,0.4,9,-2.882528781890869
mlp_vbll,mhggnn,hetero,0.5,3,-2.854736566543579
mlp_vbll,mhggnn,hetero,0.5,5,-0.5697647333145142
mlp_vbll,mhggnn,hetero,0.5,6,-0.7620654106140137
mlp_vbll,mhggnn,hetero,0.7,0,-0.5692431926727295
mlp_vbll,mhggnn,hetero,0.7,3,-0.5276585817337036
dnn_vbll,mol2vec,valprop,0.0,3,-0.5268568992614746
dnn_vbll,mol2vec,valprop,0.1,4,-0.5045310258865356
dnn_vbll,mol2vec,valprop,0.2,0,-0.5916900634765625
dnn_vbll,mol2vec,valprop,0.3,0,-0.7745823860168457
dnn_vbll,mol2vec,valprop,0.4,4,-1.0089821815490725
dnn_vbll,mol2vec,valprop,0.5,7,-3.037348747253418
dnn_vbll,mol2vec,valprop,0.7,7,-0.5046266317367554
dnn_vbll,mol2vec,valprop,0.8,3,-1.0883615016937256
dnn_vbll,mol2vec,valprop,0.9,2,-3.3926734924316406
dnn_vbll,mol2vec,valprop,0.9,7,-1.8970627784729004
dnn_vbll,mol2vec,valprop,1.0,1,-2.965834617614746
dnn_vbll,mol2vec,valprop,1.0,6,-4.426006317138672
dnn_vbll,mol2vec,hetero,0.0,3,-0.5268568992614746
dnn_vbll,mol2vec,hetero,0.1,9,-1.4700450897216797
dnn_vbll,mol2vec,hetero,0.6,2,-0.726003885269165
dnn_vbll,mol2vec,hetero,0.7,2,-0.5131431818008423
dnn_vbll,mol2vec,hetero,0.8,9,-1.408186435699463
mlp_vbll,mol2vec,hetero,0.0,9,-2.6507036685943604
mlp_vbll,mol2vec,hetero,0.2,9,-1.3572282791137695
mlp_vbll,mol2vec,hetero,0.3,1,-0.5771600008010864
mlp_vbll,mol2vec,hetero,0.3,5,-1.5783841609954834
mlp_vbll,mol2vec,hetero,0.4,2,-0.9686340093612672
mlp_vbll,mol2vec,hetero,0.4,9,-1.2905080318450928
mlp_vbll,mol2vec,hetero,0.6,6,-16.908742904663086
mlp_vbll,mol2vec,hetero,0.7,2,-6.085789680480957
mlp_vbll,mol2vec,hetero,0.7,6,-7.547062873840332
mlp_vbll,mol2vec,hetero,0.7,8,-6.6790852546691895
mlp_vbll,mol2vec,hetero,0.8,4,-1.3084187507629397
mlp_vbll,mol2vec,hetero,0.8,9,-0.6603785753250122
mlp_vbll,mol2vec,hetero,0.9,9,-1.23026704788208
mlp_vbll,mol2vec,hetero,1.0,9,-0.9375791549682616
dnn_vbll,mol2vec,outlier,0.0,0,-0.943288803100586
dnn_vbll,mol2vec,outlier,0.0,5,-0.595289945602417
dnn_vbll,mol2vec,outlier,0.0,7,-0.5940077304840088
dnn_vbll,mol2vec,outlier,0.1,7,-0.8309828042984009
dnn_vbll,mol2vec,outlier,0.2,0,-1.117224931716919
dnn_vbll,mol2vec,outlier,0.3,5,-0.6357951164245605
dnn_vbll,mol2vec,outlier,0.5,2,-39.09185409545898
dnn_vbll,mol2vec,outlier,0.5,5,-2.478632688522339
dnn_vbll,mol2vec,outlier,0.6,9,-10.286795616149902
dnn_vbll,mol2vec,outlier,0.9,9,-1.0789735317230225
dnn_vbll,mol2vec,outlier,1.0,0,-17.363739013671875
dnn_vbll,mhggnn,quantile,0.1,4,-1.0605616569519043
dnn_vbll,mhggnn,quantile,0.5,7,-0.5209658145904541
dnn_vbll,mhggnn,quantile,0.6,7,-2.406601667404175
dnn_vbll,mhggnn,quantile,0.7,6,-1.80356240272522
dnn_vbll,mhggnn,quantile,0.8,7,-1.7079014778137207
dnn_vbll,mhggnn,quantile,0.9,5,-0.9593503475189208
dnn_vbll,mhggnn,quantile,1.0,3,-1.8072099685668943
dnn_vbll,mol2vec,quantile,0.0,0,-0.943288803100586
dnn_vbll,mol2vec,quantile,0.0,5,-0.595289945602417
dnn_vbll,mol2vec,quantile,0.0,7,-0.5940077304840088
dnn_vbll,mol2vec,quantile,0.6,1,-0.8482128381729126
dnn_vbll,mol2vec,quantile,0.6,2,-0.5297994613647461
dnn_vbll,mol2vec,quantile,0.6,5,-2.064419269561768
dnn_vbll,mol2vec,quantile,0.7,8,-22.66773223876953
dnn_vbll,mol2vec,quantile,0.9,2,-5.468048095703125
dnn_vbll,mol2vec,quantile,1.0,0,-1.4172871112823486
dnn_vbll,mol2vec,quantile,1.0,5,-2.39825701713562
mlp_vbll,mol2vec,valprop,0.0,9,-2.6507036685943604
mlp_vbll,mol2vec,valprop,0.2,9,-0.8846707344055176
mlp_vbll,mol2vec,valprop,0.3,6,-10.087023735046388
mlp_vbll,mol2vec,valprop,0.3,8,-0.8062107563018799
mlp_vbll,mol2vec,valprop,0.4,2,-0.8553783893585205
mlp_vbll,mol2vec,valprop,0.4,9,-2.1799638271331787
mlp_vbll,mol2vec,valprop,0.6,1,-3.2224912643432617
mlp_vbll,mol2vec,valprop,0.7,1,-2.180092096328736
mlp_vbll,mol2vec,valprop,0.7,7,-0.5005934238433838
mlp_vbll,mol2vec,valprop,0.8,8,-1.514065504074097
mlp_vbll,mol2vec,valprop,0.8,9,-1.4011805057525637
mlp_vbll,mol2vec,valprop,0.9,3,-1.7857801914215088
dnn_vbll,mhggnn,legacy,0.9,6,-3.022489547729492
dnn_vbll,mhggnn,legacy,0.0,5,-0.577786922454834
dnn_vbll,mhggnn,legacy,0.0,8,-3.5442185401916504
dnn_vbll,mhggnn,legacy,0.1,3,-0.6864705085754395
dnn_vbll,mhggnn,legacy,0.3,9,-2.2189865112304688
dnn_vbll,mhggnn,legacy,0.4,2,-2.342935800552368
dnn_vbll,mhggnn,legacy,0.4,7,-5.730320930480957
dnn_vbll,mhggnn,legacy,0.6,4,-2.40964674949646
dnn_vbll,mhggnn,legacy,1.0,6,-2.915792942047119
dnn_vbll,mhggnn,threshold,0.0,5,-0.577786922454834
dnn_vbll,mhggnn,threshold,0.0,8,-3.5442185401916504
dnn_vbll,mhggnn,threshold,0.2,2,-2.342935800552368
dnn_vbll,mhggnn,threshold,0.2,7,-5.730320930480957
dnn_vbll,mhggnn,threshold,0.3,4,-2.40964674949646
dnn_vbll,mhggnn,threshold,0.5,6,-2.915792942047119
dnn_vbll,mhggnn,threshold,1.0,1,-1.8091740608215328
mlp_vbll,mhggnn,threshold,0.0,6,-4.666679859161377
mlp_vbll,mhggnn,threshold,0.1,0,-1.7774651050567627
mlp_vbll,mhggnn,threshold,0.1,3,-2.9155542850494385
mlp_vbll,mhggnn,threshold,0.2,3,-1.1852083206176758
mlp_vbll,mhggnn,threshold,0.3,8,-0.6681499481201172
mlp_vbll,mhggnn,threshold,0.3,9,-0.6247749328613281
mlp_vbll,mhggnn,threshold,0.4,8,-1.4734466075897217
mlp_vbll,mhggnn,threshold,0.4,9,-0.5843505859375
mlp_vbll,mhggnn,threshold,0.5,9,-0.5428663492202759
mlp_vbll,mhggnn,threshold,0.6,7,-1.0685162544250488
mlp_vbll,mhggnn,threshold,0.9,3,-3.404688835144043
mlp_vbll,mhggnn,quantile,0.0,6,-4.666679859161377
mlp_vbll,mhggnn,quantile,0.4,6,-0.5855803489685059
mlp_vbll,mhggnn,quantile,0.5,6,-6.004911422729492
mlp_vbll,mhggnn,quantile,0.6,9,-4.965810775756836
mlp_vbll,mhggnn,quantile,0.7,1,-1.6628477573394775
mlp_vbll,mhggnn,quantile,0.7,7,-2.116375684738159
mlp_vbll,mhggnn,quantile,0.8,4,-0.6791301965713501
mlp_vbll,mhggnn,outlier,0.0,6,-4.666679859161377
mlp_vbll,mhggnn,outlier,0.1,6,-9.52401638031006
mlp_vbll,mhggnn,outlier,0.1,8,-1.2785470485687256
mlp_vbll,mhggnn,outlier,0.2,3,-1.8043386936187744
mlp_vbll,mhggnn,outlier,0.4,3,-0.8312911987304688
mlp_vbll,mhggnn,outlier,0.5,0,-1.3447952270507812
mlp_vbll,mhggnn,outlier,0.6,3,-1.1629245281219482
mlp_vbll,mhggnn,outlier,0.7,8,-5.133125305175781
mlp_vbll,mhggnn,outlier,0.8,0,-0.578192949295044
mlp_vbll,mhggnn,outlier,0.8,4,-0.5625365972518921
mlp_vbll,mhggnn,outlier,0.9,2,-0.547224760055542
mlp_vbll,mhggnn,outlier,0.9,3,-3.243374824523926
mlp_vbll,mhggnn,outlier,0.9,9,-10.590896606445312
mlp_vbll,mol2vec,threshold,0.0,9,-2.422071695327759
mlp_vbll,mol2vec,threshold,0.1,9,-1.3727531433105469
mlp_vbll,mol2vec,threshold,0.2,6,-2.3240764141082764
mlp_vbll,mol2vec,threshold,0.3,8,-0.6190744638442993
mlp_vbll,mol2vec,threshold,0.4,8,-1.4881329536437988
mlp_vbll,mol2vec,threshold,0.6,6,-0.719446063041687
mlp_vbll,mol2vec,threshold,0.8,9,-33.93295669555664
mlp_vbll,mol2vec,threshold,1.0,6,-0.8005223274230957
mlp_vbll,mol2vec,quantile,0.0,2,-1531.51416015625
mlp_vbll,mol2vec,quantile,0.0,9,-2.422071695327759
mlp_vbll,mol2vec,quantile,0.1,1,-18.413095474243164
mlp_vbll,mol2vec,quantile,0.2,1,-1.3189573287963867
mlp_vbll,mol2vec,quantile,0.2,7,-5.303654193878174
mlp_vbll,mol2vec,quantile,0.3,3,-1.4167015552520752
mlp_vbll,mol2vec,quantile,0.3,7,-1.4829118251800537
mlp_vbll,mol2vec,quantile,0.3,9,-4.016385555267334
mlp_vbll,mol2vec,quantile,0.5,6,-0.7011146545410156
mlp_vbll,mol2vec,quantile,0.6,3,-2.736511468887329
mlp_vbll,mol2vec,quantile,0.7,4,-7.069794654846191
mlp_vbll,mol2vec,quantile,0.7,8,-1.184536695480347
mlp_vbll,mol2vec,quantile,0.8,0,-0.8673559427261353
mlp_vbll,mol2vec,quantile,0.8,6,-1.0907659530639648
mlp_vbll,mol2vec,quantile,0.8,9,-4.485859394073486
mlp_vbll,mol2vec,quantile,0.9,4,-22.144344329833984
mlp_vbll,mol2vec,quantile,0.9,7,-1.2702555656433103
mlp_vbll,mol2vec,quantile,1.0,2,-2.100076198577881
mlp_vbll,mol2vec,outlier,0.0,9,-2.422071695327759
mlp_vbll,mol2vec,outlier,0.1,0,-0.603655219078064
mlp_vbll,mol2vec,outlier,0.1,9,-0.6008236408233643
mlp_vbll,mol2vec,outlier,0.2,0,-1.3270254135131836
mlp_vbll,mol2vec,outlier,0.2,7,-5.872925758361816
mlp_vbll,mol2vec,outlier,0.3,4,-0.5107113122940063
mlp_vbll,mol2vec,outlier,0.5,0,-5.218868732452393
mlp_vbll,mol2vec,outlier,0.5,1,-0.6640872955322266
mlp_vbll,mol2vec,outlier,0.5,2,-6.126095771789551
mlp_vbll,mol2vec,outlier,0.5,3,-1.662574052810669
mlp_vbll,mol2vec,outlier,0.5,7,-1.175750494003296
mlp_vbll,mol2vec,outlier,0.6,8,-1.9833333492279053
mlp_vbll,mol2vec,outlier,0.7,7,-0.830772876739502
mlp_vbll,mol2vec,outlier,0.7,8,-2.624389171600342
mlp_vbll,mol2vec,outlier,0.9,7,-12.159350395202637
mlp_vbll,mol2vec,outlier,1.0,4,-4.29034948348999
mlp_vbll,mol2vec,outlier,1.0,9,-0.6641149520874023
mlp_vbll,mhggnn,legacy,0.0,2,-4.089725017547607
mlp_vbll,mhggnn,legacy,0.1,0,-2.631551504135132
mlp_vbll,mhggnn,legacy,0.1,5,-1.000760555267334
mlp_vbll,mhggnn,legacy,0.2,1,-0.8784962892532349
mlp_vbll,mhggnn,legacy,0.2,9,-4.005716800689697
mlp_vbll,mhggnn,legacy,0.5,7,-14.704767227172852
mlp_vbll,mhggnn,legacy,0.7,9,-7.945796012878418
mlp_vbll,mhggnn,legacy,0.8,4,-0.839988112449646
mlp_vbll,mhggnn,legacy,0.8,8,-1.1766412258148191
dnn_vbll,mol2vec,threshold,0.0,3,-0.5268568992614746
dnn_vbll,mol2vec,threshold,0.1,0,-1.227940797805786
dnn_vbll,mol2vec,threshold,0.4,8,-0.5478211641311646
dnn_vbll,mol2vec,threshold,0.6,5,-1.1941826343536377
dnn_vbll,mol2vec,threshold,0.6,7,-0.6624855995178223
dnn_vbll,mol2vec,threshold,0.7,0,-7.627897262573242
dnn_vbll,mol2vec,threshold,0.7,2,-1.3914103507995603
dnn_vbll,mol2vec,threshold,0.9,6,-18.509389877319336
dnn_vbll,mol2vec,threshold,1.0,5,-1.2232630252838137
dnn_vbll,mol2vec,threshold,1.0,7,-1.6393940448760986
mlp_vbll,mol2vec,legacy,0.0,9,-2.6507036685943604
mlp_vbll,mol2vec,legacy,0.1,1,-4.383831977844238
mlp_vbll,mol2vec,legacy,0.1,2,-20.84419250488281
mlp_vbll,mol2vec,legacy,0.1,6,-0.5858277082443237
mlp_vbll,mol2vec,legacy,0.1,8,-2.152780532836914
mlp_vbll,mol2vec,legacy,0.5,5,-4.58459997177124
mlp_vbll,mol2vec,legacy,0.6,0,-4.849283695220947
mlp_vbll,mol2vec,legacy,0.6,6,-0.6415400505065918
mlp_vbll,mol2vec,legacy,0.8,0,-0.9751168489456176
mlp_vbll,mol2vec,legacy,0.9,4,-1.2194719314575195
mlp_vbll,mol2vec,legacy,0.9,7,-1.064706563949585
mlp_vbll,mol2vec,legacy,0.9,9,-10.278048515319824
mlp,continuous_pdv,valprop,0.4,9,-1.5486161795382752e+32
