Strategy,Rep,Model,Unc-Error ρ,Unc-Noise ρ (pooled),ECE,Coverage 1σ,Coverage 2σ,Mean Uncertainty,Mean Aleatoric,Mean Epistemic,Unc-Noise ρ σ=0.0,Unc-Noise n σ=0.0,Unc-Noise ρ σ=0.3,Unc-Noise n σ=0.3,Unc-Noise ρ σ=0.6,Unc-Noise n σ=0.6
Quantile,sns,QRF,0.26605836920089093,0.0976237016849782,0.11882074779497406,0.6997300269973002,0.9135086491350864,0.5214154712009117,0.5216762832613362,,0.256931417813028,1000,0.0991285038866722,1000,0.12235101369207474,1000
Quantile,sns,NGBoost,0.14078485070506147,0.4132541168789408,0.141899926088837,0.7221111111111111,0.9528888888888889,0.6400724323112128,0.6400724323112128,,-0.002466862299102919,1000,0.08862481260928737,1000,,0
Quantile,sns,GP,0.09417764045808345,0.41788876237683686,0.17122143968529133,0.7792727272727272,0.9476363636363636,0.5641959382407039,0.6490281760783421,0.5641959382407039,-0.07043303159904986,1000,-0.024019284523689507,1000,-0.024263964773508038,1000
Quantile,sns,BNN-β,0.16024287959111055,0.32911959044495676,0.22789101675767864,0.7834909090909091,0.9401272727272727,0.6397937340975361,,,0.05123441398930177,10000,0.06629474306827268,10000,0.12236717736063465,10000
Quantile,sns,BNN-α,0.1555937805478884,0.34250016814128154,0.21790948694467635,0.7814545454545454,0.9404636363636364,0.6218705443910545,,0.6218705443910545,0.08691308682375826,10000,0.07085051556895865,10000,0.10892923315951387,10000
Quantile,smiles,BNN-β,0.10202658514639135,0.3145648193119113,0.21109313846819544,0.7623636363636364,0.9413909090909091,0.6720187355809091,,,0.05736863832603339,10000,0.051030519450764464,10000,0.07726504212627298,10000
Quantile,smiles,BNN-α,0.09157919112696795,0.29255514987298165,0.2172508914375292,0.7672727272727272,0.9432727272727273,0.6736597846872181,,0.6736597846872181,0.05828578059656364,10000,0.042126618392150844,10000,0.0703358749648358,10000
Quantile,smiles,VBLL-α,0.07656454166576053,0.227650631568441,0.21450702181841552,0.7449636363636364,0.9485545454545454,0.7525592845730907,0.7121638533636364,0.7525592845730907,0.16929150514170027,10000,0.03649431705549059,10000,0.0579977942630219,10000
Quantile,smiles,VBLL-β,0.05927465901326373,0.2302492801242212,0.2630746560010703,0.7663518518518518,0.9458796296296297,0.7427083781412037,0.6492682686111111,0.7427083781412037,0.09026822050402036,10000,0.02496429016571779,10000,0.05083649647206929,9000
Quantile,ecfp4,QRF,0.2776582364945362,0.14751092765765597,0.17662122155079749,0.768090909090909,0.9164545454545454,0.5443132346710089,0.5443132346710089,,-0.1544954987158518,1000,0.10994673860641904,1000,0.17160188863149997,1000
Quantile,ecfp4,BNN-α,0.11402833075406471,0.27293897262814865,0.2749632729157019,0.8014862385321101,0.9421009174311926,0.6875637262301468,,0.6875637262301468,0.13446749929095314,10000,0.05665442138185263,10000,0.1041663637791636,10000
Quantile,ecfp4,BNN-β,0.1572303876679342,0.2895888962606505,0.3224359495831157,0.8114545454545454,0.9433636363636364,0.7305779832674545,,,0.12543153861959166,10000,0.06855076206639608,10000,0.10699607743497462,10000
Quantile,ecfp4,NGBoost,0.2030035813323827,0.2660261630859458,0.15275278895406355,0.7346,0.9381,0.6213994889117513,0.6213994889117513,,0.04402160764051236,1000,0.10427146828152972,1000,0.15621038589289574,1000
Quantile,ecfp4,GP,0.13714341125224083,0.42246342421814387,0.28997821037117655,0.844625,0.95975,0.6686614916736117,0.7917594116361617,0.6686614916736117,-0.24384381349075887,1000,,0,,0
Quantile,ecfp4,VBLL-β,0.14697581612578586,0.30211981300273105,0.22333472301534152,0.7866261682242991,0.9492897196261683,0.6617763067962618,0.6109064347663552,0.6617763067962618,0.04860143638041669,8000,0.07285191231067169,10000,0.10357777159092459,10000
Quantile,ecfp4,VBLL-α,0.07071765652833921,0.290087778394679,0.25402264148742576,0.7733211009174312,0.947091743119266,0.7391906634042202,0.6853971478899082,0.7391906634042202,0.14530705164154192,9000,0.0818131722610405,10000,0.0980264073270279,10000
Quantile,pdv,QRF,0.238757724383292,0.14406818480531833,0.1526876601935078,0.6587272727272727,0.8780909090909091,0.4512876008706745,0.4512876008706745,,0.36371896201040466,1000,0.11755070787879442,1000,0.10445828372189933,1000
Quantile,pdv,NGBoost,0.15334661918239317,0.4022401527832333,0.16602137481035256,0.7619090909090909,0.9442727272727273,0.5804371934262981,0.5804371934262981,,-0.049918103234698134,1000,0.1311750168016389,1000,0.1548133474485827,1000
Quantile,pdv,GP,0.20130327846894328,0.3167499933018435,0.2937226808359439,0.8238181818181818,0.9535454545454546,0.6575420463061447,1.4234319278267302,0.6575420463061447,-0.20893941680088352,1000,0.06284106834098489,1000,0.06837477288735747,1000
Quantile,pdv,BNN-β,0.1185237728701097,0.24971464155490408,0.2719276073880413,0.7954545454545454,0.9400818181818181,0.6513236369803999,,,0.1067567738297653,10000,0.04426480825062133,10000,0.06141189954574115,10000
Quantile,pdv,BNN-α,0.10999315810355106,0.26035497393724816,0.2258525999202271,0.7856454545454545,0.9410818181818181,0.6189753919529091,,0.6189753919529091,0.0679034483031356,10000,0.02390089729853251,10000,0.050855842057472046,10000
Quantile,pdv,VBLL-β,0.09692785210503355,0.20499574660365935,0.2558617923625485,0.7901481481481482,0.9383518518518519,0.645630351073537,0.5485851976851851,0.645630351073537,0.09666457760447031,10000,0.011925406244898675,10000,0.022980191689579904,10000
Quantile,pdv,VBLL-α,0.07725233328051541,0.3229280448556052,0.19350136906985474,0.7765779816513761,0.9387064220183486,0.6083967251021102,0.5957692768807339,0.6083967251021102,0.10570361027645743,10000,0.02833009453663508,10000,0.04550372981815335,9000
Quantile,continuous_pdv,BNN-β,0.227098880997366,0.41270139164280656,0.24348298646556585,0.7882727272727272,0.9422727272727273,0.6038047785341818,,0.6038047785341818,0.011905422191824234,1000,0.16901161301161302,1000,0.20723301923301926,1000
Quantile,continuous_pdv,BNN-α,0.19688854093323563,0.4020175264669324,0.2861510160382913,0.8031818181818182,0.948,0.6410214818352727,,0.6410214818352727,-0.03514289341037812,1000,0.16862220062220062,1000,0.12955078555078556,1000
Quantile,continuous_pdv,QRF,0.30329943949210697,0.1722197073732753,0.1286071481745466,0.7107272727272728,0.9169090909090909,0.45643031999655714,0.45643031999655714,,-0.08619497706134804,1000,0.1496896015274961,1000,0.18067770609803735,1000
Quantile,continuous_pdv,VBLL-α,0.14728711181244744,0.28393127509516775,0.2800212630974933,0.7931818181818182,0.9490909090909091,0.7170406725227273,0.6298760163636363,0.7170406725227273,0.22114832937352308,1000,0.0870954990954991,1000,0.19104983904983908,1000
Quantile,continuous_pdv,NGBoost,0.22111980194516545,0.4410992332104054,0.18513767653811175,0.7684,0.9466,0.5815184061874493,0.5815184061874493,,0.01834711897837944,1000,,0,0.2413276088027699,1000
Quantile,continuous_pdv,VBLL-β,0.19419181694742513,0.3873093785069528,0.24261189389736237,0.778090909090909,0.9479090909090909,0.6544706022372727,0.6098083554545455,0.6544706022372727,0.055511674799752754,1000,0.12055240855240858,1000,0.15774649374649374,1000
Quantile,mhggnn,BNN-β,0.00041580247842093,0.0023286971725231245,0.6131825928231481,0.42361818181818184,0.6866363636363636,0.9215516162475453,,,-0.0005581956112848848,10000,-0.006236225858045147,10000,-0.0017827007173832272,10000
Quantile,mhggnn,BNN-α,0.010438306343941774,0.02447965193884231,0.49698958405118354,0.3437909090909091,0.5929454545454546,0.6201840655163635,,0.6201840655163635,-0.002365593399112181,10000,0.05021084554838897,10000,0.052160528654477144,10000
Quantile,mhggnn,VBLL-α,0.05431475267903771,0.05102556616352539,8.435092870089669,0.2642181818181818,0.38514545454545457,8.29649331224073,0.6920534837272728,8.29649331224073,-0.006248647593987776,10000,0.009448252909832967,10000,0.0004701767520776675,10000
Quantile,mhggnn,VBLL-β,0.07827964519563839,0.0018411103460629255,10.062441481063184,0.30277272727272725,0.4651272727272727,10.091405626482544,0.6471108680909091,10.091405626482544,-0.02342690433243756,10000,-0.014235045404074739,10000,-0.029017995990978186,10000
Quantile,mol2vec,BNN-α,0.007989730376358093,0.06281494660414175,0.41870790113868694,0.40373684210526317,0.6884421052631579,0.7196619667882,,0.7196619667882,0.007973456191577244,8000,-0.009940338209924434,7000,0.06051908492015863,10000
Quantile,mol2vec,BNN-β,0.008632248788743158,-0.10810514700254042,1.307464476252738,0.4215631067961165,0.6645436893203883,1.5722734209670004,,,0.004110486849052072,10000,-0.022756332935204373,10000,0.00392640090687364,10000
Quantile,mol2vec,VBLL-α,0.11230059383624581,-0.04021940159754852,14.450843555264889,0.4055909090909091,0.5114090909090909,14.52310943292691,0.8965156044545454,14.52310943292691,0.006020574670547641,10000,0.005192796872482346,10000,-0.015450660857202484,10000
Quantile,mol2vec,VBLL-β,0.21494229924704444,-0.06378164410603636,29.792008868944684,0.4440636363636364,0.5676,30.495910254685516,0.8344562780909092,30.495910254685516,-0.1396344735163819,10000,0.009506282982857965,10000,-0.041477869446628624,10000
Quantile,morgan,QRF,0.2656076940301956,0.02102446495845092,0.05822581099907009,0.6754324567543246,0.9022097790220978,0.5021951709542722,0.5021951709542722,,-0.10591450789094374,1000,,1,0.11346233516427019,1000
Quantile,morgan,BNN-β,0.1745055518456224,0.30497809181227165,0.21527643224415904,0.7660471698113207,0.9413018867924529,0.6708288621184529,,0.6708288621184529,0.04167004225961058,10000,0.053556049935809855,10000,0.10013254493123064,10000
Quantile,morgan,BNN-α,0.1523677315835786,0.2873747414637032,0.21012744227007127,0.7644528301886793,0.9416981132075471,0.6642448708570943,,0.6642448708570943,0.06174194363507921,10000,0.038541219776684066,10000,0.07599661703515805,10000
Quantile,morgan,GP,0.10122290891623381,0.3873538052368591,0.1831669889822804,0.777211009174312,0.9445963302752294,0.5963794566340224,0.3578091589573267,0.5963794566340224,-0.1070108988207714,10000,0.028259874217361758,10000,0.005709277101246921,10000
Quantile,morgan,NGBoost,0.12324850776112896,0.31602851147880273,0.16540678182383706,0.7438899082568807,0.9450642201834862,0.6723916614737906,0.6723916614737906,,-0.003927488074595379,10000,0.059050602227220465,9000,0.10228904736933117,10000
Gaussian,sns,QRF,0.2149394939636889,0.229629807181294,0.15293115399893248,0.7003299670032996,0.936906309369063,0.6184462995953719,0.6185700012254538,,,1,0.03847130762544687,1000,0.03783311119510322,1000
Gaussian,sns,NGBoost,0.1634240293314252,0.4721744990010051,0.13180200119535257,0.6927,0.9536,0.6572914235275197,0.6572914235275197,,-0.002466862299102919,1000,0.07612255736934546,1000,0.08683757135806991,1000
Gaussian,sns,GP,0.2275816070176082,0.5353599679775168,0.13380771551485163,0.7143,0.9457,0.5834261967186275,0.6891738374863946,0.5834261967186275,-0.07043303159904986,1000,-0.04301605391939106,1000,-0.04271307161004612,1000
Gaussian,sns,BNN-α,0.2046023739502561,0.4173499418619271,0.17125248671776347,0.7336545454545454,0.9509363636363637,0.6243993437370909,,0.6243993437370909,0.08710993689154828,10000,-0.004196726964861172,10000,-0.0015658676799922067,10000
Gaussian,sns,BNN-β,0.21058585567768737,0.400121755035126,0.1762650235816673,0.7347818181818182,0.9508272727272727,0.6364080118988636,,,0.08452924546469641,10000,0.003330114159980485,10000,-0.00835060627941,10000
Gaussian,smiles,BNN-α,0.15797039477050576,0.317770846394296,0.1747687393712178,0.7239181818181818,0.9489727272727273,0.6684848210655091,,0.6684848210655091,0.05879298810173024,10000,-0.019620734530501657,10000,-0.005509218889240938,10000
Gaussian,smiles,BNN-β,0.1805779840213626,0.36961727313188897,0.160237921293126,0.7130181818181818,0.9481363636363637,0.6611350723077272,,,0.05161462676652547,10000,0.0021585082956109853,10000,3.6738876367719414e-05,10000
Gaussian,smiles,VBLL-β,0.10298850645939232,0.2508857680676655,0.2324588974629096,0.7311545454545455,0.9475636363636364,0.7456141866411818,0.6670958937272726,0.7456141866411818,0.09898326124387276,10000,-0.008345505539480092,10000,-0.0030336627784094358,10000
Gaussian,smiles,VBLL-α,0.09660719632514259,0.24229713999199415,0.19471257795133554,0.7095454545454546,0.9515,0.7568597092700001,0.7270307558181819,0.7568597092700001,0.1708745952664495,10000,-0.00038749242988306157,10000,0.0002959401209656159,10000
Gaussian,ecfp4,QRF,0.2537419939260789,0.26765228734914176,0.19258372404664828,0.7468181818181818,0.9463636363636364,0.6356240288320573,0.6356240288320573,,-0.1544954987158518,1000,-0.03349281379424912,1000,-0.012977167093961598,1000
Gaussian,ecfp4,BNN-α,0.15429013195704794,0.3156170965186404,0.23938615220093323,0.7662385321100917,0.9509174311926606,0.699828769876321,,0.699828769876321,0.13141907193254268,10000,0.010103992565949285,10000,0.021195740920119374,10000
Gaussian,ecfp4,BNN-β,0.2007743187966868,0.3655041808772367,0.29005360922569406,0.7864166666666667,0.9521944444444445,0.7475296541861944,,,0.1267432164094648,10000,0.0011937542794185302,10000,0.02638987942714088,10000
Gaussian,ecfp4,NGBoost,0.22417762182317025,0.3726758554069954,0.10920882536245985,0.6915,0.9416,0.5975477212791575,0.5975477212791575,,0.04402160764051236,1000,-0.02923075403690656,1000,-0.004890268948952176,1000
Gaussian,ecfp4,GP,0.18409253939292541,0.3374376744746124,0.23057172331477538,0.7856,0.9596,0.6453319363634817,0.7317824335588785,0.6453319363634817,-0.24384381349075887,1000,-0.05370071370071371,1000,-0.05568903168903169,1000
Gaussian,ecfp4,VBLL-β,0.19035646547236076,0.3371504681521752,0.1914854345110103,0.7394722222222222,0.9547129629629629,0.671519693169074,0.6338082162037036,0.671519693169074,0.04690371358354398,9000,0.016038214751488783,10000,0.0024541758607626346,10000
Gaussian,ecfp4,VBLL-α,0.10831194562429101,0.3053087701696316,0.2240340438077871,0.7454814814814815,0.9510092592592593,0.7327430063901852,0.6980118873148148,0.7327430063901852,0.14530705164154192,9000,0.01825729003588742,10000,0.013181020716601068,10000
Gaussian,pdv,QRF,0.21212625612078767,0.25989439093676586,0.1438341131977992,0.6511818181818182,0.8906363636363637,0.5389713684372683,0.5389713684372683,,0.36371896201040466,1000,-0.04313955717549531,1000,-0.042124609141115384,1000
Gaussian,pdv,NGBoost,0.24788509678056142,0.44336079984888094,0.1246620768991095,0.6979090909090909,0.9542727272727273,0.5829361393732031,0.5829361393732031,,-0.049918103234698134,1000,7.359611311723649e-05,1000,0.006417099016024643,1000
Gaussian,pdv,BNN-α,0.18188838253095682,0.3297160860053109,0.18807396707795648,0.7336545454545454,0.9489909090909091,0.6307222836995455,,0.6307222836995455,0.06722013877355597,10000,0.002812113735275742,10000,-0.0025238084578490826,10000
Gaussian,pdv,GP,0.21490188086188047,0.28505646432428106,0.2094142401421097,0.7413636363636363,0.9441818181818182,0.6290581274018172,1.4446360320124143,0.6290581274018172,-0.20893941680088352,1000,-0.04155337915764824,1000,-0.04076037021951865,1000
Gaussian,pdv,BNN-β,0.19859356210530416,0.3263572164599869,0.22521427614958794,0.7490545454545454,0.9506545454545454,0.6662994469673634,,,0.1067567738297653,10000,0.01496580350882896,10000,0.002554965901459295,10000
Gaussian,pdv,VBLL-β,0.15518748301698085,0.26403310218422144,0.21185791950189975,0.7387706422018349,0.943440366972477,0.6533792341368165,0.5682309948623853,0.6533792341368165,0.09666457760447031,10000,0.00020995501448124835,10000,-0.0047120046038949155,9000
Gaussian,pdv,VBLL-α,0.17001325524689784,0.3721830122647381,0.16162580165602028,0.7240818181818182,0.9468727272727273,0.6254700654850001,0.6128287255454545,0.6254700654850001,0.10570361027645743,10000,-0.012067749916580465,10000,-0.0011264835853465776,10000
Gaussian,continuous_pdv,QRF,0.29713404842648333,0.35516693158890017,0.13630797893440366,0.7028297170282972,0.9401059894010599,0.5622016490936451,0.5622016490936451,,-0.08619497706134804,1000,,1,0.017474238732383966,1000
Gaussian,continuous_pdv,BNN-β,0.2405961239308484,0.37589311795623587,0.19311006864542604,0.7212,0.9402,0.5926578137042999,,0.5926578137042999,0.011905422191824234,1000,-0.05039877839877841,1000,-0.04375973575973576,1000
Gaussian,continuous_pdv,BNN-α,0.22914276452823965,0.3534865211890865,0.25821600278463563,0.7459,0.9428,0.6578013237309001,,0.6578013237309001,-0.03514289341037812,1000,-0.0483955563955564,1000,-0.06656287856287856,1000
Gaussian,continuous_pdv,VBLL-α,0.15926460460392322,0.24723751233713645,0.22922538858972089,0.7406363636363636,0.9545454545454546,0.6870882495818181,0.6458687127272728,0.6870882495818181,0.22114832937352308,1000,0.013971397971397974,1000,0.020755268755268754,1000
Gaussian,continuous_pdv,NGBoost,0.2869622510098105,0.47196501660753837,0.11298155878861624,0.6897272727272727,0.952,0.5601902636045724,0.5601902636045724,,0.01834711897837944,1000,0.01843611599556435,1000,0.022990262650388067,1000
Gaussian,continuous_pdv,VBLL-β,0.22647680265409745,0.3728572918741218,0.1985698518955452,0.7147272727272728,0.9448181818181818,0.6473349406890909,0.6283800763636364,0.6473349406890909,0.055511674799752754,1000,0.01951977151977152,1000,0.02801038001038001,1000
Gaussian,mhggnn,BNN-α,-0.0047574615398951565,0.08737948625721532,0.4683381430653152,0.35910909090909093,0.6187090909090909,0.638045195739909,,0.638045195739909,-0.002365593399112181,10000,-0.00901543121412908,10000,-0.012191392240354045,10000
Gaussian,mhggnn,BNN-β,-0.0025291557046079995,0.05531507384236828,0.6998081462076429,0.45874545454545457,0.7244090909090909,1.0918740819664545,,,-0.0005581956112848848,10000,-0.005505613536544702,10000,0.0011865288657606087,10000
Gaussian,mhggnn,VBLL-α,0.08685271464890962,-0.04624315091920933,13.406061956500787,0.26574545454545456,0.3855545454545454,13.295755968974639,0.6793083065454546,13.295755968974639,0.028876947893140787,10000,0.011157066460452855,10000,-0.004765995859425339,10000
Gaussian,mhggnn,VBLL-β,0.10336596464783343,-0.029035498951201194,15.338146671381743,0.3111090909090909,0.47084545454545457,15.384718036916217,0.6621668863636363,15.384718036916217,-0.05404499116567109,10000,-0.00944006269147951,10000,0.0004908624051245615,10000
Gaussian,mol2vec,BNN-α,0.012341599049646032,-0.0021162111896102544,0.40383339371289706,0.4056831683168317,0.6917029702970297,0.7116504930620793,,0.7116504930620793,0.007419252822844699,10000,-0.014425638232941263,9000,-0.014157284781967355,6000
Gaussian,mol2vec,BNN-β,0.015226876531627154,-0.04886597577034683,1.3331212196259608,0.5063265306122449,0.7642755102040817,1.793844536789214,,,0.004110486849052072,10000,-0.0031372896489144392,7000,0.005176440825503499,10000
Gaussian,mol2vec,VBLL-α,0.06799419903680148,0.03049158546502659,10.76905739375604,0.37412844036697246,0.4852935779816514,10.784028155022582,0.9249816287155965,10.784028155022582,0.00881411872725333,9000,0.005055153694502025,10000,-0.01840024324416705,10000
Gaussian,mol2vec,VBLL-β,0.1517262580119137,-0.0250433362856551,23.863978261930963,0.44835454545454545,0.5796545454545454,24.099843087596913,0.8426672664545455,24.099843087596913,0.00281184228722768,10000,0.0025688799930673623,10000,-0.019505865391224633,10000
Gaussian,morgan,QRF,0.21968917062916624,0.22165094967803242,0.10980221865444115,0.6782727272727272,0.9309090909090909,0.5925577772400299,0.5925577772400299,,-0.10591450789094374,1000,0.0009364029504489947,1000,0.0004561624588994337,1000
Gaussian,morgan,BNN-β,0.19688174557378593,0.38021127515705977,0.1752814187967533,0.721392523364486,0.949570093457944,0.6779956214233177,,0.6779956214233177,0.046101000273121924,9000,0.008440766988838149,10000,-0.0032851108649398068,10000
Gaussian,morgan,BNN-α,0.20246172031737833,0.32845976106017055,0.17262818668393892,0.7192018348623853,0.9512935779816514,0.6801188069014679,,0.6801188069014679,0.05002594419162984,10000,-0.0010863395029122801,10000,-0.0019345830194444941,10000
Gaussian,morgan,GP,0.2239466953730843,0.5269016972546984,0.13924778511855593,0.7137129629629629,0.9542222222222222,0.599684711128133,0.42143098643923227,0.599684711128133,-0.12537913044319515,9000,-0.012805939982405161,10000,-0.015263788526392907,9000
Gaussian,morgan,NGBoost,0.19891767774748953,0.43862843718171096,0.13861839075330043,0.6975363636363636,0.9530454545454545,0.6731752780871987,0.6731752780871987,,-0.003927488074595379,10000,0.016186818753311346,10000,0.027423858311529322,10000
Threshold,sns,QRF,0.20532787397902255,0.27079227299473935,0.14506340297188008,0.6741325867413258,0.9205079492050795,0.7241237825297239,0.7241961949079768,,,1,0.055850697861323025,1000,0.058235113729220654,1000
Threshold,sns,NGBoost,0.1664521397906587,0.49969274639008227,0.147965121780138,0.6882727272727273,0.949,0.7479716156476769,0.7479716156476769,,-0.002466862299102919,1000,0.09006227512172613,1000,0.07735207674929348,1000
Threshold,sns,GP,0.25799790634669795,0.5600172258723403,0.1433039746725891,0.7017777777777777,0.9458888888888889,0.6633620137511643,1.0964593012302648,0.6633620137511643,-0.07043303159904986,1000,-0.025733162273558687,1000,-0.025276435807240965,1000
Threshold,sns,BNN-α,0.25694657373620305,0.4594683130355571,0.2005033298166271,0.7221181818181818,0.9498181818181818,0.7690261431235454,,0.7690261431235454,0.08691308682375826,10000,-0.0011828948160844534,10000,-0.006921134596706311,10000
Threshold,sns,BNN-β,0.2609376469423998,0.4526563218707602,0.20426953042813473,0.7216,0.9502272727272727,0.7816146896203637,,,0.04596287942482414,10000,-0.003164044796323882,10000,-0.004187278950752119,10000
Threshold,smiles,BNN-α,0.217814425814869,0.4126325587232514,0.1960219270647852,0.7107636363636364,0.9493545454545455,0.788322230156182,,0.788322230156182,0.06458596209903694,10000,-0.004143423113608256,10000,0.006258684086718274,10000
Threshold,smiles,BNN-β,0.22282150032902723,0.42832912156622005,0.19340521206119904,0.7071636363636363,0.9483909090909091,0.7934231126332727,,,0.05854195104278747,10000,0.004672052536804622,10000,0.009584937318079413,10000
Threshold,smiles,VBLL-β,0.1477670965434092,0.33537492857728807,0.26261444048838983,0.7247247706422019,0.9499724770642202,0.8738265538723853,0.7861427238532109,0.8738265538723853,0.09883420112490955,10000,-0.009671134234782252,9000,0.0011924139359456027,10000
Threshold,smiles,VBLL-α,0.13887534420981384,0.3523315757807886,0.20659205708872916,0.7001651376146789,0.9512660550458716,0.8540967236911008,0.8272169346788989,0.8540967236911008,0.16980679742520963,10000,0.001039453690403892,10000,0.009241758512583935,10000
Threshold,ecfp4,QRF,0.26147662294133245,0.38327633299889197,0.21300522455374898,0.7335454545454545,0.9475454545454546,0.7659891869400359,0.7659891869400359,,-0.1544954987158518,1000,-0.01945831963344451,1000,0.025434337663246705,1000
Threshold,ecfp4,BNN-α,0.20919245609940115,0.38618335973163676,0.31726688095292954,0.7618454545454545,0.9518,0.8823937930102274,,0.8823937930102274,0.13446749929095314,10000,0.02423485793874783,10000,0.0274111430227429,10000
Threshold,ecfp4,NGBoost,0.24125640021078043,0.5187082276789323,0.13242310435798968,0.6828888888888889,0.9405555555555556,0.699420398238907,0.699420398238907,,0.04402160764051236,1000,-0.015825832015742003,1000,0.00281555090846409,1000
Threshold,ecfp4,GP,0.20595772065930495,0.40275492997892354,0.22264032136353468,0.7529090909090909,0.9509090909090909,0.7609205508445795,1.332987857479625,0.7609205508445795,-0.24384381349075887,1000,-0.05499305499305499,1000,-0.05944461544461545,1000
Threshold,ecfp4,BNN-β,0.22170449439771045,0.3836823689996846,0.39778530898578623,0.7804181818181818,0.9490454545454545,0.9551150937812365,,,0.14777206024194792,10000,0.02880305632868407,10000,0.03220803015705703,10000
Threshold,ecfp4,VBLL-β,0.2228727709801328,0.4038665120099125,0.2421614599956946,0.7305779816513761,0.9523577981651377,0.821379637791835,0.7619909040366972,0.821379637791835,0.04690371358354398,9000,0.00031443564917265574,10000,0.01375499440841651,10000
Threshold,ecfp4,VBLL-α,0.1454587784198255,0.3599387638191715,0.25383416527382036,0.7286296296296296,0.9485462962962963,0.8598022373508334,0.8076706625925926,0.8598022373508334,0.14530705164154192,9000,0.015873317241685572,10000,0.017907364236148086,10000
Threshold,pdv,QRF,0.21963342494720375,0.33049324052580514,0.15156443529795383,0.6446363636363637,0.8832727272727273,0.6662624112955985,0.6662624112955985,,0.3597264826447163,1000,-0.04170003058534203,1000,-0.02655642324864275,1000
Threshold,pdv,NGBoost,0.25027263580254155,0.5100883368379764,0.14602473458460044,0.689,0.9499090909090909,0.6954919452668169,0.6954919452668169,,-0.049918103234698134,1000,-0.004345080104837904,1000,0.046970607012067775,1000
Threshold,pdv,BNN-α,0.21930145873599258,0.3969584516602412,0.21967618839091915,0.7237,0.9479363636363637,0.7681307206950908,,0.7681307206950908,0.0679034483031356,10000,0.0035412835798827613,10000,0.013796988037301151,10000
Threshold,pdv,GP,0.2260364042206888,0.35763485964989955,0.2298251543234427,0.7308,0.9439,0.7446913270078257,2.4829748104773652,0.7446913270078257,-0.20893941680088352,1000,-0.043340895272279835,1000,-0.041397840973646564,1000
Threshold,pdv,BNN-β,0.2260013120285676,0.38519681716036414,0.2708689149465959,0.7441272727272727,0.9507818181818182,0.8143764408093636,,,0.09962636230177373,10000,0.006715754106664786,10000,0.009329697465461896,10000
Threshold,pdv,VBLL-β,0.19755773874088947,0.3379139004555382,0.21884755449982363,0.7176788990825688,0.9405688073394496,0.7727251347419999,0.7067474046788992,0.7727251347419999,0.09666457760447031,10000,-0.011775504065566132,9000,0.00013386150758157373,10000
Threshold,pdv,VBLL-α,0.22588301384090323,0.443147929861417,0.17755114818343376,0.7055045871559633,0.9448348623853211,0.7472517644725688,0.7406181389908258,0.7472517644725688,0.10570361027645743,10000,0.005510275535285745,10000,0.020098743898810032,9000
Threshold,continuous_pdv,BNN-β,0.25556967975474576,0.4135707617353911,0.2867479882921279,0.7275454545454545,0.9392727272727273,0.8086465530461818,,0.8086465530461818,0.011905422191824234,1000,-0.03776769776769777,1000,0.007961251961251962,1000
Threshold,continuous_pdv,BNN-α,0.23252346387013764,0.38575414134075964,0.4050965694303592,0.7614545454545455,0.9438181818181818,0.9146790699020001,,0.9146790699020001,-0.03514289341037812,1000,-0.06145888945888946,1000,0.031802647802647806,1000
Threshold,continuous_pdv,QRF,0.28926267836411496,0.40870183154429796,0.15609913833672948,0.6957272727272727,0.9343636363636364,0.6919152238427001,0.6919152238427001,,-0.08619497706134804,1000,0.017898505187197607,1000,-0.00839780080089525,1000
Threshold,continuous_pdv,NGBoost,0.2790285569700993,0.5135035906056361,0.13971773643505173,0.689,0.9458181818181818,0.6832533841511401,0.6832533841511401,,0.01834711897837944,1000,0.016363609674507597,1000,0.023313516012921504,1000
Threshold,continuous_pdv,VBLL-α,0.19350583687282136,0.32825658676675645,0.2882965926024861,0.7336363636363636,0.9537272727272728,0.8509031015372728,0.7678119581818181,0.8509031015372728,0.22114832937352308,1000,0.007454887454887455,1000,0.02257184257184257,1000
Threshold,continuous_pdv,VBLL-β,0.24902530731443998,0.3844668058537677,0.26863501974287596,0.7064545454545454,0.9365454545454546,0.8308070108636364,0.7695260581818182,0.8308070108636364,0.055511674799752754,1000,0.014880722880722879,1000,-0.007782571782571784,1000
Threshold,mhggnn,BNN-α,0.0262214823163047,-0.023478811235870218,0.5236298103014696,0.3706181818181818,0.6294545454545455,0.7356059384885455,,0.7356059384885455,-0.006687442410464302,10000,-0.012345468333476654,10000,-0.018302063606596412,10000
Threshold,mhggnn,BNN-β,-0.00043286618084051255,0.03811972928730182,0.5422233638645694,0.4738363636363636,0.7376545454545455,0.9493802469043638,,,0.003882040677363034,10000,0.0011003552968604894,10000,-0.0010659767308646261,10000
Threshold,mhggnn,VBLL-α,0.08079928956159575,-0.046595627163842836,11.806539901175135,0.2613,0.3921545454545455,11.703873543094998,0.6625388301818184,11.703873543094998,0.028876947893140787,10000,-0.01043411485846052,10000,-0.01846150877721571,10000
Threshold,mhggnn,VBLL-β,0.06655907516700142,0.0003469047027279191,10.139649093748455,0.3356,0.5106181818181819,10.186292936569634,0.6667884173636361,10.186292936569634,-0.02342690433243756,10000,0.004303035161621549,10000,-0.010991728430950786,10000
Threshold,mol2vec,BNN-α,0.07124539538448577,-0.06330358422375824,0.7115216538574638,0.4346831683168317,0.7041980198019802,1.5434620192084159,,1.5434620192084159,0.007419252822844699,10000,-0.0052168368277856845,8000,-0.018026730093729088,10000
Threshold,mol2vec,BNN-β,0.07351516982327663,-0.0435238987019177,1.2188691081795442,0.4820816326530612,0.7251326530612245,2.6122145711590306,,,0.004110486849052072,10000,-0.0031948021237871234,8000,-0.011214204085501814,8000
Threshold,mol2vec,VBLL-β,0.10198703823656821,-0.002187339946755079,17.307520906135178,0.4262,0.5714090909090909,17.489582363676647,0.8476606285454544,17.489582363676647,-0.05174654216565015,10000,-0.007108889572137897,10000,0.001693575870913513,10000
Threshold,mol2vec,VBLL-α,0.113419714493862,0.0830841440754236,18.71088341669805,0.4449818181818182,0.5512818181818182,18.898357368551903,0.9315932101818182,18.898357368551903,0.005610260800072827,10000,-0.01841853394958981,10000,-0.006736908539004974,10000
Threshold,morgan,QRF,0.2194223903379608,0.3055518050012387,0.0865007177540541,0.65,0.911,0.6609468972190865,0.6609468972190865,,-0.10591450789094374,1000,0.0069880030299310485,1000,0.019311559485363523,1000
Threshold,morgan,NGBoost,0.2094774382943681,0.5113424040970117,0.14542592471632199,0.6954133333333333,0.9527866666666667,0.7076397692993146,0.7076397692993146,,-0.003927488074595379,10000,0.019248577003578442,10000,0.02776055927118122,10000
Threshold,morgan,BNN-β,0.24819381090577117,0.4428690208930374,0.20454588254186543,0.7107181818181818,0.9492,0.8206765784104545,,0.8206765784104545,0.04167004225961058,10000,-0.0072332226545275225,10000,-0.0011591957216510764,10000
Threshold,morgan,BNN-α,0.23958940197492218,0.44712636175007037,0.19453534310607382,0.7099805825242719,0.9505922330097087,0.7935413618594175,,0.7935413618594175,0.06174194363507921,10000,-0.0077644937940409275,10000,-0.0066723725530640175,10000
Threshold,morgan,GP,0.25945532209544636,0.5013362493840757,0.15679243382470065,0.7003545454545455,0.9537181818181818,0.7184959290211839,0.9581678179243527,0.7184959290211839,-0.1070108988207714,10000,-0.016309930537539673,10000,-0.008805792856295685,10000
Outlier,sns,QRF,0.2729419287693026,0.05076894472490353,0.14866623706485146,0.7290602088424795,0.9499000222172851,0.49883367275862084,0.49894452468590056,,0.256931417813028,1000,,1,0.10584994461319222,1000
Outlier,sns,NGBoost,0.19194785297295328,0.2832383370068788,0.12334227060915649,0.7058181818181818,0.9607272727272728,0.5991127493101012,0.5991127493101012,,-0.002466862299102919,1000,0.16163488782111626,1000,0.2028970342423916,1000
Outlier,sns,GP,0.04829639591891595,0.24136438233506313,0.1435090015973659,0.770125,0.953375,0.483704283563306,0.373636116752175,0.483704283563306,-0.07043303159904986,1000,-0.02352124801519423,1000,-0.03608132483903267,1000
Outlier,sns,BNN-α,0.12589426327503578,0.28706284579383445,0.1729684853051853,0.7888181818181819,0.9508090909090909,0.5119772483944546,,0.5119772483944546,0.08814566196318363,10000,0.16032188598896258,10000,0.23261267566488195,10000
Outlier,sns,BNN-β,0.14255827178861039,0.2984857304364287,0.1781803209417372,0.7926818181818182,0.9515363636363636,0.5199733751057273,,,0.04596287942482414,10000,0.17699351209363476,10000,0.283205216823826,10000
Outlier,smiles,BNN-α,0.09529554377016351,0.213808747755198,0.18991752516482668,0.7707545454545455,0.9526181818181818,0.591422418040391,,0.591422418040391,0.0672661779222973,10000,0.08815039673456176,10000,0.10377866342565464,10000
Outlier,smiles,BNN-β,0.11695616598461622,0.26351632763834726,0.17274599053053374,0.7623090909090909,0.9507727272727273,0.5780015222599091,,,0.0701488646272652,10000,0.13157969610977066,10000,0.1697633862331989,10000
Outlier,smiles,VBLL-α,0.06735845461353634,0.19173193540270211,0.20488908583474613,0.7457818181818182,0.9529,0.6975559967891819,0.6529024497272727,0.6975559967891819,0.18260614460580013,10000,0.09659131557794157,10000,0.16835159400054625,10000
Outlier,smiles,VBLL-β,0.04411904918732269,0.19858106466358022,0.23673024580441554,0.7622363636363636,0.9484272727272727,0.6641108456488183,0.5728370803636363,0.6641108456488183,0.09561586043679864,10000,0.08676341645919591,10000,0.15207754177105656,10000
Outlier,ecfp4,QRF,0.34099946739356957,0.0381359778094619,0.17401923630258642,0.7883,0.9418,0.4923621801926902,0.4923621801926902,,-0.1544954987158518,1000,0.09490995576414538,1000,0.09578449864655914,1000
Outlier,ecfp4,BNN-α,0.09113752297909829,0.19064360483832196,0.23010327287452315,0.8165504587155963,0.9498623853211009,0.5771378540292202,,0.5771378540292202,0.13707385120713542,10000,0.1434106347648854,10000,0.17589288051622431,10000
Outlier,ecfp4,NGBoost,0.26563925304875924,0.18878748784558358,0.10720784028114706,0.7150909090909091,0.9485454545454546,0.5308106374037389,0.5308106374037389,,0.04402160764051236,1000,0.18207046299469112,1000,0.2494069143713297,1000
Outlier,ecfp4,GP,0.14219234279497803,0.37165353630784026,0.336446308220059,0.8918181818181818,0.9705454545454546,0.6515121619181462,0.5327726625632621,0.6515121619181462,-0.24384381349075887,1000,-0.004856872856872857,1000,-0.015247467247467249,1000
Outlier,ecfp4,BNN-β,0.13183287482810555,0.22271170755919636,0.25751210926682655,0.8254727272727272,0.9488818181818182,0.6029949727577273,,,0.14777206024194792,10000,0.18933177506371815,10000,0.20266129936170166,10000
Outlier,ecfp4,VBLL-β,0.17160250235275307,0.2794163868111461,0.1926551159342208,0.7926320754716981,0.9596415094339623,0.5767039475746227,0.5244019962264151,0.5767039475746227,0.04690371358354398,9000,0.19482770904030466,10000,0.2696914798947145,10000
Outlier,ecfp4,VBLL-α,0.07437702822498256,0.30179557392268386,0.22058616727324254,0.7803909090909091,0.9527181818181818,0.6508737447441819,0.620386823,0.6508737447441819,0.12362748499780021,10000,0.21940411320718,10000,0.32428597102031687,10000
Outlier,pdv,QRF,0.28099582120074373,0.1368813402365495,0.132975091445882,0.6766363636363636,0.8916363636363637,0.3965002635714872,0.3965002635714872,,0.36371896201040466,1000,0.21745666021285595,1000,0.2260858285202988,1000
Outlier,pdv,NGBoost,0.24619171774068666,0.23640244934616003,0.11353641059892164,0.7353636363636363,0.9550909090909091,0.4842084641237907,0.4842084641237907,,-0.049918103234698134,1000,0.17656019944614104,1000,0.205311428788415,1000
Outlier,pdv,BNN-α,0.12131246927685492,0.2473635869685346,0.18070933540576187,0.7818,0.9489090909090909,0.5288248923494545,,0.5288248923494545,0.06742550799571143,10000,0.10547616112209941,10000,0.13695953163023125,10000
Outlier,pdv,GP,0.20701690472316456,0.16275440867008692,0.20547931657228755,0.7852727272727272,0.9483636363636364,0.5030203280557405,0.7163323942493005,0.5030203280557405,-0.20893941680088352,1000,0.0825348916387782,1000,0.06483125269537303,1000
Outlier,pdv,BNN-β,0.13406935984979612,0.26695688371753246,0.22314428861216523,0.8028818181818181,0.9530636363636363,0.5580398919061637,,,0.09962636230177373,10000,0.2036191450974071,10000,0.2495331493653728,10000
Outlier,pdv,VBLL-β,0.10142035809433024,0.18257903493813155,0.2275563041916287,0.7953577981651376,0.9475045871559633,0.5664627599021101,0.46910502366972484,0.5664627599021101,0.09666457760447031,10000,0.06880386643044342,9000,0.16977790767294468,10000
Outlier,pdv,VBLL-α,0.08133030380834047,0.23565961684246003,0.17056867800360387,0.7797777777777778,0.948462962962963,0.5337729976913889,0.5231500828703705,0.5337729976913889,0.10570361027645743,10000,0.0937961713678901,10000,0.16348751885060045,8000
Outlier,continuous_pdv,BNN-β,0.2469388116072804,0.39982934327914693,0.14359860840344774,0.7577272727272727,0.9553636363636364,0.4416930123851818,,0.4416930123851818,0.011905422191824234,1000,0.3884047484047484,1000,0.3625610545610546,1000
Outlier,continuous_pdv,BNN-α,0.21814578652860028,0.43337580235535533,0.183846646964055,0.7807272727272727,0.958,0.4795760056979091,,0.4795760056979091,-0.03514289341037812,1000,0.3518536358536359,1000,0.4847786207786208,1000
Outlier,continuous_pdv,QRF,0.36054540394608947,0.1460141946255261,0.10822814198495437,0.7290909090909091,0.9487272727272728,0.40382096070122425,0.40382096070122425,,-0.08619497706134804,1000,0.26826332994476015,1000,0.28942579800101115,1000
Outlier,continuous_pdv,NGBoost,0.29947599217742576,0.36379987784584233,0.10673184870808516,0.7187272727272728,0.9584545454545454,0.46405303742617543,0.46405303742617543,,0.01834711897837944,1000,0.30487319579950267,1000,0.2097739140671316,1000
Outlier,continuous_pdv,VBLL-α,0.09837158191145996,0.21087854480069054,0.221950086523587,0.7943636363636364,0.9604545454545454,0.5755417497199999,0.5508984090909091,0.5755417497199999,0.22114832937352308,1000,0.2303678063678064,1000,0.3415053055053055,1000
Outlier,continuous_pdv,VBLL-β,0.15766224107000495,0.35364454291006375,0.19326593261227598,0.7804545454545454,0.9594545454545454,0.5320685841927273,0.51607398,0.5320685841927273,0.055511674799752754,1000,0.24910654510654515,1000,0.21665583665583668,1000
Outlier,mhggnn,BNN-α,0.0029813152419279633,0.10825987154628539,0.4953499954158573,0.33640909090909094,0.5875545454545454,0.618305543027,,0.618305543027,-0.002365593399112181,10000,0.09498430206196126,10000,0.04762653686976559,10000
Outlier,mhggnn,BNN-β,0.009631404306461765,0.04717026939209029,0.5991721657521116,0.4214727272727273,0.6943,0.9361318030266363,,,0.003882040677363034,10000,0.015821968237262507,10000,0.006939168405153558,10000
Outlier,mhggnn,VBLL-α,0.08127934447918837,-0.10003888869871566,17.095412705330677,0.2640272727272727,0.3791818181818182,17.030379995670728,0.6762625154545454,17.030379995670728,0.028876947893140787,10000,-0.03745254696803198,10000,0.011230965423204984,10000
Outlier,mhggnn,VBLL-β,0.11265458599382419,-0.09213032399301538,14.95287241793248,0.3085727272727273,0.4616636363636364,15.007906297658273,0.6502916791818183,15.007906297658273,-0.02342690433243756,10000,-0.040393029848131694,10000,0.018490116294141698,10000
Outlier,mol2vec,BNN-α,0.04428649080266744,-0.024539174313385814,0.7040287076505679,0.4052688172043011,0.6830860215053763,1.165169829315914,,1.165169829315914,0.007419252822844699,10000,-0.019172292035956245,8000,-0.10181812991408606,7000
Outlier,mol2vec,BNN-β,0.02423948939856018,-0.08886364636588875,1.3872826307724084,0.44946,0.70707,1.75028862497478,,,-0.0008760459390462757,6000,-0.001983936162433564,9000,0.07646954034358708,10000
Outlier,mol2vec,VBLL-α,0.15250663910752996,-0.11062728852700401,23.28685854442306,0.40658181818181816,0.5098090909090909,23.419178175958073,0.8865405512727271,23.419178175958073,0.006020574670547641,10000,-0.06845906935603334,10000,0.052855917243291035,10000
Outlier,mol2vec,VBLL-β,0.169889089120007,0.04366896683554821,24.91483121382925,0.45687272727272726,0.5744272727272727,25.217474185344933,0.8133298099090909,25.217474185344933,-0.05174654216565015,10000,-0.0628145449968683,10000,0.02099209614477763,10000
Outlier,morgan,QRF,0.28486202168650604,0.017534692312884514,0.11291957995143481,0.7179090909090909,0.9435454545454546,0.5086776410508164,0.5086776410508164,,-0.10591450789094374,1000,0.09069283486946293,1000,0.07553185643823873,1000
Outlier,morgan,NGBoost,0.2278311110876268,0.30576283883003164,0.1141624895434024,0.7005454545454546,0.9586363636363636,0.6125755913516353,0.6125755913516353,,-0.00926462436413682,1000,0.20439516430051632,1000,0.2318801051483889,1000
Outlier,morgan,BNN-β,0.15708931989721106,0.23370258305138536,0.17376649443020453,0.7687075471698113,0.9500660377358491,0.5658363605118869,,0.5658363605118869,0.049079596902722164,8000,0.1378487627446908,10000,0.16425888082050213,10000
Outlier,morgan,BNN-α,0.135204693970793,0.16961748761542172,0.17068528456067272,0.7651376146788991,0.9473486238532111,0.5633726007903211,,0.5633726007903211,0.06174194363507921,10000,0.06661618880735946,10000,0.12288885728768124,10000
Outlier,morgan,GP,0.09496918678068333,0.3614851761350884,0.18257550113021964,0.7883577981651376,0.9576605504587156,0.54444442203379,0.13964978618993135,0.54444442203379,-0.1070108988207714,10000,0.0458551817617899,10000,0.04284971296565407,10000
Value-Prop.,sns,BNN-β,0.2519444901063111,0.4397711072740818,0.2004182027786469,0.7263148148148149,0.950675925925926,0.7480697546841667,,,0.04150565993777173,9000,-0.0036031400467880603,10000,0.00017354442177136794,10000
Value-Prop.,sns,BNN-α,0.25477649962133253,0.4615769917050003,0.19516123940461255,0.7247545454545454,0.9505272727272728,0.7348602221577271,,0.7348602221577271,0.09137575690133033,10000,0.0019535564719633937,10000,0.0030361631770174434,10000
Value-Prop.,smiles,BNN-β,0.21392408027704193,0.4224064468036941,0.1862549371809186,0.7104311926605504,0.947440366972477,0.7600572101314678,,,0.04166893054583784,10000,-0.005625000482317504,10000,0.00528019973886536,10000
Value-Prop.,smiles,BNN-α,0.2013125610502362,0.39030873496495133,0.19195710939613753,0.7144545454545455,0.9474,0.7583135368435454,,0.7583135368435454,0.047588072909558105,10000,0.005054934038609999,10000,0.008582933581983828,10000
Value-Prop.,smiles,VBLL-α,0.1364806523743766,0.33962298220247006,0.196186992801258,0.7004954128440367,0.9501926605504587,0.8224651402133027,0.8022352399082567,0.8224651402133027,0.1691030556513349,10000,0.0004955263129612094,10000,0.003935995137418991,10000
Value-Prop.,smiles,VBLL-β,0.13667652152194998,0.31460266713493845,0.250408390969863,0.7241284403669724,0.9485504587155963,0.837058584332477,0.7577616030275229,0.837058584332477,0.09996158921511686,10000,-0.010856667064163435,9000,-0.004330195657327937,10000
Value-Prop.,ecfp4,BNN-β,0.20824610682535757,0.3655693460820108,0.36050955944430507,0.7777244897959184,0.9506428571428571,0.8968490311974898,,,0.1423423310947611,9000,0.036676101757981396,10000,0.016429323049098363,9000
Value-Prop.,ecfp4,BNN-α,0.20114698500272854,0.375509858460945,0.289822055334674,0.7568613861386139,0.951,0.835432374197604,,0.835432374197604,0.13387036664937907,8000,0.015116777391694466,9000,0.03549152962909083,10000
Value-Prop.,ecfp4,VBLL-α,0.13735954442952336,0.3556476869833883,0.2501554990087161,0.7335925925925926,0.9493796296296296,0.8321342775445371,0.7796251215740742,0.8321342775445371,0.14530705164154192,9000,0.013891109803827911,10000,0.007565133688150635,10000
Value-Prop.,ecfp4,VBLL-β,0.21498277929414303,0.3959917643008506,0.22474460849760866,0.732212962962963,0.9523055555555555,0.780343424701389,0.7310301678703703,0.780343424701389,0.04690371358354398,9000,-0.0005243858501406159,9000,0.007033450798714314,10000
Value-Prop.,pdv,BNN-β,0.2102512505817595,0.35353853043361866,0.2651845801369894,0.746,0.950566037735849,0.7888514346712264,,,0.10623768569998324,8000,0.0026298583264422947,9000,0.015679534246684078,10000
Value-Prop.,pdv,BNN-α,0.21937780440035037,0.39683718776084415,0.21397965049949197,0.72675,0.949324074074074,0.7380874561662963,,0.7380874561662963,0.055383652828409416,10000,-0.0068345043385006415,9000,0.00707841016752524,10000
Value-Prop.,pdv,VBLL-α,0.2155740828157184,0.4345434422731733,0.17243193555841052,0.7098636363636364,0.9455545454545454,0.7167568695224547,0.7100876688181819,0.7167568695224547,0.10570361027645743,10000,-0.0016340249533501232,10000,-0.0012510672447738531,10000
Value-Prop.,pdv,VBLL-β,0.189725582488784,0.32525567063452665,0.2220624669080718,0.7243090909090909,0.9419181818181818,0.7486716808004,0.672585740909091,0.7486716808004,0.09666457760447031,10000,-0.004571319869955289,10000,-0.008750374351438175,10000
Value-Prop.,continuous_pdv,BNN-β,0.2541931815669821,0.41258302083132914,0.23328851244308,0.7235,0.9379,0.7068833441353,,0.7068833441353,0.011905422191824234,1000,-0.050348546348546346,1000,-0.011059199059199061,1000
Value-Prop.,continuous_pdv,BNN-α,0.23809084879347978,0.40734197985846105,0.43045461720363304,0.7881,0.9518,0.904893371412,,0.904893371412,-0.03514289341037812,1000,-0.02616291816291817,1000,,0
Value-Prop.,continuous_pdv,QRF,0.29651728817491324,0.4111098233450333,0.14904406395253625,0.6943636363636364,0.9355454545454546,0.6538558495839178,0.6538558495839178,,-0.08619497706134804,1000,0.030718802193304737,1000,0.03144770114587705,1000
Value-Prop.,continuous_pdv,NGBoost,0.28499343968790714,0.5167035466321578,0.13341562397023912,0.6877272727272727,0.9494545454545454,0.6533260169227109,0.6533260169227109,,0.01834711897837944,1000,0.01195817984160577,1000,0.03169854950536688,1000
Value-Prop.,continuous_pdv,VBLL-α,0.19981193580971596,0.33370171908340396,0.268797375213326,0.7313,0.9532,0.7960818107519999,0.726831481,0.7960818107519999,0.22114832937352308,1000,0.028252510337267868,1000,0.006186882186882187,1000
Value-Prop.,continuous_pdv,VBLL-β,0.2533564676798448,0.3981553148728384,0.250781099996562,0.713,0.9438,0.769943034886,0.715763973,0.769943034886,0.055511674799752754,1000,0.024446652446652447,1000,0.009936921936921937,1000
Value-Prop.,mhggnn,BNN-α,-0.007191485225473521,0.06701494675337741,0.4499570887783616,0.37683636363636364,0.639209090909091,0.6442140167320001,,0.6442140167320001,-0.0035277937267422666,10000,-0.01225698291126588,10000,-0.014808218330512777,10000
Value-Prop.,mhggnn,BNN-β,0.0009677343054067394,0.042307871192793264,0.7253141424179931,0.4772,0.7382090909090909,1.1350091935683635,,,0.003882040677363034,10000,0.009266097829135365,10000,-0.0038561986614685582,10000
Value-Prop.,mhggnn,VBLL-α,0.048117286790052886,0.011356542763076023,6.936673825424372,0.2505909090909091,0.38132727272727274,6.74968288388309,0.6695799633636363,6.74968288388309,0.028876947893140787,10000,0.009442838238948195,10000,-0.0015721743429884612,10000
Value-Prop.,mhggnn,VBLL-β,0.06206462371896406,0.08358736888759408,12.391530310020642,0.31682727272727274,0.4885909090909091,12.447179732545104,0.6606513880909091,12.447179732545104,-0.05404499116567109,10000,-0.009975792995073137,10000,-0.010591454822257906,10000
Value-Prop.,mol2vec,BNN-α,0.01083842561473973,-0.023016000932965637,0.41432752358584835,0.4216736842105263,0.700178947368421,0.7260647186648421,,0.7260647186648421,0.009088827516977463,8000,-0.013809661739870182,9000,-0.018523844307180803,10000
Value-Prop.,mol2vec,BNN-β,0.012534842078434187,-0.041915499583177036,1.2450100548002196,0.48941039527290303,0.7343572746194746,1.6407180050917893,,,0.004110486849052072,10000,-0.001048633118446052,9000,0.0021081048206838993,9000
Value-Prop.,mol2vec,VBLL-α,0.1204688228102901,0.056313966720965336,19.02635587059584,0.4756415094339623,0.5746603773584905,19.2081249966703,0.9073459115094339,19.2081249966703,0.005610260800072827,10000,0.011139119176426323,10000,0.014406573573408212,10000
Value-Prop.,mol2vec,VBLL-β,0.11401446667413455,-0.012020676174342179,17.258771142991165,0.44487037037037036,0.5813796296296296,17.430183360751844,0.8392779097222223,17.430183360751844,0.02773868717805637,10000,-0.007646528305066855,10000,-0.008201262720093874,9000
Value-Prop.,morgan,QRF,0.20952241876084843,0.28832937168521666,0.09212061115962444,0.6581818181818182,0.917,0.6425983611321909,0.6425983611321909,,-0.10591450789094374,1000,0.025771202080456506,1000,-0.02740978557424429,1000
Value-Prop.,morgan,NGBoost,0.16617394854040973,0.463759620115792,0.14820741801971457,0.6912,0.9499,0.7560564982006079,0.7560564982006079,,-0.00926462436413682,1000,0.06539238577724125,1000,0.09496124073493944,1000
Value-Prop.,morgan,BNN-β,0.23782588208011363,0.43435058404677107,0.2002259095525667,0.7153084112149533,0.9504018691588785,0.7886259897120561,,0.7886259897120561,0.04167004225961058,10000,-0.0015541950756165523,10000,-0.0005188160212146199,10000
Value-Prop.,morgan,BNN-α,0.22269927495231104,0.4269384987497588,0.19435005650687953,0.7117706422018348,0.950256880733945,0.7770203698720184,,0.7770203698720184,0.06174194363507921,10000,-0.005201854114205808,10000,-0.005337731483617512,10000
Value-Prop.,morgan,GP,0.16911978094438768,0.4664793004975014,0.14047170945128365,0.732046511627907,0.9544883720930233,0.5454819325149876,0.22054073719767223,0.5454819325149876,-0.1070108988207714,10000,-0.017578640468261027,10000,,0
Heteroscedastic,sns,BNN-α,0.15093253499255874,0.33938844114885786,0.16206662418363837,0.7441009174311927,0.9511192660550458,0.5605319625990459,,0.5605319625990459,0.09137575690133033,10000,0.006504842034394923,10000,0.006965795543037182,10000
Heteroscedastic,sns,BNN-β,0.15454207311322354,0.320963071271344,0.16658477679638345,0.7454907407407407,0.9508703703703704,0.5713148753957684,,,0.04596287942482414,10000,0.00025603754661337525,10000,0.0061865824771650075,10000
Heteroscedastic,smiles,BNN-β,0.14058331686296302,0.2876234128255595,0.1510708543626624,0.7199636363636364,0.9477636363636364,0.6044677548589091,,,0.05256098529792741,10000,0.01794009884367009,10000,0.014367171227801016,10000
Heteroscedastic,smiles,BNN-α,0.11857217640134184,0.24733932386623034,0.1688411502050518,0.7310727272727273,0.9488636363636364,0.6156365938396365,,0.6156365938396365,0.043636789841103245,10000,0.003927830433419707,10000,0.015770108041890323,10000
Heteroscedastic,smiles,VBLL-α,0.07051680074574841,0.1676349999234049,0.19391291105285596,0.7171214953271028,0.9507383177570093,0.7156816279363553,0.6792621488785047,0.7156816279363553,0.18203738029365238,10000,0.006197395250029729,10000,0.012972628083843035,10000
Heteroscedastic,smiles,VBLL-β,0.07491194579269773,0.19779654164788196,0.22663034162335108,0.7401272727272727,0.9473636363636364,0.6967685776771819,0.6127335662727272,0.6967685776771819,0.09377587570140299,10000,-0.005496281856995796,10000,0.012405165688163302,10000
Heteroscedastic,ecfp4,BNN-α,0.11308258860217668,0.2438481804570474,0.22574969822222957,0.7786428571428572,0.9509183673469388,0.6353525078098674,,0.6353525078098674,0.13083361017013162,6000,0.03259363836633528,9000,0.02436893718351519,9000
Heteroscedastic,ecfp4,BNN-β,0.15320774576723134,0.2678900520573159,0.2590745738346736,0.7920510204081632,0.9526020408163265,0.6658593871719183,,,0.15631856157676285,8000,0.016383430192200194,8000,0.01968025822539304,10000
Heteroscedastic,ecfp4,VBLL-α,0.070868191549768,0.22222873763914838,0.20862980874440532,0.7543211009174312,0.9520366972477065,0.6733407518742202,0.6496486497247705,0.6733407518742202,0.12362748499780021,10000,0.018485182715850028,10000,0.01546561107248293,9000
Heteroscedastic,ecfp4,VBLL-β,0.17281868803189437,0.27105668049154513,0.18075869795921606,0.7503394495412844,0.9569633027522936,0.6167013551293578,0.572090249266055,0.6167013551293578,0.04106974753446564,10000,0.029431098236165142,10000,0.037403707030617926,10000
Heteroscedastic,pdv,BNN-α,0.14507985023963288,0.2526680826895742,0.17438652303639007,0.7398796296296296,0.9494722222222223,0.5687017438564815,,0.5687017438564815,0.07228806699798689,9000,0.006927191574963868,9000,0.01403696586376253,10000
Heteroscedastic,pdv,BNN-β,0.1566029266697857,0.2391569946819114,0.20684967109626526,0.7549259259259259,0.9505370370370371,0.593518534985426,,,0.10368007477986053,9000,0.014321995906307934,10000,0.02185478215260419,10000
Heteroscedastic,pdv,VBLL-α,0.11907824673817194,0.27148676721952525,0.15289677147015476,0.7333636363636363,0.9469727272727273,0.5690134626691818,0.5548024425454545,0.5690134626691818,0.10570361027645743,10000,-0.0015135019079138086,10000,0.0029006482243233702,10000
Heteroscedastic,pdv,VBLL-β,0.12242411056039881,0.17397837185272294,0.20629357650854063,0.7489636363636364,0.9449363636363637,0.5964858257331273,0.5059983995454546,0.5964858257331273,0.09666457760447031,10000,0.0010043872678638225,10000,0.008041701514964453,10000
Heteroscedastic,continuous_pdv,BNN-β,0.22856978399723873,0.33305208386948165,0.17052155734554453,0.7234545454545455,0.9431818181818182,0.522414286921909,,0.522414286921909,0.011905422191824234,1000,-0.035662955662955666,1000,-0.015993339993339996,1000
Heteroscedastic,continuous_pdv,BNN-α,0.2085241327303865,0.29712567966660847,0.21460367622276555,0.7492727272727273,0.9485454545454546,0.5646386061954545,,0.5646386061954545,-0.03514289341037812,1000,-0.0035909195909195916,1000,-0.009023313023313025,1000
Heteroscedastic,continuous_pdv,QRF,0.29451340951046123,0.25767307466366446,0.12630377023439457,0.7136363636363636,0.9415454545454546,0.4904926947061621,0.4904926947061621,,-0.08619497706134804,1000,-0.011347470096403148,1000,0.02139501429360491,1000
Heteroscedastic,continuous_pdv,NGBoost,0.28453883547875924,0.41216580228171756,0.09926174117872355,0.6854545454545454,0.9522727272727273,0.501881248677706,0.501881248677706,,0.01834711897837944,1000,0.02350113422486268,1000,0.05219598186240102,1000
Heteroscedastic,continuous_pdv,VBLL-α,0.08486777585655383,0.17158784411091924,0.22670294542650377,0.7388181818181818,0.9499090909090909,0.6489613792318182,0.5881229718181817,0.6489613792318182,0.22114832937352308,1000,0.04897851697851698,1000,0.056308652308652306,1000
Heteroscedastic,continuous_pdv,VBLL-β,0.2013811868046623,0.3301748474129563,0.17187521971815511,0.7266363636363636,0.9483636363636364,0.5628504263590909,0.56199746,0.5628504263590909,0.055511674799752754,1000,0.051008367008367014,1000,0.05932640332640333,1000
Heteroscedastic,mhggnn,BNN-α,-0.0011632691964868962,0.06482902969120422,0.48531557853232965,0.3451926605504587,0.6012018348623853,0.6319198979231926,,0.6319198979231926,-0.004628934564369102,9000,-0.0019782213351711977,10000,-0.0061609878141096995,10000
Heteroscedastic,mhggnn,BNN-β,0.005204576587767953,0.0596802615664654,0.5812978153900621,0.443697247706422,0.7193669724770643,0.973626558447523,,,0.01395459860676255,9000,-0.006833241479737895,10000,-0.007792906469196093,10000
Heteroscedastic,mhggnn,VBLL-α,0.06289165849930933,-0.07679508241722194,9.675102445903134,0.26123636363636366,0.3771,9.525266912173592,0.6689137096363637,9.525266912173592,0.028876947893140787,10000,-0.010223775920365713,10000,-0.020234588376729156,10000
Heteroscedastic,mhggnn,VBLL-β,0.07581071197102207,0.04107017178689942,11.829855177353874,0.3120277777777778,0.47167592592592594,11.858210113246297,0.648878741574074,11.858210113246297,-0.05404499116567109,10000,-0.0026692085746659083,10000,0.007425714552393649,10000
Heteroscedastic,mol2vec,BNN-α,0.03872183578345693,0.04085789586796512,0.666988009928887,0.41293939393939394,0.7017676767676768,1.155899834169394,,1.155899834169394,0.01500860095250126,7000,-0.009386901391174318,10000,-0.012204495400077233,9000
Heteroscedastic,mol2vec,BNN-β,0.010702924387201183,-0.005513893938605981,1.3431691554289276,0.5001057692307692,0.7546442307692308,1.7932828855392786,,,0.004110486849052072,10000,0.0018537679077821284,10000,0.009291230579010313,10000
Heteroscedastic,mol2vec,VBLL-α,0.051938017155140466,-0.03182878510512193,9.148318574922966,0.35513333333333336,0.45877142857142855,9.123823133536,0.8929760164761905,9.123823133536,0.005610260800072827,10000,-0.0047893744858998975,10000,-0.00954998236991831,10000
Heteroscedastic,mol2vec,VBLL-β,0.15552124509410747,0.0024102146248534784,21.285933269217463,0.4351376146788991,0.5714678899082569,21.503205244207756,0.8475215566972478,21.503205244207756,0.00281184228722768,10000,-0.009442187398179598,10000,-0.0021568628938878264,10000
Heteroscedastic,morgan,QRF,0.21422804123440836,0.15560289902866734,0.11968639003380303,0.6947272727272727,0.9414545454545454,0.5617941880740607,0.5617941880740607,,-0.10591450789094374,1000,0.010097446218615573,1000,0.016427320624448474,1000
Heteroscedastic,morgan,NGBoost,0.19361322990373406,0.31867770757033603,0.11212158530562191,0.6852727272727273,0.9532727272727273,0.6314402465302104,0.6314402465302104,,-0.00926462436413682,1000,0.05750365677566348,1000,0.07585206776938745,1000
Heteroscedastic,morgan,BNN-β,0.1558839113963995,0.29684352895848687,0.16504159068215637,0.7303425925925926,0.9499074074074074,0.6147273343755556,,0.6147273343755556,0.04542852181079005,9000,0.013689748181349244,10000,0.017246949851349096,10000
Heteroscedastic,morgan,BNN-α,0.14217939247294145,0.2742853740588177,0.16085998796709383,0.7288130841121495,0.9496168224299065,0.608040535470187,,0.608040535470187,0.06174194363507921,10000,0.010891117255433947,10000,0.013262912419146379,10000
Heteroscedastic,morgan,GP,0.17020284283359227,0.4325834407289705,0.14111404708487119,0.729,0.9543394495412844,0.5535728924015707,0.24185905361085341,0.5535728924015707,-0.1070108988207714,10000,-0.002648843438559953,10000,-0.0045855599859794096,10000
