model,rep,Heteroscedastic,Gaussian,Outlier,Quantile,Threshold,Value-Prop.,MEAN,STD
ngboost,smiles,0.9268564575754542,0.8568620284394369,0.9510195815475363,0.8706334570806281,0.6525747388559824,0.7085979922834925,0.8277573759637552,0.12048863306754297
ngboost,sns,,0.8488961128316704,0.9524127942188149,0.8648485204022401,0.6445567429373935,,0.8276785425975297,0.13028688802655533
ngboost,randomized_smiles,,0.8470461820429395,0.9433919677810786,0.8713863996745184,0.6453234551939486,,0.8267870011731213,0.1277044472120171
ngboost,pdv,0.9236842162778244,0.8531853566058257,0.956186905327459,0.8726218768646707,0.6482774224619866,0.7043870574443499,0.8263904724970196,0.12310774711276087
xgboost,sns,,0.847881012364556,0.952613746005315,0.8685829272918546,0.6352068208455337,,0.8260711266268148,0.13506188958180093
ngboost,mol2vec,0.9239478682071689,0.8549962354468851,0.9521199368486719,0.8751041055284203,0.6459998453839187,0.703415524371843,0.8259305859644845,0.12343338172785577
ngboost,continuous_pdv,0.9217169072360127,0.8508255452863827,0.9528614515451044,0.8728819251410758,0.6447723548588324,0.7007366089215897,0.8239657988314996,0.12375728300521965
rf,mol2vec,0.9215414719350852,0.8492079466292872,0.9571362703010466,0.8771548486465519,0.638436542620105,0.695999214169209,0.8232460490502141,0.12768325728983518
rf,randomized_smiles,,0.8454147926159243,0.9508640779415619,0.8686443635383879,0.6278989940918398,,0.8232055570469285,0.13783962513281275
ngboost,ecfp4,0.916196670180614,0.8519813507454703,0.954027634138036,0.8682657666275404,0.6456145287049065,0.7004946872858773,0.8227634396137407,0.12265038920838812
xgboost,randomized_smiles,,0.845404007079639,0.9478876857524686,0.8644427579981264,0.6300551025043908,,0.8219473883336562,0.1354494706285137
svm,mol2vec,0.9211607969168385,0.8472743807701122,0.9571503036296427,0.8740015970456559,0.6352566663423534,0.6943092583508262,0.8215255005092382,0.1285442148872249
svm,pdv,0.9208496352355323,0.8467890888087046,0.9572851577473994,0.8730725942876344,0.6331809618626753,0.6965155472821293,0.8212821642040126,0.12860180279591704
lgb,pdv,0.9201300193899437,0.8481946851009854,0.955377476413129,0.8716364679142654,0.6353064332221041,0.694241306061808,0.8208143980170393,0.12785720960119726
ngboost,mhggnn,0.9205852152479644,0.8492781324025569,0.9456330906115149,0.8650119558086038,0.6434346911070125,0.7004948322576295,0.8207396529058805,0.12185060942716613
ngboost,morgan,0.9222437624207165,0.8488381336467868,0.9467889783176686,0.8619107772054941,0.646372738767029,0.69758865633783,0.8206238411159208,0.12185730261990327
rf,sns,,0.8443647815411691,0.952453290431876,0.8645190774041343,0.6202021775523605,,0.820384831732385,0.14146618259224186
svm,sns,,0.8377666204251117,0.9570105368444425,0.8692925721603683,0.6154970111037747,,0.8198916851334243,0.1453028139403659
xgboost,pdv,0.9213112603804906,0.848687865365346,0.9537467894628351,0.8695942822336226,0.632667777207937,0.6920027949768541,0.8196684616045141,0.12877169588437842
lgb,sns,0.9201435249177607,0.8478324456710202,0.9539837281081411,0.8672516862578592,0.6340271617310831,0.6935311199289814,0.8194616111024744,0.12772334703689567
rf,morgan,0.9288506473436509,0.8431516271985076,0.9520660018755756,0.8655942207588645,0.6325344139215942,0.6903055484865664,0.8187504099307933,0.12950625541040273
lgb,ecfp4,0.9319369232863244,0.8454152717009291,0.9509355705898134,0.8627746228320896,0.6244466022412511,0.6921274112115556,0.8179394003103272,0.1316940824384388
rf,continuous_pdv,0.9205694390413892,0.8455319879645693,0.9548335023402059,0.8720071522874638,0.6264169046885002,0.6869563652929733,0.8177192252691836,0.13175334807670125
xgboost,smiles,0.9213469782929452,0.8457988178042721,0.9493379905949818,0.8644707766952209,0.6287036941262957,0.6937193443627407,0.8172296003127427,0.128170031397961
lgb,smiles,0.9215580109767586,0.8455315115676306,0.9558041965418667,0.8659852127338826,0.6266329875495685,0.6868601937301233,0.8170620188499716,0.13159675253075506
lgb,continuous_pdv,0.9193239562941796,0.845401266702507,0.9509689776935666,0.865315352667581,0.6296188621332732,0.689885888592379,0.8167523840139143,0.1287075790579336
xgboost,morgan,0.9202834490088055,0.8456985070045109,0.9525722661518269,0.8644755399167805,0.6284052548453847,0.6866703832053654,0.8163509000221123,0.13013539127574553
dnn_bnn_full,pdv,0.9229156756514144,0.8466965439078381,0.9433491662731823,0.8633845767597498,0.6302223049284518,0.6902880893799659,0.8161427261501005,0.12739942072582008
svm,ecfp4,0.9189188727373263,0.8418842752706519,0.953679362148293,0.8693546628176042,0.6229640724252784,0.6839813375077788,0.8151304304844889,0.13247782950498868
lgb,morgan,0.9189569281699606,0.8434847797060503,0.9520751085642923,0.8644135755044248,0.6243431330247461,0.6846688565178164,0.814657063581215,0.13128994986315579
rf,smiles,0.9187835252215953,0.842776298639235,0.9530347468869987,0.8695744053891052,0.6203093768864408,0.6829876598848874,0.8145776688180438,0.13334551093643932
rf,ecfp4,0.9140548834015345,0.8436372285207637,0.9508748478698261,0.8672843918815587,0.6262810739612281,0.6842413377026387,0.8143956272229249,0.1300292750986605
xgboost,continuous_pdv,0.9182359564321914,0.8438505253242973,0.9458828488927873,0.8642694519005685,0.6276595134834145,0.6864729829262012,0.8143952131599099,0.12857781452510358
xgboost,ecfp4,0.9229439470545362,0.8470458903871863,0.9467027223161859,0.8574284143871915,0.6208321729929837,0.6887652036838798,0.8139530584703273,0.13073209593326754
svm,mhggnn,0.9153336442833149,0.8381501041070359,0.9570393109026234,0.8704026772412321,0.6206773496952658,0.6805409002648571,0.8136906644157215,0.13392359444663451
svm,continuous_pdv,0.9157645962096886,0.83884555152934,0.9555554743011696,0.870365022270627,0.6198463625688269,0.6816512835266624,0.8136713817343857,0.13371572252568042
xgboost,mhggnn,0.9192319605700341,0.8420293747693972,0.9476637279703782,0.8631827498455356,0.6245339909030577,0.6840914127306561,0.8134555361315098,0.13031974327529897
rf,mhggnn,0.9172404194787456,0.8382197129199818,0.9541696947132478,0.86698595161927,0.6212935968344531,0.6803360804145303,0.8130409093300383,0.13318897490674844
svm,morgan,0.9156612463867775,0.8408232192376905,0.9571345490038972,0.8678038071133227,0.6174917413579278,0.6782445661638237,0.81285985487724,0.13525832826913486
lgb,mol2vec,0.9138320630148844,0.842719144089189,0.952144876052695,0.8648845309133998,0.6180533106579142,0.684398438689152,0.8126720605695391,0.1323975540019242
mlp_bnn_full,pdv,0.9179369477429026,0.8390928141462697,0.9472904170321917,0.8605780814830708,0.6268114067795642,0.6829003169030347,0.812434997347839,0.12929067430817445
lgb,mhggnn,0.9174790888458522,0.8405819619758904,0.9501985446640859,0.8623035283521917,0.6201468228674446,0.6815944892924097,0.8120507393329791,0.13220081149370996
xgboost,mol2vec,0.9167284641114988,0.8384035912055472,0.9495104172616299,0.8624499880243903,0.6205108186330883,0.6804281571994502,0.8113385727392676,0.13198192940945133
mlp,mol2vec,0.9224773879781034,0.846089802929355,0.9466377352731065,0.8677640764554013,0.6136386288376056,0.6638957488870374,0.8100838967267681,0.13846616478927706
mlp_vbll,pdv,0.915003185319097,0.8374139182749353,0.9482371496380979,0.8607511307653353,0.6184217162221783,0.6769552319585329,0.8094637220296961,0.1325622889139006
rf,pdv,0.9167082370333235,0.8383065548158182,0.9510818066327817,0.8626350454824884,0.6072079746243687,0.6692792367576796,0.8075364758910767,0.13838566264556057
svm,smiles,0.912113035392787,0.8319510442408575,0.9562300901709054,0.8697651253353973,0.6047352288115735,0.6659390505029452,0.8067889290757444,0.14049152815759816
dnn,pdv,0.911770493915786,0.8350114099898721,0.942998495860489,0.8541298737693224,0.6116105294890988,0.6734060577057496,0.8048211434550528,0.13302196320307055
mlp_vbll,ecfp4,0.9070978361038774,0.8312541030144587,0.950707705503302,0.855413803487409,0.6083523960726488,0.6695860317161505,0.803735312649641,0.135560436278049
mlp_bnn_full,continuous_pdv,0.9129106109924127,0.8342918344517394,0.9412288801685025,0.8464004447370785,0.6094869582651139,0.6683018008613417,0.8021034215793647,0.13389280957810562
dnn_vbll,pdv,0.9109331961142677,0.829710512734079,0.951929924064077,0.856704487680404,0.5986565017219866,0.6618491409697452,0.8016306272140933,0.14078060931479122
dnn_bnn_full,continuous_pdv,0.9111940458746348,0.828629025196183,0.9419129389160046,0.8464647992294796,0.6062302663195833,0.6687216314390091,0.8005254511624824,0.1343585202880246
mlp_vbll,continuous_pdv,0.9035266091427493,0.8198960995192417,0.9432184219291248,0.839826856683497,0.5947220714350947,0.6537495044371822,0.7924899271911484,0.13885325831001186
dnn_bnn_full,ecfp4,0.8996922571167725,0.8176410124681014,0.9455053532314766,0.8378925575431803,0.5872766550312748,0.6557704867496931,0.7906297203567498,0.14027399354810133
dnn,continuous_pdv,0.9040799594985863,0.820149747921784,0.937867806089852,0.8389409618262116,0.5829329581424004,0.6503944268824359,0.7890609767268782,0.14180587827177168
mlp,pdv,0.9048741814798213,0.8103414872628634,0.942518521508525,0.8420874670616538,0.5869561009334783,0.6472134416310652,0.7889985333129012,0.14226290162132804
dnn_bnn_full,morgan,0.8952919517922866,0.9297246203511591,0.943751711267032,0.8276883078676354,0.5268347284641273,0.6036888073691975,0.7878300211852397,0.1786666895118918
dnn_bnn_full,smiles,0.9014779971313626,0.815532478436063,0.9444258207195618,0.8308136170712177,0.5809466241024542,0.6505100808967184,0.7872844363928962,0.14262457189014074
dnn_bnn_full,sns,0.902123389399241,0.8139246790584876,0.9383037310378305,0.8317380082005462,0.5737496980980431,0.6414453995780418,0.7835474842286984,0.14523288560602057
dnn_vbll,ecfp4,0.9068186327900638,0.8177611006151659,0.9282875958875655,0.8201336011807353,0.5841829471007577,0.6436472840118306,0.7834718602643531,0.13998059998555648
mlp_bnn_full,smiles,0.9006400061947947,0.8114931579224409,0.9452908618743439,0.827604002082246,0.5711264951818038,0.6424599839800513,0.7831024178726134,0.1467110678618929
mlp_bnn_full,ecfp4,0.9049027490115865,0.8101365679061093,0.9414184478163841,0.8319690531001152,0.573944067803256,0.6358326065099866,0.7830339153579065,0.14727774027066282
mlp_vbll,smiles,0.8985763568467109,0.8124485268907274,0.939973560001478,0.8326282339556029,0.5747746505860052,0.6372790968612505,0.7826134041902959,0.14554741574848687
dnn_vbll,continuous_pdv,0.9015507433604215,0.8113783100261363,0.9322176340626888,0.8229418813928047,0.5772304775811237,0.6410150954269376,0.7810556903083521,0.1422666446344773
mlp_bnn_full,sns,0.899082471837432,0.8063037945294366,0.9403642420941569,0.8244152349013623,0.5601908724770176,0.6260853191698564,0.7760736558348769,0.1513110785010654
dnn_vbll,smiles,0.8940017597368093,0.7991793164141181,0.9332057617414107,0.823510302398685,0.5410749341455587,0.6127120458432574,0.7672806867133065,0.15673491019130364
dnn,ecfp4,0.8875939110363187,0.7954665457290702,0.934650239194113,0.828414629140916,0.5181213276514913,0.592932800464335,0.7595299088693741,0.16681532598312815
mlp_bnn_full,morgan,0.8919340929373678,0.792930121063828,0.9437711473138178,0.8246652279848038,0.5079809400447985,0.5867938989777871,0.7580125713870672,0.173167366917049
mlp,continuous_pdv,0.8916498079635081,0.7891972006948186,0.934342519629147,0.815956816405814,0.5159765929213718,0.5902029443920447,0.7562209803344507,0.16733404033594174
dnn,morgan,0.882453266799968,0.7803381799557065,0.9343953373356808,0.8168021818989402,0.4953206939712045,0.5734379359731423,0.7471245993224404,0.17487970081458912
mlp,morgan,0.8839350132189825,0.778806382685893,0.9367790078428382,0.8134049767800595,0.4898966853466822,0.567403313087077,0.7450375631602554,0.17805758281496364
dnn,sns,0.8894365164105036,0.7823943723772617,0.9307104109558343,0.8056732332121237,0.4902090803827634,0.5699306514972302,0.7447257108059527,0.1766335655651542
dnn,mol2vec,0.8291688306299307,0.78700377247897,0.8859031548409319,0.7919269097716077,0.5647608234602854,0.5697797825270998,0.7380905456181376,0.13697181087271196
mlp,ecfp4,0.8743909080755035,0.777287972978317,0.934831132364933,0.8148638267451375,0.46992126341086443,0.5532133503905206,0.7374180756608794,0.18482794714321674
dnn,randomized_smiles,,0.7625710977165001,0.9236605781621298,0.8094412994641121,0.44639272329062035,,0.7355164246583406,0.20427724595066135
dnn,smiles,0.8844489661830729,0.7710265643729054,0.9333389330659038,0.8084952325281143,0.4603554021356787,0.5520967209829191,0.7349603032114324,0.1882849136622644
mlp,mhggnn,0.8499009643142378,0.7734797430107867,0.9454335470701347,0.7391682619583809,0.49009346905700013,0.5415821615272481,0.7232763578229647,0.17637889941000615
mlp,sns,0.8685428606939352,0.7409376603659893,0.9231787471158,0.7897842841730965,0.43273444823371016,0.5231555229961682,0.7130555872631166,0.1947484083790052
dnn,mhggnn,0.9061539304125453,0.6896618267104065,0.8787989600534102,0.7673118405818703,0.433525588033097,0.5548738505397505,0.7050543327218466,0.18494496839054203
mlp,randomized_smiles,,0.6981048462207313,0.9171391107910966,0.7642390918865289,0.3047666379063331,,0.6710624217011725,0.2608572551735665
mlp,smiles,0.8461763730697751,0.7044445107874433,0.9264596818328966,0.7657861412845264,0.29667421173757696,0.41196660232580834,0.6585845868396712,0.24993703229843217
