kind,level,type,rep,model,dose,r2,base
noise,0.1,Gaussian,0,RF,0.09944077167005906,0.9178635675203599,0.9194864335571435
noise,0.1,Gaussian,0,LGBM,0.09944077167005906,0.9174227680472098,0.9212422032916183
noise,0.1,Gaussian,0,Ridge,0.09944077167005906,0.8958906727983784,0.8973697977890748
noise,0.1,Gaussian,1,RF,0.09915637480899937,0.9195817882200316,0.9194864335571435
noise,0.1,Gaussian,1,LGBM,0.09915637480899937,0.9207128925128633,0.9212422032916183
noise,0.1,Gaussian,1,Ridge,0.09915637480899937,0.8986091378142471,0.8973697977890748
noise,0.1,Gaussian,2,RF,0.09793599073582425,0.917102135536987,0.9194864335571435
noise,0.1,Gaussian,2,LGBM,0.09793599073582425,0.917601566183103,0.9212422032916183
noise,0.1,Gaussian,2,Ridge,0.09793599073582425,0.8998353753482957,0.8973697977890748
noise,0.1,Student-t nu=3,0,RF,0.10118968521959926,0.9208266609411746,0.9194864335571435
noise,0.1,Student-t nu=3,0,LGBM,0.10118968521959926,0.9172253067917013,0.9212422032916183
noise,0.1,Student-t nu=3,0,Ridge,0.10118968521959926,0.8966081687106782,0.8973697977890748
noise,0.1,Student-t nu=3,1,RF,0.09472552442387971,0.9227052296444461,0.9194864335571435
noise,0.1,Student-t nu=3,1,LGBM,0.09472552442387971,0.9228940250776541,0.9212422032916183
noise,0.1,Student-t nu=3,1,Ridge,0.09472552442387971,0.8992020422696296,0.8973697977890748
noise,0.1,Student-t nu=3,2,RF,0.09794348426015029,0.9175980664357337,0.9194864335571435
noise,0.1,Student-t nu=3,2,LGBM,0.09794348426015029,0.9175293680107762,0.9212422032916183
noise,0.1,Student-t nu=3,2,Ridge,0.09794348426015029,0.8972676088752101,0.8973697977890748
noise,0.1,Grouped,0,RF,0.09881805350667237,0.9222106090672894,0.9194864335571435
noise,0.1,Grouped,0,LGBM,0.09881805350667237,0.9231810891685126,0.9212422032916183
noise,0.1,Grouped,0,Ridge,0.09881805350667237,0.8968757084342672,0.8973697977890748
noise,0.1,Grouped,1,RF,0.09781579953308858,0.9206572320584195,0.9194864335571435
noise,0.1,Grouped,1,LGBM,0.09781579953308858,0.9213665277505695,0.9212422032916183
noise,0.1,Grouped,1,Ridge,0.09781579953308858,0.8963824081008089,0.8973697977890748
noise,0.1,Grouped,2,RF,0.0972321842339921,0.9188878819901429,0.9194864335571435
noise,0.1,Grouped,2,LGBM,0.0972321842339921,0.9125817191969454,0.9212422032916183
noise,0.1,Grouped,2,Ridge,0.0972321842339921,0.8954031293595489,0.8973697977890748
noise,0.1,Outlier p=0.05,0,RF,0.10095964655285808,0.9182922083166741,0.9194864335571435
noise,0.1,Outlier p=0.05,0,LGBM,0.10095964655285808,0.9175320061006398,0.9212422032916183
noise,0.1,Outlier p=0.05,0,Ridge,0.10095964655285808,0.8976861169868166,0.8973697977890748
noise,0.1,Outlier p=0.05,1,RF,0.10225467852416607,0.9212565835900763,0.9194864335571435
noise,0.1,Outlier p=0.05,1,LGBM,0.10225467852416607,0.9187489021375506,0.9212422032916183
noise,0.1,Outlier p=0.05,1,Ridge,0.10225467852416607,0.9006247015851805,0.8973697977890748
noise,0.1,Outlier p=0.05,2,RF,0.0994834058021523,0.919601773079175,0.9194864335571435
noise,0.1,Outlier p=0.05,2,LGBM,0.0994834058021523,0.9207270749863552,0.9212422032916183
noise,0.1,Outlier p=0.05,2,Ridge,0.0994834058021523,0.8978696458765263,0.8973697977890748
noise,0.2,Gaussian,0,RF,0.19888154334011812,0.9165584566551433,0.9194864335571435
noise,0.2,Gaussian,0,LGBM,0.19888154334011812,0.9134096279683035,0.9212422032916183
noise,0.2,Gaussian,0,Ridge,0.19888154334011812,0.8935182258153207,0.8973697977890748
noise,0.2,Gaussian,1,RF,0.19831274961799875,0.9177771268539577,0.9194864335571435
noise,0.2,Gaussian,1,LGBM,0.19831274961799875,0.9137338083105873,0.9212422032916183
noise,0.2,Gaussian,1,Ridge,0.19831274961799875,0.8983855998319278,0.8973697977890748
noise,0.2,Gaussian,2,RF,0.1958719814716485,0.9141687516369081,0.9194864335571435
noise,0.2,Gaussian,2,LGBM,0.1958719814716485,0.9082050027962889,0.9212422032916183
noise,0.2,Gaussian,2,Ridge,0.1958719814716485,0.9008842085479691,0.8973697977890748
noise,0.2,Student-t nu=3,0,RF,0.2023793704391985,0.9174639818812481,0.9194864335571435
noise,0.2,Student-t nu=3,0,LGBM,0.2023793704391985,0.9143955282393559,0.9212422032916183
noise,0.2,Student-t nu=3,0,Ridge,0.2023793704391985,0.8945177967560667,0.8973697977890748
noise,0.2,Student-t nu=3,1,RF,0.18945104884775943,0.9224659400318947,0.9194864335571435
noise,0.2,Student-t nu=3,1,LGBM,0.18945104884775943,0.9191463745235179,0.9212422032916183
noise,0.2,Student-t nu=3,1,Ridge,0.18945104884775943,0.8995483602635146,0.8973697977890748
noise,0.2,Student-t nu=3,2,RF,0.19588696852030058,0.9144519911938273,0.9194864335571435
noise,0.2,Student-t nu=3,2,LGBM,0.19588696852030058,0.9123202412360284,0.9212422032916183
noise,0.2,Student-t nu=3,2,Ridge,0.19588696852030058,0.8964431941227645,0.8973697977890748
noise,0.2,Grouped,0,RF,0.19763610701334475,0.9140225413002547,0.9194864335571435
noise,0.2,Grouped,0,LGBM,0.19763610701334475,0.9149473511588645,0.9212422032916183
noise,0.2,Grouped,0,Ridge,0.19763610701334475,0.8948139726055586,0.8973697977890748
noise,0.2,Grouped,1,RF,0.19563159906617716,0.9169643588667646,0.9194864335571435
noise,0.2,Grouped,1,LGBM,0.19563159906617716,0.9156457638460401,0.9212422032916183
noise,0.2,Grouped,1,Ridge,0.19563159906617716,0.8941178665069549,0.8973697977890748
noise,0.2,Grouped,2,RF,0.1944643684679842,0.9152745825849641,0.9194864335571435
noise,0.2,Grouped,2,LGBM,0.1944643684679842,0.9025858829786253,0.9212422032916183
noise,0.2,Grouped,2,Ridge,0.1944643684679842,0.8914573260397123,0.8973697977890748
noise,0.2,Outlier p=0.05,0,RF,0.20191929310571616,0.9170924146385317,0.9194864335571435
noise,0.2,Outlier p=0.05,0,LGBM,0.20191929310571616,0.91179966405008,0.9212422032916183
noise,0.2,Outlier p=0.05,0,Ridge,0.20191929310571616,0.8967908882496699,0.8973697977890748
noise,0.2,Outlier p=0.05,1,RF,0.20450935704833215,0.9195312672028119,0.9194864335571435
noise,0.2,Outlier p=0.05,1,LGBM,0.20450935704833215,0.916227892638494,0.9212422032916183
noise,0.2,Outlier p=0.05,1,Ridge,0.20450935704833215,0.9014843557835286,0.8973697977890748
noise,0.2,Outlier p=0.05,2,RF,0.1989668116043046,0.9172155902700558,0.9194864335571435
noise,0.2,Outlier p=0.05,2,LGBM,0.1989668116043046,0.9141197194803392,0.9212422032916183
noise,0.2,Outlier p=0.05,2,Ridge,0.1989668116043046,0.8969299813857948,0.8973697977890748
noise,0.3,Gaussian,0,RF,0.2983223150101771,0.9139112185112143,0.9194864335571435
noise,0.3,Gaussian,0,LGBM,0.2983223150101771,0.9019763849465542,0.9212422032916183
noise,0.3,Gaussian,0,Ridge,0.2983223150101771,0.8902524568399054,0.8973697977890748
noise,0.3,Gaussian,1,RF,0.2974691244269981,0.9125214550777841,0.9194864335571435
noise,0.3,Gaussian,1,LGBM,0.2974691244269981,0.9040771262223712,0.9212422032916183
noise,0.3,Gaussian,1,Ridge,0.2974691244269981,0.8966991838421176,0.8973697977890748
noise,0.3,Gaussian,2,RF,0.2938079722074727,0.9078180247448167,0.9194864335571435
noise,0.3,Gaussian,2,LGBM,0.2938079722074727,0.8982125752089805,0.9212422032916183
noise,0.3,Gaussian,2,Ridge,0.2938079722074727,0.9005162973881137,0.8973697977890748
noise,0.3,Student-t nu=3,0,RF,0.30356905565879766,0.9069671077884416,0.9194864335571435
noise,0.3,Student-t nu=3,0,LGBM,0.30356905565879766,0.8969714703908737,0.9212422032916183
noise,0.3,Student-t nu=3,0,Ridge,0.30356905565879766,0.8910986819252791,0.8973697977890748
noise,0.3,Student-t nu=3,1,RF,0.2841765732716391,0.9160620584059015,0.9194864335571435
noise,0.3,Student-t nu=3,1,LGBM,0.2841765732716391,0.9130790520093175,0.9212422032916183
noise,0.3,Student-t nu=3,1,Ridge,0.2841765732716391,0.8984087517707324,0.8973697977890748
noise,0.3,Student-t nu=3,2,RF,0.29383045278045083,0.911666946750961,0.9194864335571435
noise,0.3,Student-t nu=3,2,LGBM,0.29383045278045083,0.8982470218944304,0.9212422032916183
noise,0.3,Student-t nu=3,2,Ridge,0.29383045278045083,0.8948965535317488,0.8973697977890748
noise,0.3,Grouped,0,RF,0.29645416052001705,0.9062128445818508,0.9194864335571435
noise,0.3,Grouped,0,LGBM,0.29645416052001705,0.8964607138623553,0.9212422032916183
noise,0.3,Grouped,0,Ridge,0.29645416052001705,0.8911845903029365,0.8973697977890748
noise,0.3,Grouped,1,RF,0.29344739859926566,0.9102686165714682,0.9194864335571435
noise,0.3,Grouped,1,LGBM,0.29344739859926566,0.8994211404003403,0.9212422032916183
noise,0.3,Grouped,1,Ridge,0.29344739859926566,0.8905761730074863,0.8973697977890748
noise,0.3,Grouped,2,RF,0.29169655270197625,0.9054071199068636,0.9194864335571435
noise,0.3,Grouped,2,LGBM,0.29169655270197625,0.8867476003876301,0.9212422032916183
noise,0.3,Grouped,2,Ridge,0.29169655270197625,0.8855323878295829,0.8973697977890748
noise,0.3,Outlier p=0.05,0,RF,0.30287893965857415,0.913923290898139,0.9194864335571435
noise,0.3,Outlier p=0.05,0,LGBM,0.30287893965857415,0.9059140558581269,0.9212422032916183
noise,0.3,Outlier p=0.05,0,Ridge,0.30287893965857415,0.89468411157765,0.8973697977890748
noise,0.3,Outlier p=0.05,1,RF,0.3067640355724982,0.9176100017555224,0.9194864335571435
noise,0.3,Outlier p=0.05,1,LGBM,0.3067640355724982,0.9004279813778359,0.9212422032916183
noise,0.3,Outlier p=0.05,1,Ridge,0.3067640355724982,0.8999487603841032,0.8973697977890748
noise,0.3,Outlier p=0.05,2,RF,0.29845021740645683,0.9100113604008233,0.9194864335571435
noise,0.3,Outlier p=0.05,2,LGBM,0.29845021740645683,0.9073297845011754,0.9212422032916183
noise,0.3,Outlier p=0.05,2,Ridge,0.29845021740645683,0.8945508043168869,0.8973697977890748
noise,0.5,Gaussian,0,RF,0.49720385835029524,0.9018164312337407,0.9194864335571435
noise,0.5,Gaussian,0,LGBM,0.49720385835029524,0.8681480015026449,0.9212422032916183
noise,0.5,Gaussian,0,Ridge,0.49720385835029524,0.8810409529120358,0.8973697977890748
noise,0.5,Gaussian,1,RF,0.4957818740449968,0.8925363524955207,0.9194864335571435
noise,0.5,Gaussian,1,LGBM,0.4957818740449968,0.8676099618399633,0.9212422032916183
noise,0.5,Gaussian,1,Ridge,0.4957818740449968,0.8889377178400427,0.8973697977890748
noise,0.5,Gaussian,2,RF,0.48967995367912115,0.886470831844199,0.9194864335571435
noise,0.5,Gaussian,2,LGBM,0.48967995367912115,0.8721799556822507,0.9212422032916183
noise,0.5,Gaussian,2,Ridge,0.48967995367912115,0.8955302419897736,0.8973697977890748
noise,0.5,Student-t nu=3,0,RF,0.5059484260979962,0.874855509858323,0.9194864335571435
noise,0.5,Student-t nu=3,0,LGBM,0.5059484260979962,0.8590280352538243,0.9212422032916183
noise,0.5,Student-t nu=3,0,Ridge,0.5059484260979962,0.8802742236350883,0.8973697977890748
noise,0.5,Student-t nu=3,1,RF,0.47362762211939846,0.908133606188064,0.9194864335571435
noise,0.5,Student-t nu=3,1,LGBM,0.47362762211939846,0.8911756332553186,0.9212422032916183
noise,0.5,Student-t nu=3,1,Ridge,0.47362762211939846,0.8916717553251655,0.8973697977890748
noise,0.5,Student-t nu=3,2,RF,0.4897174213007514,0.8990533688187172,0.9194864335571435
noise,0.5,Student-t nu=3,2,LGBM,0.4897174213007514,0.8810753565290145,0.9212422032916183
noise,0.5,Student-t nu=3,2,Ridge,0.4897174213007514,0.8896365948339929,0.8973697977890748
noise,0.5,Grouped,0,RF,0.49409026753336177,0.8772279168201907,0.9194864335571435
noise,0.5,Grouped,0,LGBM,0.49409026753336177,0.8587754607497473,0.9212422032916183
noise,0.5,Grouped,0,Ridge,0.49409026753336177,0.8792228862759852,0.8973697977890748
noise,0.5,Grouped,1,RF,0.4890789976654428,0.8882677902189062,0.9194864335571435
noise,0.5,Grouped,1,LGBM,0.4890789976654428,0.8507368933178201,0.9212422032916183
noise,0.5,Grouped,1,Ridge,0.4890789976654428,0.8796613302917914,0.8973697977890748
noise,0.5,Grouped,2,RF,0.4861609211699605,0.8828118350445081,0.9194864335571435
noise,0.5,Grouped,2,LGBM,0.4861609211699605,0.8501658893744668,0.9212422032916183
noise,0.5,Grouped,2,Ridge,0.4861609211699605,0.8677451067384279,0.8973697977890748
noise,0.5,Outlier p=0.05,0,RF,0.5047982327642904,0.8926852565029267,0.9194864335571435
noise,0.5,Outlier p=0.05,0,LGBM,0.5047982327642904,0.8718450734653211,0.9212422032916183
noise,0.5,Outlier p=0.05,0,Ridge,0.5047982327642904,0.8868359144289729,0.8973697977890748
noise,0.5,Outlier p=0.05,1,RF,0.5112733926208304,0.8989715813800749,0.9194864335571435
noise,0.5,Outlier p=0.05,1,LGBM,0.5112733926208304,0.8764509273522443,0.9212422032916183
noise,0.5,Outlier p=0.05,1,Ridge,0.5112733926208304,0.8896918207919816,0.8973697977890748
noise,0.5,Outlier p=0.05,2,RF,0.49741702901076146,0.8921600972249831,0.9194864335571435
noise,0.5,Outlier p=0.05,2,LGBM,0.49741702901076146,0.8789910682536923,0.9212422032916183
noise,0.5,Outlier p=0.05,2,Ridge,0.49741702901076146,0.8854739124445357,0.8973697977890748
noise,0.75,Gaussian,0,RF,0.7458057875254427,0.879194410012788,0.9194864335571435
noise,0.75,Gaussian,0,LGBM,0.7458057875254427,0.8088504502998832,0.9212422032916183
noise,0.75,Gaussian,0,Ridge,0.7458057875254427,0.8645016367952019,0.8973697977890748
noise,0.75,Gaussian,1,RF,0.7436728110674952,0.8661606947355525,0.9194864335571435
noise,0.75,Gaussian,1,LGBM,0.7436728110674952,0.8194833782257991,0.9212422032916183
noise,0.75,Gaussian,1,Ridge,0.7436728110674952,0.871007196545323,0.8973697977890748
noise,0.75,Gaussian,2,RF,0.7345199305186818,0.8609737813541671,0.9194864335571435
noise,0.75,Gaussian,2,LGBM,0.7345199305186818,0.8220756876540322,0.9212422032916183
noise,0.75,Gaussian,2,Ridge,0.7345199305186818,0.8813284857194364,0.8973697977890748
noise,0.75,Student-t nu=3,0,RF,0.7589226391469942,0.831961493831357,0.9194864335571435
noise,0.75,Student-t nu=3,0,LGBM,0.7589226391469942,0.77890141663109,0.9212422032916183
noise,0.75,Student-t nu=3,0,Ridge,0.7589226391469942,0.859269472093736,0.8973697977890748
noise,0.75,Student-t nu=3,1,RF,0.7104414331790978,0.8897005406046667,0.9194864335571435
noise,0.75,Student-t nu=3,1,LGBM,0.7104414331790978,0.8424986243103509,0.9212422032916183
noise,0.75,Student-t nu=3,1,Ridge,0.7104414331790978,0.8748921732806971,0.8973697977890748
noise,0.75,Student-t nu=3,2,RF,0.7345761319511271,0.8699903809420607,0.9194864335571435
noise,0.75,Student-t nu=3,2,LGBM,0.7345761319511271,0.8160082363533042,0.9212422032916183
noise,0.75,Student-t nu=3,2,Ridge,0.7345761319511271,0.8789991261198135,0.8973697977890748
noise,0.75,Grouped,0,RF,0.7411354013000425,0.8410236944746035,0.9194864335571435
noise,0.75,Grouped,0,LGBM,0.7411354013000425,0.7906175053574691,0.9212422032916183
noise,0.75,Grouped,0,Ridge,0.7411354013000425,0.8554527448265963,0.8973697977890748
noise,0.75,Grouped,1,RF,0.7336184964981642,0.8490230212866853,0.9194864335571435
noise,0.75,Grouped,1,LGBM,0.7336184964981642,0.7754840083196579,0.9212422032916183
noise,0.75,Grouped,1,Ridge,0.7336184964981642,0.8588337974282019,0.8973697977890748
noise,0.75,Grouped,2,RF,0.7292413817549406,0.8524283420413347,0.9194864335571435
noise,0.75,Grouped,2,LGBM,0.7292413817549406,0.7969393499281217,0.9212422032916183
noise,0.75,Grouped,2,Ridge,0.7292413817549406,0.8343783716165605,0.8973697977890748
noise,0.75,Outlier p=0.05,0,RF,0.7571973491464354,0.868894010155195,0.9194864335571435
noise,0.75,Outlier p=0.05,0,LGBM,0.7571973491464354,0.8229968204727403,0.9212422032916183
noise,0.75,Outlier p=0.05,0,Ridge,0.7571973491464354,0.8702107108594203,0.8973697977890748
noise,0.75,Outlier p=0.05,1,RF,0.7669100889312453,0.8691489305000581,0.9194864335571435
noise,0.75,Outlier p=0.05,1,LGBM,0.7669100889312453,0.8208111976203619,0.9212422032916183
noise,0.75,Outlier p=0.05,1,Ridge,0.7669100889312453,0.8633973673144386,0.8973697977890748
noise,0.75,Outlier p=0.05,2,RF,0.746125543516142,0.8759454226765595,0.9194864335571435
noise,0.75,Outlier p=0.05,2,LGBM,0.746125543516142,0.8315544124815324,0.9212422032916183
noise,0.75,Outlier p=0.05,2,Ridge,0.746125543516142,0.8660305393518445,0.8973697977890748
noise,1.0,Gaussian,0,RF,0.9944077167005905,0.8486674925519775,0.9194864335571435
noise,1.0,Gaussian,0,LGBM,0.9944077167005905,0.746801911029041,0.9212422032916183
noise,1.0,Gaussian,0,Ridge,0.9944077167005905,0.8423790582261671,0.8973697977890748
noise,1.0,Gaussian,1,RF,0.9915637480899936,0.8306908849567847,0.9194864335571435
noise,1.0,Gaussian,1,LGBM,0.9915637480899936,0.7238898435018415,0.9212422032916183
noise,1.0,Gaussian,1,Ridge,0.9915637480899936,0.8439336877038073,0.8973697977890748
noise,1.0,Gaussian,2,RF,0.9793599073582423,0.824622042281705,0.9194864335571435
noise,1.0,Gaussian,2,LGBM,0.9793599073582423,0.7410203121752993,0.9212422032916183
noise,1.0,Gaussian,2,Ridge,0.9793599073582423,0.8582720772020032,0.8973697977890748
noise,1.0,Student-t nu=3,0,RF,1.0118968521959923,0.7806001812491621,0.9194864335571435
noise,1.0,Student-t nu=3,0,LGBM,1.0118968521959923,0.7076858418259281,0.9212422032916183
noise,1.0,Student-t nu=3,0,Ridge,1.0118968521959923,0.8299600775761783,0.8973697977890748
noise,1.0,Student-t nu=3,1,RF,0.9472552442387969,0.8751550838294916,0.9194864335571435
noise,1.0,Student-t nu=3,1,LGBM,0.9472552442387969,0.7807061316937023,0.9212422032916183
noise,1.0,Student-t nu=3,1,Ridge,0.9472552442387969,0.848825550694567,0.8973697977890748
noise,1.0,Student-t nu=3,2,RF,0.9794348426015028,0.8362704146657811,0.9194864335571435
noise,1.0,Student-t nu=3,2,LGBM,0.9794348426015028,0.7380060852665489,0.9212422032916183
noise,1.0,Student-t nu=3,2,Ridge,0.9794348426015028,0.8638477459145398,0.8973697977890748
noise,1.0,Grouped,0,RF,0.9881805350667235,0.7849462110824613,0.9194864335571435
noise,1.0,Grouped,0,LGBM,0.9881805350667235,0.6900243679841445,0.9212422032916183
noise,1.0,Grouped,0,Ridge,0.9881805350667235,0.8218848129153038,0.8973697977890748
noise,1.0,Grouped,1,RF,0.9781579953308857,0.8035350567272642,0.9194864335571435
noise,1.0,Grouped,1,LGBM,0.9781579953308857,0.6533460195731048,0.9212422032916183
noise,1.0,Grouped,1,Ridge,0.9781579953308857,0.8300240651546265,0.8973697977890748
noise,1.0,Grouped,2,RF,0.972321842339921,0.8131725463730499,0.9194864335571435
noise,1.0,Grouped,2,LGBM,0.972321842339921,0.714052154386055,0.9212422032916183
noise,1.0,Grouped,2,Ridge,0.972321842339921,0.7886420434303345,0.8973697977890748
noise,1.0,Outlier p=0.05,0,RF,1.0095964655285807,0.8372826919110374,0.9194864335571435
noise,1.0,Outlier p=0.05,0,LGBM,1.0095964655285807,0.7432202896015252,0.9212422032916183
noise,1.0,Outlier p=0.05,0,Ridge,1.0095964655285807,0.8460133326968841,0.8973697977890748
noise,1.0,Outlier p=0.05,1,RF,1.0225467852416608,0.8232090033942993,0.9194864335571435
noise,1.0,Outlier p=0.05,1,LGBM,1.0225467852416608,0.7314442956294712,0.9212422032916183
noise,1.0,Outlier p=0.05,1,Ridge,1.0225467852416608,0.8221326038509085,0.8973697977890748
noise,1.0,Outlier p=0.05,2,RF,0.9948340580215229,0.8434585509773368,0.9194864335571435
noise,1.0,Outlier p=0.05,2,LGBM,0.9948340580215229,0.7539889277952232,0.9212422032916183
noise,1.0,Outlier p=0.05,2,Ridge,0.9948340580215229,0.8375902126455398,0.8973697977890748
noise,1.5,Gaussian,0,RF,1.4916115750508854,0.7732151362184165,0.9194864335571435
noise,1.5,Gaussian,0,LGBM,1.4916115750508854,0.5393709184680359,0.9212422032916183
noise,1.5,Gaussian,0,Ridge,1.4916115750508854,0.781384113731503,0.8973697977890748
noise,1.5,Gaussian,1,RF,1.4873456221349903,0.7484156376629941,0.9194864335571435
noise,1.5,Gaussian,1,LGBM,1.4873456221349903,0.5164417012650353,0.9212422032916183
noise,1.5,Gaussian,1,Ridge,1.4873456221349903,0.7623577073803849,0.8973697977890748
noise,1.5,Gaussian,2,RF,1.4690398610373636,0.7666286677600203,0.9194864335571435
noise,1.5,Gaussian,2,LGBM,1.4690398610373636,0.5452383164176876,0.9212422032916183
noise,1.5,Gaussian,2,Ridge,1.4690398610373636,0.7855953034257541,0.8973697977890748
noise,1.5,Student-t nu=3,0,RF,1.5178452782939884,0.6242730000311747,0.9194864335571435
noise,1.5,Student-t nu=3,0,LGBM,1.5178452782939884,0.3825083027215255,0.9212422032916183
noise,1.5,Student-t nu=3,0,Ridge,1.5178452782939884,0.7464273596123375,0.8973697977890748
noise,1.5,Student-t nu=3,1,RF,1.4208828663581956,0.7967770081004297,0.9194864335571435
noise,1.5,Student-t nu=3,1,LGBM,1.4208828663581956,0.5845988132078748,0.9212422032916183
noise,1.5,Student-t nu=3,1,Ridge,1.4208828663581956,0.7688311838972564,0.8973697977890748
noise,1.5,Student-t nu=3,2,RF,1.4691522639022543,0.7536464931950898,0.9194864335571435
noise,1.5,Student-t nu=3,2,LGBM,1.4691522639022543,0.5160841814097341,0.9212422032916183
noise,1.5,Student-t nu=3,2,Ridge,1.4691522639022543,0.8200032510307449,0.8973697977890748
noise,1.5,Grouped,0,RF,1.482270802600085,0.6341208297746896,0.9194864335571435
noise,1.5,Grouped,0,LGBM,1.482270802600085,0.38047563862109923,0.9212422032916183
noise,1.5,Grouped,0,Ridge,1.482270802600085,0.725355577707004,0.8973697977890748
noise,1.5,Grouped,1,RF,1.4672369929963285,0.679485080793334,0.9194864335571435
noise,1.5,Grouped,1,LGBM,1.4672369929963285,0.32571797904235944,0.9212422032916183
noise,1.5,Grouped,1,Ridge,1.4672369929963285,0.7484580023776428,0.8973697977890748
noise,1.5,Grouped,2,RF,1.4584827635098812,0.7287937337058106,0.9194864335571435
noise,1.5,Grouped,2,LGBM,1.4584827635098812,0.4294542391709717,0.9212422032916183
noise,1.5,Grouped,2,Ridge,1.4584827635098812,0.660060607864799,0.8973697977890748
noise,1.5,Outlier p=0.05,0,RF,1.5143946982928709,0.7647274001073016,0.9194864335571435
noise,1.5,Outlier p=0.05,0,LGBM,1.5143946982928709,0.545472508767862,0.9212422032916183
noise,1.5,Outlier p=0.05,0,Ridge,1.5143946982928709,0.7749020525928176,0.8973697977890748
noise,1.5,Outlier p=0.05,1,RF,1.5338201778624907,0.7324617095351375,0.9194864335571435
noise,1.5,Outlier p=0.05,1,LGBM,1.5338201778624907,0.5034516192760539,0.9212422032916183
noise,1.5,Outlier p=0.05,1,Ridge,1.5338201778624907,0.6946921469658333,0.8973697977890748
noise,1.5,Outlier p=0.05,2,RF,1.492251087032284,0.7675226318299192,0.9194864335571435
noise,1.5,Outlier p=0.05,2,LGBM,1.492251087032284,0.5128075814788852,0.9212422032916183
noise,1.5,Outlier p=0.05,2,Ridge,1.492251087032284,0.7537186983921085,0.8973697977890748
censor,0.05,Censoring,0,RF,0.17079699397367146,0.9198288102145955,0.9194864335571435
censor,0.05,Censoring,0,LGBM,0.17079699397367146,0.9207897187799439,0.9212422032916183
censor,0.05,Censoring,0,Ridge,0.17079699397367146,0.8991223298059122,0.8973697977890748
censor,0.1,Censoring,0,RF,0.20112208477231933,0.9146318158139923,0.9194864335571435
censor,0.1,Censoring,0,LGBM,0.20112208477231933,0.917038513420654,0.9212422032916183
censor,0.1,Censoring,0,Ridge,0.20112208477231933,0.8930045786203714,0.8973697977890748
censor,0.15,Censoring,0,RF,0.23843977606851782,0.9040592141250131,0.9194864335571435
censor,0.15,Censoring,0,LGBM,0.23843977606851782,0.9068961063358253,0.9212422032916183
censor,0.15,Censoring,0,Ridge,0.23843977606851782,0.881831499562472,0.8973697977890748
censor,0.2,Censoring,0,RF,0.2916334127563374,0.8835902363940518,0.9194864335571435
censor,0.2,Censoring,0,LGBM,0.2916334127563374,0.883658676649483,0.9212422032916183
censor,0.2,Censoring,0,Ridge,0.2916334127563374,0.8607303575624685,0.8973697977890748
censor,0.25,Censoring,0,RF,0.357612960186925,0.8455347108236406,0.9194864335571435
censor,0.25,Censoring,0,LGBM,0.357612960186925,0.845391623114595,0.9212422032916183
censor,0.25,Censoring,0,Ridge,0.357612960186925,0.8249788817804485,0.8973697977890748
censor,0.3,Censoring,0,RF,0.44297090848646786,0.7736236405392892,0.9194864335571435
censor,0.3,Censoring,0,LGBM,0.44297090848646786,0.7761341751695108,0.9212422032916183
censor,0.3,Censoring,0,Ridge,0.44297090848646786,0.7613618236245072,0.8973697977890748
censor,0.35,Censoring,0,RF,0.5292018906905723,0.6775126332902315,0.9194864335571435
censor,0.35,Censoring,0,LGBM,0.5292018906905723,0.6768061904155531,0.9212422032916183
censor,0.35,Censoring,0,Ridge,0.5292018906905723,0.6771189810421456,0.8973697977890748
censor,0.4,Censoring,0,RF,0.5949192975665475,0.5924749998064903,0.9194864335571435
censor,0.4,Censoring,0,LGBM,0.5949192975665475,0.5940961765114394,0.9212422032916183
censor,0.4,Censoring,0,Ridge,0.5949192975665475,0.5987528440119446,0.8973697977890748
censor,0.5,Censoring,0,RF,0.7417660287623664,0.3589592477027531,0.9194864335571435
censor,0.5,Censoring,0,LGBM,0.7417660287623664,0.35991468562908346,0.9212422032916183
censor,0.5,Censoring,0,Ridge,0.7417660287623664,0.38060991708273695,0.8973697977890748
